0,1.4794,1
0.70001,1.5241,1
1.4,1.6847,1
2.1,1.2839,1
2.8,1.5745,1
3.5,1.5303,1
4.2,1.6723,1
4.9001,1.4888,1
5.6,1.575,1
7.7001,1.7139,1
8.4001,1.6797,1
9.1,1.7484,1
9.8001,1.5723,1
10.5,1.7563,1
11.9,1.6787,1
12.6,1.6599,1
13.3,1.2908,1
14,1.5718,1
14,-20.81,2
14.7,1.7274,1
15.4,1.5815,1
16.1,1.5832,1
16.8,1.5512,1
17.5,1.826,1
21,-0.77802,2
21.7,1.6241,1
22.4,1.6305,1
23.1,1.4541,1
23.8,1.5011,1
24.5,1.6105,1
25.9,1.5863,1
26.6,1.554,1
27.3,1.3475,1
28,1.4681,1
28.7,1.6189,1
29.4,1.3242,1
30.1,1.6482,1
30.8,1.5162,1
31.5,1.4547,1
32.2,1.6941,1
32.9,1.5744,1
33.6,1.5623,1
35,1.3448,1
35.7,1.7112,1
36.4,1.6478,1
37.1,12.567,1
37.8,1.4648,1
38.5,1.8087,1
39.2,-0.68165,2
39.2,1.5956,1
39.9,1.5198,1
40.6,1.7356,1
41.3,1.5991,1
42,1.7319,1
42.7,1.5708,1
42.7,-11.54,2
43.4,1.5787,1
44.1,1.4748,1
44.8,1.383,1
45.5,1.3176,1
46.2,-1.8805,2
46.2,1.4977,1
46.9,1.634,1
47.6,1.57,1
48.3,1.6975,1
49,1.6334,1
50.4,1.5305,1
51.1,1.5893,1
51.1,-7.5068,2
51.8,1.4084,1
52.5,1.5201,1
53.9,1.5437,1
54.6,1.5301,1
55.3,1.6182,1
55.3,-3.5568,2
56.7,1.5649,1
57.4,1.3874,1
58.1,1.3997,1
59.5,1.5093,1
60.2,1.5023,1
60.9,1.6414,1
61.6,1.4902,1
62.3,1.5567,1
63,1.4721,1
64.4,1.4882,1
65.1,1.6006,1
65.8,1.5416,1
66.5,1.6233,1
67.2,1.4813,1
67.9,-0.7154,2
68.6,1.4902,1
69.3,1.5775,1
70,1.5705,1
71.4,0.9915,2
72.1,1.5076,1
72.8,1.4867,1
72.8,-22.378,2
73.5,1.6198,1
74.2,1.4674,1
74.9,1.6345,1
75.6,1.454,1
76.3,1.4262,1
77,1.5392,1
77.7,1.4913,1
78.4,1.5714,1
79.1,1.513,1
79.8,1.5269,1
80.5,1.2215,1
81.2,1.558,1
81.9,1.5927,1
82.6,1.5944,1
83.3,1.4657,1
84,1.3684,1
84.7,1.5605,1
85.4,1.4624,1
86.1,1.6008,1
87.5,1.5739,1
88.2,1.6632,1
88.9,1.5784,1
89.6,1.5766,1
90.3,1.5237,1
91,1.4731,1
91.7,1.5857,1
92.4,0.89728,2
93.1,1.5112,1
93.8,1.5367,1
94.5,1.5808,1
95.2,1.5997,1
95.9,1.668,1
96.6,1.5486,1
97.3,1.5473,1
98,1.6532,1
98.7,1.6489,1
99.4,1.4771,1
100.1,1.7138,1
100.8,-12.437,2
101.5,1.5481,1
102.2,1.6076,1
102.9,1.6586,1
103.6,1.5961,1
103.6,0.98508,2
104.3,1.5198,1
105,1.6705,1
105.7,1.6981,1
107.1,1.3979,1
107.8,-13.787,2
107.8,1.601,1
109.2,1.5792,1
109.9,1.7634,1
110.6,1.4218,1
110.6,-0.97178,2
111.3,1.3256,1
112.7,1.579,1
113.4,1.5689,1
114.1,1.4712,1
114.8,1.4479,1
115.5,1.5301,1
116.2,1.6574,1
116.9,1.5755,1
117.6,1.6894,1
118.3,1.5695,1
119,1.6029,1
119.7,1.5832,1
120.4,1.568,1
121.1,1.4046,1
121.8,1.5861,1
122.5,1.4067,1
123.2,1.6122,1
123.9,1.6069,1
124.6,1.5695,1
125.3,1.5124,1
126,1.5646,1
127.4,1.465,1
128.1,1.6349,1
128.8,1.6034,1
129.5,1.6911,1
130.2,1.3881,1
130.9,1.5485,1
131.6,1.5686,1
132.3,1.5518,1
133,1.5978,1
133.7,-11.513,2
133.7,1.7862,1
134.4,1.6365,1
135.1,1.4645,1
135.8,1.4411,1
136.5,1.6731,1
137.2,1.6578,1
137.9,1.3792,1
138.6,1.4683,1
140,1.6158,1
140.7,1.501,1
142.1,1.3347,1
144.2,1.5574,1
144.9,1.5553,1
145.6,1.4763,1
146.3,1.5116,1
147,1.6178,1
147.7,1.5381,1
148.4,1.3481,1
149.1,1.2453,1
149.8,1.4736,1
150.5,1.5423,1
151.2,1.6587,1
151.9,1.559,1
152.6,1.5583,1
153.3,1.6171,1
154,1.5138,1
154.7,1.5913,1
156.1,1.1983,1
156.8,0.8609,2
157.5,-9.3594,2
157.5,1.6155,1
158.2,1.5546,1
158.9,1.5181,1
159.6,1.4835,1
160.3,1.5145,1
161,1.6054,1
161.7,1.5605,1
162.4,1.437,1
163.1,1.3792,1
163.8,1.3889,1
164.5,1.5108,1
166.6,1.5227,1
168,1.4486,1
168,0.42192,2
168.7,1.4456,1
170.1,1.2216,1
170.8,1.4359,1
171.5,1.5435,1
172.2,1.4718,1
172.2,0.11012,2
172.9,1.4273,1
173.6,1.4217,1
174.3,1.4473,1
175,1.423,1
175.7,1.5172,1
176.4,1.4844,1
177.1,1.6288,1
177.8,1.5163,1
179.2,1.7545,1
179.9,1.519,1
180.6,-17.769,2
180.6,1.7256,1
181.3,1.5995,1
183.4,1.6045,1
184.1,1.5973,1
184.8,1.7813,1
186.2,1.5883,1
186.9,1.4092,1
187.6,1.5934,1
188.3,1.6397,1
189,1.6005,1
190.4,1.5182,1
191.1,1.6513,1
191.8,1.6305,1
192.5,1.689,1
193.2,1.5684,1
193.9,1.4555,1
194.6,1.5728,1
195.3,1.6133,1
196,1.4302,1
196.7,1.4775,1
197.4,1.7079,1
198.1,1.5942,1
198.8,1.6715,1
199.5,1.4068,1
200.9,1.5333,1
201.6,1.6378,1
201.6,-22.433,2
202.3,1.6407,1
203,1.6754,1
203.7,1.6091,1
204.4,1.6118,1
205.1,1.6813,1
205.8,1.5507,1
207.2,1.6685,1
207.9,1.6525,1
209.3,1.6454,1
210,1.6217,1
210,-15.053,2
210.7,1.6226,1
211.4,1.5777,1
212.1,1.1988,1
212.8,1.1827,1
213.5,1.6708,1
214.2,1.7417,1
214.9,1.59,1
216.3,1.5427,1
217,1.668,1
218.4,1.5892,1
218.4,0.78334,2
219.1,1.5991,1
219.8,1.6981,1
220.5,1.6473,1
221.2,1.6853,1
222.6,1.6545,1
223.3,1.5032,1
224,1.6388,1
224.7,1.5927,1
225.4,1.6909,1
226.1,1.6338,1
226.8,1.5697,1
227.5,1.6297,1
228.2,1.655,1
228.9,1.5289,1
229.6,1.5515,1
230.3,1.5327,1
231,1.7606,1
231.7,1.5962,1
232.4,1.6803,1
233.1,1.6718,1
233.8,1.6326,1
234.5,1.4306,1
235.9,1.704,1
236.6,1.4459,1
237.3,1.7115,1
237.3,-3.1614,2
238,1.5843,1
238.7,1.5635,1
239.4,1.6029,1
240.1,1.3298,1
240.8,1.638,1
241.5,1.5812,1
242.2,1.6241,1
242.9,1.748,1
243.6,1.7855,1
244.3,-1.0914,2
244.3,1.6135,1
245,1.6319,1
245,-3.8058,2
245.7,1.5324,1
246.4,1.6239,1
247.1,1.5861,1
247.8,1.6856,1
249.2,1.5782,1
249.9,1.6173,1
250.6,1.6349,1
251.3,1.6441,1
252,1.6652,1
252.7,1.5886,1
253.4,1.4059,1
254.1,1.5554,1
254.8,1.8435,1
255.5,1.6276,1
256.2,1.4671,1
256.9,1.5366,1
257.6,1.4888,1
258.3,1.4188,1
259,1.6409,1
259.7,1.5344,1
260.4,1.5776,1
261.1,1.377,1
261.8,1.4719,1
262.5,1.5025,1
263.2,1.4545,1
263.9,1.3456,1
264.6,1.4313,1
265.3,1.4355,1
266.7,1.5733,1
267.4,1.4659,1
268.1,1.3149,1
268.8,1.4213,1
268.8,-13.295,2
269.5,1.6658,1
270.2,1.5663,1
270.9,0.87337,2
271.6,1.129,1
272.3,1.6418,1
273,1.6607,1
273,0.97322,1
273.7,1.5246,1
275.1,1.4394,1
275.8,1.3747,1
276.5,1.4328,1
277.2,1.3577,1
277.9,1.5409,1
278.6,-0.9752,2
278.6,1.5696,1
279.3,1.3799,1
280.7,1.3324,1
281.4,1.4638,1
282.1,1.1991,1
282.8,1.4133,1
283.5,1.4875,1
284.2,1.4852,1
284.9,1.4953,1
285.6,1.5232,1
286.3,1.6568,1
287,1.6432,1
288.4,1.5443,1
289.8,1.697,1
290.5,1.5836,1
291.2,1.4885,1
292.6,1.418,1
293.3,1.5447,1
294,1.6439,1
294.7,1.5719,1
294.7,-22.367,2
295.4,1.7508,1
296.1,1.5365,1
297.5,1.7077,1
298.2,1.68,1
298.9,0.73094,2
298.9,1.5237,1
299.6,1.5504,1
301,1.6963,1
301.7,1.5494,1
302.4,1.5961,1
303.1,1.4795,1
303.8,1.5236,1
304.5,1.5275,1
305.2,1.604,1
305.9,1.5209,1
306.6,1.5255,1
307.3,1.2873,1
308,1.6793,1
308.7,1.6476,1
309.4,1.6412,1
310.1,1.6309,1
310.8,1.6807,1
311.5,1.5333,1
312.2,1.5416,1
312.9,1.498,1
313.6,1.5951,1
314.3,1.683,1
314.3,0.81121,2
315,1.7448,1
315.7,1.6785,1
316.4,1.5099,1
317.1,1.696,1
317.8,1.4159,1
318.5,1.5968,1
319.2,1.5611,1
319.9,1.6153,1
320.6,1.5693,1
321.3,1.517,1
322,1.5076,1
322.7,1.6766,1
323.4,1.5766,1
324.1,1.7395,1
324.8,1.629,1
325.5,1.7976,1
326.2,1.6209,1
327.6,1.7095,1
328.3,1.6296,1
328.3,0.4652,2
329,1.396,1
329.7,1.5626,1
331.1,1.543,1
331.8,1.5405,1
332.5,1.5616,1
333.2,1.596,1
333.9,1.5505,1
334.6,1.577,1
335.3,1.5178,1
336,1.5788,1
336.7,1.4532,1
337.4,1.5919,1
338.1,1.6179,1
338.8,1.7175,1
339.5,1.6536,1
340.2,1.6712,1
340.9,1.6621,1
341.6,1.6842,1
342.3,1.3205,1
343,1.692,1
344.4,1.5482,1
345.1,1.7114,1
345.8,1.4844,1
346.5,1.6517,1
347.2,1.5966,1
347.9,1.7829,1
348.6,1.6274,1
350,1.7128,1
350.7,1.6775,1
351.4,1.639,1
352.1,1.6422,1
352.8,1.5318,1
353.5,1.6359,1
354.2,1.7657,1
355.6,1.3476,1
356.3,1.5331,1
357,1.6437,1
357.7,1.5819,1
358.4,1.2432,1
359.1,1.6251,1
360.5,1.45,1
361.2,1.4587,1
361.9,1.4611,1
362.6,1.7652,1
363.3,1.5546,1
364,1.493,1
364.7,1.3199,1
365.4,1.516,1
366.1,1.48,1
366.8,1.597,1
367.5,0.51927,2
367.5,1.2688,1
368.2,1.5079,1
368.9,1.6835,1
369.6,1.5111,1
370.3,1.542,1
371,1.3807,1
371.7,1.6115,1
372.4,1.4904,1
373.1,1.5684,1
373.8,1.345,1
374.5,1.6023,1
375.2,1.4925,1
375.9,1.4924,1
376.6,1.4596,1
377.3,1.6819,1
378,1.4123,1
378.7,1.5822,1
379.4,1.5302,1
380.1,1.5412,1
380.8,1.5005,1
381.5,1.6745,1
382.2,1.4768,1
383.6,1.6694,1
384.3,1.5154,1
385,1.641,1
385.7,1.3696,1
386.4,1.431,1
387.1,1.4973,1
387.8,1.6084,1
388.5,1.4494,1
389.2,1.3439,1
390.6,1.4712,1
391.3,1.4797,1
392,1.5199,1
393.4,1.4407,1
394.1,1.6426,1
394.8,1.5317,1
395.5,1.3321,1
396.2,1.443,1
396.9,1.5334,1
397.6,1.3381,1
399,1.5897,1
399.7,1.728,1
400.4,1.6886,1
401.1,1.6462,1
401.8,1.5549,1
401.8,-2.6075,2
403.2,1.7656,1
403.9,-20.402,2
404.6,1.6759,1
406,0.64412,2
406,1.7036,1
406.7,1.7144,1
407.4,1.5314,1
408.1,-6.9383,2
408.1,1.3894,1
408.8,1.6231,1
409.5,1.5731,1
410.2,1.4897,1
410.9,1.6906,1
411.6,1.3642,1
412.3,1.4847,1
413,1.5407,1
413,-2.6362,2
413.7,1.5231,1
414.4,1.6213,1
415.1,1.4986,1
415.8,1.5593,1
417.2,1.7691,1
417.9,1.6946,1
418.6,1.5805,1
419.3,1.5264,1
420,1.6392,1
420.7,1.4671,1
420.7,-12.962,2
421.4,1.515,1
422.1,1.5228,1
422.8,1.4833,1
423.5,1.6562,1
424.2,1.6538,1
424.9,-1.123,2
424.9,1.4818,1
425.6,1.6125,1
426.3,1.7194,1
427,1.4541,1
427,-0.74836,2
427,3.4695,1
427.7,1.3081,1
428.4,1.5226,1
429.1,1.7339,1
430.5,1.2329,1
431.2,1.6445,1
431.9,1.3728,1
431.9,-2.9541,2
432.6,1.4784,1
433.3,1.6627,1
434,1.7831,1
434.7,20.515,1
434.7,1.8216,1
435.4,1.6312,1
436.1,1.6306,1
436.8,1.6163,1
437.5,1.5964,1
438.2,1.6728,1
438.9,1.6516,1
439.6,1.5425,1
440.3,1.6464,1
441,1.6631,1
441.7,1.5746,1
443.8,1.6292,1
444.5,1.5676,1
445.2,1.6679,1
445.9,1.0497,1
445.9,1.5711,1
447.3,1.8049,1
448,1.7095,1
448.7,1.7213,1
449.4,1.5282,1
450.1,1.6967,1
450.8,1.7708,1
451.5,1.8682,1
452.2,1.6729,1
452.9,1.7055,1
453.6,1.645,1
455.7,1.8425,1
456.4,1.7757,1
457.1,1.6714,1
458.5,1.7036,1
459.2,1.6469,1
459.9,1.8187,1
461.3,1.787,1
462,1.756,1
462.7,1.6797,1
463.4,1.8134,1
464.8,-1.16,2
464.8,1.8102,1
465.5,1.6209,1
466.9,1.7383,1
467.6,1.6538,1
468.3,1.7203,1
469,1.7614,1
469.7,1.7717,1
470.4,1.3816,1
470.4,-0.66797,2
471.1,1.3497,1
471.8,1.6626,1
472.5,1.6123,1
473.2,1.5377,1
473.9,1.524,1
474.6,1.5058,1
475.3,1.7071,1
476,1.6133,1
476.7,1.5015,1
477.4,1.8112,1
478.8,1.5945,1
479.5,1.0348,2
479.5,1.5649,1
480.2,1.6968,1
480.2,-6.4244,2
480.9,1.7722,1
482.3,1.6917,1
483,1.75,1
483.7,1.5583,1
484.4,1.6155,1
485.1,1.7205,1
485.8,1.6663,1
486.5,1.6305,1
487.2,1.6835,1
487.9,1.7953,1
488.6,1.7057,1
489.3,1.6161,1
490,1.7831,1
490.7,1.6311,1
491.4,1.6168,1
492.1,1.5286,1
493.5,1.5622,1
494.2,1.5404,1
494.9,1.4784,1
495.6,1.6928,1
497,1.7071,1
498.4,1.5552,1
499.1,1.4633,1
499.8,1.5455,1
500.5,1.6714,1
501.2,1.449,1
501.9,1.5781,1
502.6,1.7784,1
504.7,1.6925,1
505.4,1.5546,1
506.1,1.6484,1
506.8,1.4195,1
507.5,1.5209,1
508.2,1.6133,1
508.9,1.6295,1
509.6,1.5694,1
510.3,1.7243,1
511,1.3986,1
511.7,1.7961,1
512.4,-0.44793,2
512.4,1.3565,1
512.4,-17.243,2
513.1,1.727,1
515.9,1.6306,1
516.6,1.3236,1
517.3,1.6672,1
518,-17.506,2
518,1.4695,1
518.7,1.5894,1
519.4,1.7083,1
520.1,1.6452,1
520.8,1.5978,1
521.5,1.6324,1
522.2,1.5518,1
522.9,1.6078,1
523.6,1.4988,1
524.3,1.0419,1
525,1.6015,1
525.7,1.286,1
526.4,-13.896,2
526.4,1.609,1
527.1,-14.411,2
527.8,1.5492,1
528.5,1.3781,1
529.2,1.4104,1
529.9,1.6001,1
530.6,1.4167,1
531.3,1.5667,1
532,1.4896,1
532.7,1.4304,1
533.4,1.4936,1
534.1,1.4351,1
534.8,1.5331,1
535.5,1.6825,1
536.2,1.5662,1
536.9,1.4472,1
537.6,1.5067,1
538.3,1.6491,1
539,1.5141,1
539.7,1.5942,1
539.7,-13.325,2
540.4,1.6878,1
541.1,-13.031,2
541.1,1.7599,1
541.8,1.5872,1
542.5,1.59,1
543.2,1.6248,1
543.9,1.5683,1
544.6,1.631,1
545.3,1.7737,1
546,1.734,1
546.7,-12.866,2
546.7,1.2209,1
547.4,1.6558,1
548.1,1.6798,1
548.8,1.6299,1
549.5,-13.142,2
549.5,1.6613,1
550.2,1.6358,1
550.9,1.7959,1
551.6,1.7541,1
552.3,1.5585,1
553,1.7202,1
553.7,-18.972,2
553.7,1.6748,1
554.4,1.5097,1
555.1,1.5937,1
555.1,-13.095,2
555.8,1.6173,1
555.8,-13.199,2
556.5,1.6629,1
557.2,1.6637,1
557.9,1.5254,1
558.6,1.4994,1
559.3,1.7413,1
560,1.7211,1
560,-13.201,2
561.4,1.6238,1
562.1,-14.12,2
562.1,1.7298,1
562.8,1.5995,1
563.5,1.6851,1
564.2,1.7204,1
564.9,-13.03,2
565.6,1.5977,1
566.3,1.587,1
567,1.821,1
568.4,1.4885,1
569.1,-13.067,2
569.1,1.75,1
569.8,1.9733,1
570.5,1.6531,1
571.2,-12.487,2
571.9,1.6567,1
572.6,1.5531,1
574,1.6194,1
574.7,1.6821,1
575.4,1.6424,1
575.4,0.91136,2
576.1,-13.445,2
576.1,1.6723,1
576.8,1.6634,1
577.5,1.5663,1
578.2,1.6399,1
578.9,-12.64,2
578.9,1.558,1
579.6,1.6665,1
580.3,1.5651,1
581,-13.545,2
581,1.636,1
581.7,1.53,1
581.7,-13.07,2
582.4,-12.95,2
582.4,1.6123,1
583.1,1.6907,1
583.8,-15.326,2
583.8,-13.009,2
585.2,1.6071,1
585.9,1.4974,1
588,1.4664,1
588,-13.122,2
588.7,1.4937,1
589.4,-12.924,2
590.1,1.6155,1
590.8,1.8095,1
591.5,1.533,1
591.5,-12.687,2
592.2,1.6313,1
595,1.6426,1
595.7,1.6108,1
596.4,-13.027,2
596.4,1.4101,1
597.1,1.5901,1
597.8,1.4317,1
598.5,1.363,1
598.5,-11.339,2
599.2,1.4765,1
599.9,1.5492,1
599.9,-13.283,2
600.6,1.6026,1
601.3,1.4301,1
602,1.3004,1
602.7,1.6177,1
602.7,-13.209,2
603.4,1.6775,1
604.1,-12.924,2
604.1,1.5874,1
604.8,1.7115,1
605.5,1.6258,1
606.2,-12.624,2
606.9,-12.768,2
606.9,1.5917,1
607.6,1.4349,1
608.3,1.5106,1
608.3,-12.734,2
609,1.3614,1
609,-14.558,2
609.7,-12.489,2
609.7,1.5822,1
610.4,1.6854,1
611.1,-12.922,2
611.8,1.5797,1
612.5,1.6036,1
613.2,1.6266,1
615.3,1.553,1
616,-12.297,2
616,1.5892,1
616.7,1.7346,1
617.4,1.638,1
618.8,1.6147,1
619.5,1.5853,1
619.5,-12.284,2
620.2,-11.929,2
620.2,1.5714,1
620.9,1.8305,1
621.6,1.6401,1
623,1.6628,1
624.4,-12.36,2
625.1,1.6653,1
625.8,-12.173,2
626.5,1.78,1
627.2,1.1706,1
627.2,-12.263,2
627.9,1.7773,1
628.6,1.7258,1
629.3,1.6203,1
629.3,-11.74,2
630,1.7308,1
630.7,-11.292,2
630.7,1.8139,1
631.4,1.6771,1
632.1,1.7051,1
632.8,1.7245,1
633.5,1.4925,1
634.9,0.92367,2
634.9,1.5722,1
636.3,1.652,1
636.3,-11.895,2
637,1.6652,1
637,-2.2244,2
637.7,1.7477,1
638.4,1.6994,1
639.1,1.5792,1
639.8,1.5905,1
640.5,-11.82,2
640.5,-12.78,2
640.5,1.5567,1
641.2,1.5404,1
641.9,1.703,1
642.6,1.4862,1
643.3,1.7781,1
644,1.731,1
644.7,1.6635,1
645.4,1.3766,1
646.1,1.6435,1
646.8,1.6165,1
648.9,1.646,1
649.6,1.6735,1
650.3,1.7995,1
651,-10.679,2
651,1.5751,1
651,-11.25,2
651.7,1.7773,1
652.4,-11.084,2
652.4,1.6794,1
653.1,1.6434,1
653.8,-11.172,2
653.8,-1.1672,2
653.8,1.5467,1
654.5,1.6087,1
655.2,1.6765,1
655.9,-11.093,2
655.9,1.6164,1
656.6,1.6757,1
657.3,1.6596,1
658,-10.898,2
658,1.3623,1
658.7,1.5699,1
659.4,1.6134,1
660.1,-10.048,2
660.8,1.5587,1
660.8,-10.973,2
661.5,1.4377,1
662.9,-10.324,2
663.6,1.6073,1
664.3,-10.788,2
665,1.6172,1
665,-10.249,2
665.7,-10.006,2
665.7,1.7165,1
666.4,-10.03,2
666.4,1.6541,1
667.1,1.436,1
667.8,1.6284,1
667.8,1.1015,1
668.5,-9.8321,2
668.5,1.6576,1
669.9,-10.254,2
669.9,1.6045,1
670.6,-9.9021,2
670.6,1.5463,1
671.3,-12.227,2
671.3,1.0784,1
672,1.5797,1
672,-9.8083,2
672.7,1.6489,1
673.4,1.547,1
674.1,-9.3009,2
674.1,1.6165,1
674.8,1.429,1
675.5,1.6662,1
676.2,1.6968,1
676.9,-9.0535,2
676.9,1.7182,1
677.6,1.8636,1
678.3,1.6991,1
679,1.5795,1
679.7,-9.2422,2
679.7,1.6296,1
680.4,1.7015,1
681.8,1.6223,1
682.5,1.4815,1
683.2,0.40032,2
683.9,1.6769,1
685.3,1.6089,1
686,-9.2832,2
686.7,-9.4685,2
686.7,1.5113,1
687.4,1.4203,1
688.1,1.6069,1
688.1,-9.3782,2
688.1,-20.328,2
688.8,-8.9233,2
688.8,1.3933,1
689.5,1.7852,1
690.2,1.5022,1
691.6,1.6141,1
692.3,-0.21794,2
693,1.7345,1
693.7,1.4809,1
694.4,-8.7034,2
694.4,1.4558,1
695.1,-8.5787,2
695.1,1.8043,1
695.8,1.6357,1
696.5,1.0368,2
696.5,1.638,1
697.2,1.6858,1
697.2,-8.2331,2
697.9,1.6372,1
698.6,1.4294,1
698.6,-8.0534,2
699.3,6.5807,1
700,1.6288,1
700.7,1.6276,1
700.7,-8.08,2
701.4,-1.1181,2
701.4,1.6327,1
702.1,1.558,1
702.1,-8.2655,2
702.8,1.7607,1
703.5,1.7522,1
703.5,-8.1128,2
704.9,-7.8483,2
704.9,1.5454,1
705.6,-7.8026,2
706.3,-8.2798,2
706.3,1.7581,1
707,-7.3213,2
707,1.5562,1
707.7,-7.4198,2
707.7,1.6563,1
708.4,1.6756,1
709.8,1.6672,1
709.8,-7.8183,2
710.5,1.7372,1
711.2,1.5625,1
711.9,1.3379,1
712.6,1.7253,1
713.3,-7.4575,2
713.3,1.5981,1
714,1.5848,1
714.7,1.6471,1
715.4,-8.9607,2
715.4,1.3464,1
716.1,1.6972,1
716.8,1.7094,1
717.5,1.4625,1
717.5,-7.6001,2
718.2,1.5607,1
718.2,-7.0639,2
718.9,1.7157,1
719.6,1.5624,1
720.3,-7.5303,2
720.3,1.6929,1
721,1.5017,1
721,-4.0728,2
721.7,1.6491,1
722.4,0.64917,2
722.4,-7.2101,2
723.1,1.7098,1
723.8,0.26639,2
723.8,1.403,1
724.5,1.5419,1
725.2,1.5706,1
725.9,1.4629,1
725.9,0.52526,2
726.6,1.6184,1
727.3,-7.0023,2
727.3,1.5897,1
728,1.632,1
728.7,-6.8725,2
728.7,1.6237,1
730.1,1.7284,1
730.1,-6.8692,2
730.8,-7.0639,2
731.5,1.6307,1
732.2,1.4142,1
732.9,-6.9065,2
733.6,-6.3364,2
733.6,1.6271,1
734.3,1.5635,1
735,1.5687,1
735,-6.8638,2
735.7,1.603,1
735.7,-6.6433,2
736.4,1.5553,1
737.1,1.7258,1
737.8,1.5967,1
737.8,-6.3051,2
738.5,1.5825,1
739.9,1.2757,1
740.6,1.6721,1
741.3,1.5848,1
741.3,-6.4092,2
742.7,1.6556,1
742.7,-6.4006,2
743.4,1.6791,1
744.1,1.662,1
744.8,-6.2736,2
744.8,1.4603,1
745.5,1.5391,1
745.5,-6.0887,2
746.2,-9.789,2
746.2,-6.6706,2
746.2,1.699,1
746.9,1.6607,1
746.9,0.18215,2
747.6,1.4888,1
747.6,0.85243,2
747.6,-5.6954,2
748.3,-11.523,2
748.3,1.6702,1
749,-5.8633,2
749.7,1.6515,1
750.4,1.7441,1
750.4,-5.7289,2
751.1,1.6563,1
751.1,-6.0486,2
751.8,-5.654,2
751.8,1.569,1
752.5,1.6912,1
752.5,-6.1094,2
753.9,1.6273,1
753.9,-5.511,2
754.6,-5.784,2
754.6,-0.50279,2
755.3,-5.1066,2
756,-5.4946,2
756.7,1.5927,1
757.4,1.5523,1
758.1,1.445,1
758.8,1.6206,1
758.8,-5.3296,2
759.5,1.6849,1
760.2,1.5653,1
760.2,-5.7695,2
760.2,-20.167,2
760.9,-5.2793,2
760.9,1.5089,1
760.9,-6.3544,2
762.3,-5.1328,2
762.3,1.6732,1
762.3,-6.0271,2
763,1.6586,1
764.4,1.6968,1
764.4,-4.8691,2
765.1,11.95,1
765.8,1.7096,1
765.8,-4.7064,2
766.5,1.6067,1
766.5,-5.5728,2
767.2,-5.6922,2
767.2,1.5796,1
767.2,-0.6535,2
767.9,-4.297,2
767.9,1.7473,1
768.6,1.6335,1
768.6,-5.1933,2
769.3,1.675,1
770.7,1.569,1
771.4,1.5799,1
772.8,1.5636,1
773.5,1.5212,1
774.2,1.6778,1
774.2,-4.3047,2
775.6,1.471,1
776.3,1.6421,1
777,1.7825,1
777,-4.2796,2
777.7,1.4912,1
778.4,-8.4894,2
778.4,1.5865,1
779.1,1.5138,1
779.8,1.679,1
781.2,1.7684,1
782.6,1.6881,1
782.6,-4.3691,2
783.3,-5.0035,2
783.3,1.7997,1
784,-4.1792,2
784,1.6487,1
784.7,1.6916,1
784.7,-4.1825,2
785.4,1.6987,1
786.1,1.6113,1
786.1,-4.0061,2
786.8,-3.9727,2
786.8,1.6759,1
787.5,1.6281,1
788.2,1.301,1
788.9,1.7386,1
791,1.5704,1
791,-2.7129,2
793.1,1.6136,1
793.1,-3.3578,2
793.8,1.2936,1
794.5,1.6611,1
795.2,1.5945,1
795.9,1.7133,1
796.6,1.6744,1
796.6,-3.8651,2
796.6,-2.5337,2
797.3,1.7003,1
798,-2.901,2
798,1.7255,1
798,-3.7705,2
798.7,1.6863,1
799.4,-2.3194,2
799.4,1.6653,1
799.4,-3.1007,2
800.1,-3.1845,2
800.1,1.6267,1
800.8,1.8046,1
801.5,1.6318,1
802.2,-2.006,2
802.9,1.5145,1
803.6,-4.078,2
804.3,1.7316,1
805,1.6892,1
805.7,1.5341,1
806.4,1.6138,1
807.1,1.6061,1
807.8,1.5459,1
808.5,1.5028,1
809.9,0.16705,2
810.6,1.4317,1
810.6,-2.8585,2
811.3,-1.3906,2
812,1.6316,1
812,-1.5295,2
812.7,1.5994,1
812.7,-2.0744,2
813.4,-4.1043,2
814.1,1.7186,1
814.1,-1.5498,2
814.8,1.5249,1
815.5,1.7138,1
816.2,-1.4926,2
816.2,1.6022,1
816.9,1.4817,1
817.6,1.6598,1
818.3,1.4834,1
819,-2.6927,2
819,1.6619,1
819.7,1.6999,1
820.4,1.45,1
821.1,1.498,1
821.8,1.7376,1
822.5,1.7157,1
822.5,-0.48204,2
823.2,-2.0334,2
823.2,1.6095,1
823.2,-1.1819,2
823.9,1.7788,1
823.9,-0.83664,2
824.6,1.6776,1
825.3,1.5859,1
825.3,-0.81817,2
826,17.531,1
826,-0.78875,2
826,-1.385,2
826,1.6747,1
826.7,-0.94778,2
827.4,-0.83181,2
828.1,1.5578,1
828.8,-0.968,2
830.2,1.7989,1
830.2,-3.6739,2
830.9,1.5549,1
831.6,1.6557,1
831.6,-0.18467,2
831.6,-1.1404,2
832.3,1.5991,1
833,1.6541,1
833,-0.46363,2
833.7,1.5765,1
834.4,1.6663,1
835.1,1.682,1
835.8,1.6657,1
835.8,-0.56164,2
837.2,-0.71077,2
837.2,1.6228,1
837.2,-1.3065,2
837.9,-1.2346,2
837.9,-0.4412,2
838.6,-1.4504,2
838.6,1.5919,1
839.3,-1.0921,2
839.3,1.6491,1
840,-0.4187,2
840.7,1.5892,1
840.7,-0.51948,2
841.4,1.7259,1
841.4,-1.1796,2
842.1,1.716,1
842.1,-0.36757,2
842.1,0.18165,2
842.8,1.6853,1
843.5,-1.0406,2
844.2,-0.79911,2
844.2,1.6484,1
844.9,1.5464,1
845.6,1.5419,1
845.6,-0.12921,2
845.6,-0.7754,2
846.3,1.2649,1
847,1.7409,1
847.7,1.6731,1
848.4,1.6025,1
848.4,-0.81529,2
849.1,1.3268,1
849.1,-0.34305,2
849.8,1.6511,1
851.2,0.52391,2
851.2,1.7098,1
851.9,1.6243,1
852.6,0.10301,2
852.6,1.7202,1
853.3,1.4636,1
853.3,-0.34674,2
854,1.5971,1
854,-0.032042,2
854.7,0.15666,2
854.7,1.4721,1
855.4,-0.11152,2
855.4,1.5674,1
856.1,0.028333,2
856.1,1.5901,1
856.1,-6.4832,2
856.8,0.16969,2
856.8,-0.39395,2
857.5,1.4991,1
858.2,-0.016934,2
858.2,1.6023,1
858.2,-4.1481,2
858.9,1.6426,1
858.9,0.51885,2
859.6,1.5599,1
860.3,1.405,1
861,1.5106,1
861.7,1.6917,1
861.7,0.68647,2
862.4,0.4103,2
862.4,1.4273,1
862.4,-0.23512,2
863.8,0.4591,2
864.5,1.6609,1
865.2,0.15631,2
865.9,1.6341,1
866.6,1.7968,1
866.6,0.20156,2
867.3,0.44275,2
868,0.18893,2
868,1.8895,1
868.7,0.27085,2
868.7,1.5198,1
869.4,1.8322,1
869.4,0.41043,2
870.1,1.6597,1
870.8,0.38237,2
870.8,1.6501,1
871.5,1.4565,1
872.2,0.60463,2
872.2,1.6791,1
872.9,0.6411,2
872.9,1.4083,1
873.6,1.6367,1
873.6,0.48814,2
874.3,0.41644,2
875,0.45032,2
875.7,0.58471,2
875.7,1.4426,1
876.4,1.6234,1
876.4,0.46508,2
877.1,1.5189,1
877.1,0.65152,2
877.8,0.026963,2
877.8,1.5453,1
877.8,0.62689,2
878.5,1.4021,1
878.5,0.61623,2
879.2,0.51702,2
879.2,1.591,1
879.9,1.5173,1
879.9,0.71881,2
880.6,1.5331,1
880.6,0.59644,2
881.3,0.5918,2
881.3,1.6788,1
882,0.69915,2
882,1.6187,1
882.7,0.26548,2
882.7,1.3707,1
883.4,1.5758,1
883.4,0.15052,2
884.1,1.6916,1
884.8,1.5695,1
884.8,0.36821,2
885.5,0.55951,2
885.5,1.518,1
886.2,1.6664,1
886.2,0.4841,2
886.9,1.6682,1
886.9,0.37985,2
887.6,0.74045,2
888.3,1.5922,1
888.3,0.44307,2
889,0.615,2
889,1.6706,1
889.7,0.80078,2
889.7,1.6109,1
890.4,0.63221,2
890.4,1.823,1
891.1,1.6387,1
891.1,0.43184,2
891.8,0.51073,2
891.8,1.6504,1
892.5,0.49148,2
893.2,1.544,1
893.2,0.65029,2
893.9,1.6557,1
893.9,0.57545,2
894.6,0.38629,2
894.6,1.5342,1
895.3,1.7041,1
895.3,0.48473,2
896,1.6774,1
896,0.29495,2
896.7,0.68838,2
896.7,1.6706,1
897.4,1.6304,1
898.1,1.7566,1
898.1,-0.43826,2
898.1,0.57414,2
898.8,0.45102,2
899.5,-2.1877,2
899.5,0.65182,2
899.5,1.6971,1
900.2,0.47255,2
900.2,1.4612,1
900.9,1.6809,1
900.9,0.84657,2
901.6,0.59925,2
901.6,1.6747,1
902.3,1.6341,1
903,1.6826,1
903,0.36614,2
903.7,1.5812,1
904.4,1.7017,1
904.4,0.55903,2
905.1,0.7357,2
905.1,1.7048,1
905.8,1.6604,1
905.8,0.47464,2
906.5,1.6356,1
906.5,0.45564,2
907.2,1.8023,1
907.2,0.58479,2
907.9,0.69476,2
907.9,1.7861,1
908.6,0.48956,2
908.6,1.5797,1
909.3,0.55505,2
910,0.55806,2
910,1.8675,1
910.7,0.63693,2
910.7,1.617,1
911.4,0.54321,2
911.4,1.4361,1
912.1,0.5356,2
912.1,1.9025,1
912.8,1.7679,1
912.8,0.6569,2
913.5,0.79286,2
913.5,1.6615,1
914.2,0.53782,2
914.9,0.42149,2
914.9,1.712,1
915.6,1.6817,1
915.6,0.5461,2
916.3,0.54887,2
916.3,1.6276,1
917,1.5733,1
917,0.70756,2
917.7,1.58,1
917.7,0.75191,2
918.4,0.63404,2
918.4,1.673,1
919.1,0.4536,2
919.1,1.6795,1
919.8,1.3553,1
919.8,0.47467,2
920.5,1.5884,1
920.5,0.45188,2
921.2,1.6328,1
921.2,0.14702,2
921.9,0.0075081,2
921.9,0.64745,2
921.9,1.7397,1
922.6,1.7213,1
922.6,0.53463,2
923.3,0.6202,2
923.3,1.6477,1
924,1.6681,1
924,0.60389,2
924.7,0.43411,2
924.7,1.7012,1
925.4,0.61986,2
926.1,0.3485,2
926.1,1.6687,1
926.1,-1.172,2
926.8,0.30163,2
926.8,1.7738,1
927.5,0.49215,2
927.5,1.692,1
928.2,1.6825,1
928.2,0.52302,2
928.9,1.5156,1
928.9,0.52947,2
929.6,0.47173,2
930.3,1.1567,2
930.3,-0.043035,2
931,0.55624,2
931,1.7115,1
931.7,0.47254,2
931.7,1.8092,1
932.4,1.7002,1
932.4,0.49173,2
933.1,1.5814,1
933.1,0.56231,2
933.8,0.54695,2
933.8,1.4662,1
934.5,0.46443,2
934.5,1.7091,1
935.2,0.52973,2
935.2,1.6727,1
935.9,1.7099,1
935.9,0.73119,2
936.6,0.42606,2
936.6,1.6872,1
937.3,0.42251,2
937.3,1.6519,1
938,0.46399,2
938,1.5982,1
938.7,0.54548,2
938.7,1.7983,1
939.4,0.47195,2
939.4,1.619,1
940.1,0.55202,2
940.1,1.522,1
940.8,1.6035,1
940.8,0.62369,2
941.5,0.16288,2
941.5,1.5366,1
942.2,0.50897,2
942.2,1.5814,1
942.9,0.53328,2
942.9,1.6354,1
943.6,0.58571,2
944.3,1.6035,1
944.3,0.48145,2
944.3,-1.6731,2
945,1.6506,1
945,0.54317,2
945.7,0.68757,2
945.7,1.5234,1
946.4,1.3722,1
946.4,0.58328,2
947.1,1.5882,1
947.1,0.42789,2
947.8,1.6862,1
948.5,0.50448,2
948.5,1.6624,1
949.2,1.64,1
949.9,1.6993,1
949.9,0.18731,2
950.6,0.46622,2
950.6,1.5522,1
951.3,0.63722,2
951.3,1.6859,1
952,0.4539,2
952,1.6313,1
952.7,0.48989,2
952.7,1.6221,1
953.4,0.50313,2
953.4,1.6541,1
954.1,0.63186,2
954.1,-2.2619,2
954.1,1.5769,1
954.8,-1.4771,2
954.8,0.6379,2
954.8,1.7036,1
955.5,1.6437,1
955.5,0.51412,2
956.2,1.5902,1
956.2,0.41168,2
956.9,0.56119,2
956.9,1.6246,1
957.6,0.5239,2
958.3,1.6141,1
959,0.49914,2
959,1.7276,1
959.7,0.507,2
959.7,1.6716,1
959.7,-3.2632,2
960.4,0.48549,2
960.4,1.6437,1
961.1,0.54531,2
961.1,1.4573,1
961.8,1.6501,1
961.8,0.414,2
962.5,1.4823,1
962.5,0.37407,2
963.2,0.52599,2
963.9,0.60009,2
964.6,0.47865,2
964.6,1.7091,1
965.3,1.7701,1
965.3,0.4654,2
966,1.5694,1
966,0.5899,2
966.7,0.57523,2
966.7,1.3411,1
967.4,0.49795,2
967.4,1.6891,1
968.1,1.5856,1
968.1,0.6376,2
968.1,0.11671,2
968.8,1.707,1
968.8,0.4863,2
969.5,0.43144,2
969.5,1.5797,1
970.2,1.7839,1
970.2,0.33028,2
970.9,1.4171,1
970.9,0.48241,2
971.6,1.5816,1
971.6,0.50926,2
972.3,0.22894,2
972.3,1.6625,1
973,0.58044,2
973.7,0.53519,2
973.7,1.5063,1
974.4,1.6444,1
975.1,1.5309,1
975.1,0.50245,2
975.8,0.48079,2
975.8,1.6068,1
976.5,1.7266,1
976.5,0.38532,2
976.5,-18.499,2
977.2,0.40933,2
977.2,1.67,1
977.9,1.5907,1
977.9,0.52395,2
978.6,1.5569,1
978.6,0.54191,2
979.3,0.43222,2
979.3,1.5093,1
980,1.6214,1
980,0.55152,2
980.7,1.3791,1
980.7,0.42187,2
981.4,0.43531,2
982.1,1.6641,1
982.1,0.39157,2
982.8,0.56803,2
983.5,0.48301,2
983.5,1.631,1
983.5,-1.8832,2
984.2,0.46505,2
984.2,1.7135,1
984.9,0.59628,2
984.9,1.6662,1
985.6,0.55059,2
985.6,1.7535,1
986.3,0.5452,2
986.3,1.5825,1
987,1.6947,1
987,0.48305,2
987.7,1.5182,1
987.7,0.50629,2
988.4,0.46939,2
988.4,1.5784,1
989.1,1.6887,1
989.8,0.44399,2
989.8,1.5147,1
989.8,-4.4471,2
990.5,-0.61267,2
990.5,1.546,1
990.5,0.49473,2
991.2,1.5745,1
991.2,0.58064,2
991.9,1.655,1
991.9,0.41721,2
991.9,-1.8199,2
992.6,1.694,1
992.6,0.50597,2
993.3,1.5926,1
993.3,0.18109,2
994.7,0.57868,2
995.4,0.55718,2
995.4,1.4707,1
996.1,0.52688,2
996.1,1.4695,1
996.8,0.36031,2
996.8,1.6032,1
997.5,0.45723,2
997.5,1.6793,1
998.2,0.52591,2
998.2,1.7347,1
998.9,0.39939,2
998.9,1.6162,1
999.6,0.58163,2
999.6,1.6475,1
1000.3,0.55528,2
1001,0.6791,2
1001,1.5814,1
1001.7,1.5284,1
1001.7,0.55199,2
1002.4,1.7875,1
1002.4,0.54332,2
1003.1,1.7746,1
1003.1,0.5131,2
1003.8,0.47803,2
1004.5,0.51699,2
1005.2,1.6369,1
1005.2,0.46533,2
1005.9,0.57442,2
1005.9,1.4356,1
1005.9,-4.602,2
1006.6,0.45278,2
1006.6,1.5292,1
1007.3,0.3983,2
1007.3,1.7034,1
1008,0.5258,2
1008,1.5438,1
1008.7,0.60469,2
1008.7,1.6142,1
1009.4,1.6244,1
1009.4,0.55728,2
1010.1,1.5497,1
1010.1,0.30333,2
1010.8,0.2987,2
1010.8,1.6111,1
1011.5,1.489,1
1011.5,0.53389,2
1012.2,0.48375,2
1012.2,1.5773,1
1012.2,-1.6866,2
1012.9,1.5249,1
1012.9,0.44396,2
1013.6,1.6905,1
1013.6,0.54155,2
1014.3,0.59486,2
1014.3,1.7602,1
1015,1.6297,1
1015,0.56218,2
1015.7,0.54927,2
1015.7,1.6466,1
1016.4,0.48754,2
1017.1,0.6318,2
1017.1,1.6937,1
1017.8,1.6191,1
1018.5,0.5673,2
1019.2,-0.28733,2
1019.9,0.44063,2
1020.6,0.51408,2
1020.6,1.5756,1
1021.3,0.65685,2
1021.3,-1.7378,2
1022,0.6465,2
1022.7,0.55694,2
1022.7,1.4117,1
1023.4,1.6872,1
1023.4,0.27804,2
1024.1,0.39976,2
1024.1,1.5723,1
1024.8,0.61799,2
1025.5,0.58566,2
1025.5,1.7522,1
1026.2,0.4237,2
1026.2,1.6863,1
1026.9,1.6895,1
1027.6,0.56196,2
1027.6,1.7735,1
1028.3,1.6211,1
1028.3,0.57874,2
1029,0.42053,2
1029,1.6407,1
1029.7,1.6684,1
1029.7,0.43952,2
1030.4,0.41016,2
1030.4,1.7388,1
1031.1,1.5926,1
1031.1,0.58824,2
1031.8,1.6826,1
1031.8,0.49421,2
1032.5,0.59139,2
1032.5,1.5421,1
1033.2,0.38959,2
1033.2,1.6158,1
1033.9,-10.082,2
1033.9,1.6854,1
1034.6,1.6319,1
1034.6,0.5741,2
1035.3,0.5903,2
1035.3,1.6122,1
1036,0.42934,2
1036.7,0.47366,2
1036.7,1.6552,1
1037.4,0.50628,2
1037.4,1.5253,1
1038.1,1.6293,1
1038.1,0.54632,2
1038.8,0.5419,2
1038.8,1.6804,1
1039.5,1.5831,1
1039.5,0.47249,2
1040.2,0.54711,2
1040.2,1.7176,1
1040.9,1.6995,1
1040.9,0.13243,2
1040.9,0.72021,2
1041.6,0.56136,2
1042.3,0.4594,2
1042.3,1.529,1
1043,0.19907,2
1043,1.6349,1
1043.7,1.6182,1
1043.7,0.59143,2
1044.4,0.47098,2
1044.4,-2.4196,2
1044.4,1.7053,1
1045.1,0.38876,2
1045.8,1.6113,1
1045.8,0.33486,2
1046.5,0.52474,2
1047.2,0.73956,2
1047.2,0.18186,2
1047.9,1.6144,1
1047.9,0.23231,2
1048.6,0.34566,2
1048.6,1.635,1
1049.3,0.55895,2
1049.3,1.4396,1
1050,0.57343,2
1050.7,1.7087,1
1050.7,0.52928,2
1051.4,1.5995,1
1051.4,0.70237,2
1052.1,1.6848,1
1052.1,0.78134,2
1052.8,0.66029,2
1052.8,1.6108,1
1053.5,1.6353,1
1053.5,0.4787,2
1054.2,0.56397,2
1054.2,1.6951,1
1054.9,0.58224,2
1054.9,1.6515,1
1055.6,0.58263,2
1056.3,1.4325,1
1057,0.56592,2
1057,1.7884,1
1057.7,0.83921,2
1057.7,1.6105,1
1058.4,0.48545,2
1058.4,1.6134,1
1059.1,0.45266,2
1059.1,1.5174,1
1059.8,1.6939,1
1060.5,1.6897,1
1060.5,0.43106,2
1061.2,0.61167,2
1061.2,1.73,1
1061.9,1.6507,1
1061.9,0.29986,2
1062.6,1.5831,1
1063.3,1.5321,1
1063.3,0.88027,2
1064,1.6601,1
1064,0.57008,2
1064.7,0.58352,2
1064.7,1.7514,1
1065.4,0.53456,2
1066.1,1.6299,1
1066.8,0.53964,2
1066.8,1.5982,1
1067.5,1.7073,1
1067.5,0.56883,2
1068.2,1.7078,1
1068.2,0.69206,2
1068.9,0.62592,2
1069.6,0.58015,2
1069.6,1.5385,1
1070.3,1.6763,1
1070.3,0.56011,2
1071,0.44549,2
1071,1.7472,1
1071.7,0.52898,2
1071.7,1.5814,1
1072.4,1.5173,1
1072.4,0.60844,2
1073.1,0.48304,2
1073.8,1.6178,1
1073.8,0.5521,2
1074.5,0.56202,2
1075.2,1.4199,1
1075.9,0.4674,2
1075.9,1.7555,1
1076.6,1.6517,1
1076.6,0.47605,2
1077.3,0.51403,2
1077.3,1.7153,1
1078,1.5576,1
1078,0.26437,2
1078.7,0.54365,2
1078.7,1.7117,1
1079.4,1.72,1
1079.4,0.42646,2
1080.1,1.5314,1
1080.1,0.5597,2
1080.8,1.7518,1
1080.8,0.33228,2
1080.8,1.1059,2
1081.5,1.5288,1
1081.5,0.61105,2
1082.2,1.6427,1
1082.2,0.28097,2
1082.9,0.57322,2
1083.6,1.6136,1
1083.6,0.53011,2
1084.3,0.54811,2
1084.3,1.7278,1
1085,0.57038,2
1085,1.3284,1
1085.7,0.75746,2
1086.4,0.6241,2
1086.4,1.6993,1
1087.1,1.6723,1
1087.8,0.50803,2
1087.8,1.7173,1
1088.5,0.6632,2
1089.2,0.45734,2
1089.2,1.6982,1
1089.9,0.44178,2
1090.6,1.6195,1
1090.6,0.5605,2
1091.3,1.6642,1
1091.3,0.48526,2
1092,0.446,2
1092.7,0.40332,2
1093.4,1.5962,1
1093.4,0.56871,2
1094.1,0.58613,2
1094.1,1.6155,1
1094.8,0.47719,2
1094.8,1.7007,1
1095.5,0.51535,2
1096.2,0.49315,2
1096.2,1.5653,1
1096.9,0.45478,2
1096.9,1.649,1
1097.6,0.52756,2
1097.6,1.2771,1
1098.3,-0.010548,2
1098.3,1.7621,1
1099,1.7707,1
1099,0.4102,2
1099.7,0.45022,2
1099.7,1.7323,1
1100.4,1.6339,1
1100.4,0.5581,2
1101.1,0.63969,2
1101.1,1.6972,1
1101.8,0.41904,2
1101.8,1.6399,1
1102.5,0.52013,2
1102.5,1.6587,1
1103.2,1.7469,1
1103.2,0.56807,2
1103.9,0.56116,2
1104.6,0.61298,2
1104.6,1.6981,1
1105.3,1.687,1
1105.3,0.48849,2
1106,1.6652,1
1106.7,0.27991,2
1107.4,0.46736,2
1107.4,-2.113,2
1107.4,1.7432,1
1108.1,1.7448,1
1108.1,0.56924,2
1108.8,0.58832,2
1109.5,0.48305,2
1109.5,1.7131,1
1110.2,0.61028,2
1110.2,1.3128,1
1110.9,0.50664,2
1110.9,1.3922,1
1111.6,0.41791,2
1111.6,1.6999,1
1112.3,0.51355,2
1112.3,1.6187,1
1113,0.5011,2
1113,1.8071,1
1113.7,0.50104,2
1113.7,1.5185,1
1114.4,1.6603,1
1114.4,0.48982,2
1115.1,0.49864,2
1115.1,1.6003,1
1115.8,0.66352,2
1115.8,1.6303,1
1116.5,0.48739,2
1116.5,1.7631,1
1117.2,1.6911,1
1117.2,0.68891,2
1117.9,1.6447,1
1117.9,0.54633,2
1118.6,0.50082,2
1118.6,1.6063,1
1119.3,0.5224,2
1119.3,1.6441,1
1120,0.52526,2
1120.7,0.47631,2
1120.7,1.7852,1
1121.4,0.50164,2
1121.4,1.2195,1
1122.1,1.606,1
1122.1,0.4649,2
1122.8,1.5927,1
1122.8,0.53403,2
1123.5,0.54816,2
1123.5,1.4067,1
1124.2,0.49913,2
1124.2,1.7094,1
1124.9,1.5787,1
1124.9,0.48762,2
1125.6,0.5897,2
1125.6,1.5423,1
1126.3,0.705,2
1126.3,1.5851,1
1127,0.58557,2
1127,1.6622,1
1127.7,1.6519,1
1127.7,0.62222,2
1128.4,0.51827,2
1128.4,1.7258,1
1129.1,0.87996,2
1129.1,1.6947,1
1129.8,1.6956,1
1129.8,-2.8876,2
1129.8,0.70489,2
1130.5,0.65922,2
1130.5,1.6742,1
1131.2,0.66913,2
1131.2,1.6689,1
1131.9,1.6378,1
1131.9,0.72439,2
1132.6,0.89163,2
1133.3,0.83518,2
1133.3,1.7091,1
1134,1.6954,1
1134,0.71447,2
1134.7,0.65502,2
1134.7,1.6135,1
1135.4,0.74062,2
1135.4,1.6087,1
1136.1,1.8006,1
1136.1,0.69472,2
1136.8,1.7975,1
1136.8,-0.6685,2
1137.5,1.6704,1
1137.5,0.8785,2
1138.2,0.7122,2
1138.2,1.7252,1
1138.9,0.7352,2
1138.9,1.5985,1
1139.6,1.7135,1
1140.3,0.69224,2
1140.3,1.7117,1
1141,0.55041,2
1141,1.5935,1
1141.7,1.7002,1
1141.7,0.83438,2
1142.4,0.78115,2
1142.4,1.575,1
1143.1,0.7569,2
1143.1,1.7394,1
1143.1,-1.1188,2
1143.8,1.7078,1
1143.8,0.58373,2
1144.5,0.74605,2
1144.5,1.5716,1
1145.2,1.764,1
1145.2,0.77887,2
1145.9,0.73952,2
1146.6,1.6487,1
1147.3,0.69063,2
1147.3,1.8302,1
1148,0.82054,2
1148,1.6697,1
1148.7,0.76381,2
1148.7,1.7974,1
1149.4,0.71106,2
1149.4,1.4332,1
1150.1,0.69687,2
1150.1,1.7654,1
1150.8,0.66629,2
1150.8,1.551,1
1152.2,1.2905,1
1152.9,0.84702,2
1152.9,-1.0326,2
1153.6,1.5863,1
1154.3,1.6634,1
1154.3,0.69418,2
1155,0.61164,2
1155,1.7164,1
1155.7,1.7288,1
1155.7,0.32997,2
1157.1,0.75206,2
1157.1,1.6579,1
1157.8,0.71262,2
1158.5,0.72893,2
1159.2,0.54213,2
1159.2,1.7737,1
1159.9,1.6737,1
1160.6,1.6738,1
1160.6,0.55055,2
1161.3,0.65508,2
1161.3,1.7466,1
1162,0.6725,2
1162,1.6087,1
1162.7,0.43221,2
1162.7,1.7973,1
1163.4,1.6664,1
1163.4,0.60785,2
1164.1,1.6715,1
1164.8,0.66218,2
1164.8,1.5648,1
1165.5,1.6539,1
1165.5,0.7382,2
1166.2,0.50038,2
1166.9,0.67123,2
1166.9,1.8507,1
1167.6,0.65748,2
1167.6,1.7569,1
1168.3,0.7516,2
1168.3,1.6856,1
1169,0.82909,2
1169.7,1.6981,1
1170.4,0.57651,2
1170.4,1.6484,1
1171.1,1.6457,1
1171.8,0.54979,2
1171.8,1.5344,1
1172.5,0.49072,2
1173.2,0.77561,2
1173.9,0.50656,2
1173.9,1.6605,1
1174.6,1.7526,1
1174.6,0.68168,2
1175.3,1.5773,1
1176,0.72544,2
1176.7,0.61242,2
1176.7,1.7103,1
1177.4,0.66026,2
1178.1,1.6232,1
1178.1,0.79746,2
1178.8,1.7003,1
1178.8,0.67061,2
1179.5,1.7011,1
1179.5,0.84384,2
1180.2,0.72324,2
1180.2,1.6542,1
1180.9,1.6125,1
1181.6,1.6497,1
1181.6,0.71425,2
1183,0.44457,2
1183,1.6342,1
1183.7,1.6411,1
1184.4,0.67435,2
1184.4,1.5248,1
1185.1,1.6946,1
1185.1,0.69193,2
1185.8,0.62601,2
1185.8,1.7454,1
1186.5,0.60704,2
1186.5,1.6512,1
1187.2,0.8599,2
1187.2,1.7072,1
1187.9,0.6116,2
1187.9,1.684,1
1188.6,1.628,1
1189.3,1.7672,1
1189.3,0.77205,2
1190,0.68184,2
1190,1.3766,1
1190.7,0.6333,2
1191.4,1.5165,1
1191.4,0.63356,2
1192.1,0.4148,2
1192.1,1.663,1
1192.8,1.6557,1
1193.5,1.7159,1
1193.5,0.63787,2
1194.2,0.6788,2
1194.2,1.7597,1
1194.9,0.67309,2
1194.9,1.6739,1
1195.6,0.77592,2
1195.6,1.5935,1
1196.3,1.3287,1
1196.3,0.56607,2
1196.3,-1.6568,2
1197,0.60486,2
1197,1.4946,1
1197.7,0.61642,2
1197.7,1.7286,1
1198.4,0.65616,2
1198.4,1.7575,1
1199.1,0.72353,2
1199.8,1.4583,1
1200.5,0.62438,2
1200.5,1.7508,1
1201.2,0.56915,2
1201.2,1.6856,1
1201.9,1.309,1
1201.9,0.68851,2
1202.6,0.67731,2
1202.6,1.6195,1
1203.3,1.5602,1
1203.3,0.5076,2
1203.3,-3.35,2
1204,1.7227,1
1204,0.71554,2
1204.7,0.59447,2
1204.7,1.5787,1
1205.4,1.6369,1
1206.1,0.49042,2
1206.1,1.7336,1
1206.8,1.6025,1
1207.5,1.753,1
1208.2,1.6356,1
1208.2,0.73275,2
1208.9,0.56932,2
1208.9,1.6363,1
1209.6,1.6599,1
1209.6,0.43457,2
1210.3,0.25248,2
1211,1.6307,1
1211,0.77424,2
1211.7,1.6145,1
1211.7,0.58343,2
1212.4,0.6476,2
1212.4,1.4906,1
1213.1,0.68565,2
1213.1,1.5079,1
1213.8,0.65848,2
1214.5,0.51912,2
1214.5,1.6428,1
1215.2,1.5241,1
1215.2,0.45425,2
1215.9,0.51667,2
1215.9,1.6226,1
1216.6,0.25992,2
1216.6,1.7444,1
1217.3,1.6859,1
1217.3,0.41997,2
1218,1.6553,1
1218,0.47099,2
1218.7,1.5836,1
1218.7,0.91105,2
1219.4,1.7014,1
1219.4,0.70282,2
1220.1,0.66041,2
1220.1,1.6159,1
1220.8,1.6444,1
1221.5,1.5717,1
1221.5,0.70413,2
1222.9,0.44758,2
1222.9,1.6576,1
1223.6,0.62874,2
1223.6,1.567,1
1224.3,0.48204,2
1224.3,1.5996,1
1225,0.48916,2
1225,1.7187,1
1225.7,0.60396,2
1225.7,1.6709,1
1226.4,1.7075,1
1227.1,0.5985,2
1227.1,1.4757,1
1227.8,0.7621,2
1228.5,1.6959,1
1229.2,1.4603,1
1229.2,0.56289,2
1229.9,0.60419,2
1229.9,1.6176,1
1230.6,0.57322,2
1230.6,1.6639,1
1231.3,0.72758,2
1231.3,1.3708,1
1232,1.7673,1
1232,0.59335,2
1232.7,1.7118,1
1233.4,1.6358,1
1234.1,1.5785,1
1234.8,1.6664,1
1235.5,0.52899,2
1235.5,1.6157,1
1236.2,1.6195,1
1236.2,0.31318,2
1236.9,1.6002,1
1236.9,0.58884,2
1237.6,0.4907,2
1237.6,1.7044,1
1238.3,0.24118,2
1238.3,1.7181,1
1238.3,-0.26378,2
1239,0.33342,2
1239,1.3672,1
1239.7,1.757,1
1239.7,0.36793,2
1240.4,0.37312,2
1240.4,1.583,1
1240.4,-3.6423,2
1241.1,1.4724,1
1241.1,0.40956,2
1241.8,0.39251,2
1241.8,1.4331,1
1242.5,0.52746,2
1242.5,1.6971,1
1243.2,0.64592,2
1243.9,0.51658,2
1244.6,1.5255,1
1244.6,0.60697,2
1245.3,0.57245,2
1245.3,1.7301,1
1246,1.6179,1
1246,0.29209,2
1246.7,1.6107,1
1246.7,0.58626,2
1247.4,1.6246,1
1247.4,0.37808,2
1248.1,0.6788,2
1248.1,1.3697,1
1248.8,0.38479,2
1249.5,1.6467,1
1249.5,0.454,2
1250.2,0.47477,2
1250.2,1.678,1
1250.9,0.42752,2
1250.9,1.6119,1
1251.6,1.7318,1
1251.6,0.59413,2
1252.3,1.8455,1
1252.3,0.62049,2
1253,0.25504,2
1253,1.48,1
1253.7,0.55165,2
1253.7,1.671,1
1254.4,0.57893,2
1254.4,1.719,1
1255.1,0.30294,2
1255.8,0.46355,2
1255.8,1.6554,1
1256.5,1.6418,1
1256.5,0.60001,2
1257.2,1.6014,1
1257.2,0.36676,2
1257.9,1.6559,1
1258.6,0.5674,2
1259.3,0.37956,2
1259.3,1.5873,1
1260,1.5138,1
1260.7,0.44845,2
1260.7,1.6844,1
1261.4,1.7615,1
1261.4,0.52002,2
1262.1,1.5503,1
1262.8,0.38835,2
1263.5,1.3378,1
1263.5,0.42142,2
1263.5,-7.5209,2
1264.2,1.8172,1
1264.2,0.46989,2
1264.2,-0.55389,2
1264.9,1.6598,1
1264.9,0.36129,2
1265.6,1.6608,1
1265.6,0.58414,2
1266.3,0.49002,2
1266.3,1.8187,1
1267,1.5095,1
1267,0.51564,2
1267.7,1.6969,1
1268.4,0.42611,2
1269.1,1.7258,1
1269.1,0.67918,2
1269.8,0.24059,2
1269.8,1.6423,1
1270.5,1.7218,1
1270.5,-2.4957,2
1270.5,0.8335,2
1271.2,0.37682,2
1271.2,1.5783,1
1271.9,1.7798,1
1271.9,0.46716,2
1272.6,1.5912,1
1272.6,0.60053,2
1273.3,0.31362,2
1273.3,1.6538,1
1274,1.507,1
1274,0.30381,2
1274.7,1.6684,1
1275.4,0.40134,2
1276.1,1.8232,1
1276.1,0.70673,2
1276.8,1.6113,1
1276.8,0.65689,2
1277.5,1.6864,1
1277.5,0.40706,2
1278.2,1.6383,1
1278.2,0.39657,2
1278.9,0.57438,2
1278.9,-5.8256,2
1278.9,1.7766,1
1279.6,1.574,1
1280.3,0.49965,2
1280.3,1.6575,1
1281,1.3915,1
1281,0.57946,2
1281.7,0.36345,2
1281.7,1.6302,1
1282.4,0.47597,2
1282.4,1.4168,1
1283.1,0.39419,2
1283.8,0.41381,2
1283.8,1.5157,1
1284.5,0.78533,2
1284.5,1.6261,1
1285.2,0.78602,2
1285.2,1.6905,1
1285.9,1.641,1
1285.9,0.61313,2
1286.6,1.7849,1
1287.3,1.7749,1
1287.3,0.53268,2
1288,1.6252,1
1288.7,0.65572,2
1288.7,-0.93535,2
1288.7,1.7769,1
1289.4,1.8276,1
1290.1,0.65768,2
1290.8,1.6493,1
1291.5,1.8469,1
1291.5,0.62925,2
1291.5,-1.4795,2
1292.9,0.47096,2
1293.6,0.48918,2
1293.6,1.7659,1
1294.3,1.7705,1
1294.3,-1.1769,2
1294.3,0.40571,2
1295,1.532,1
1295,0.13166,2
1295.7,1.6297,1
1295.7,0.40102,2
1296.4,0.38136,2
1296.4,1.8059,1
1297.1,1.7135,1
1297.1,-0.64632,2
1297.8,1.7228,1
1297.8,0.42401,2
1298.5,1.5342,1
1299.2,0.25277,2
1299.2,1.8012,1
1299.9,1.5276,1
1299.9,0.3722,2
1300.6,0.27745,2
1300.6,1.8378,1
1301.3,1.77,1
1301.3,0.49412,2
1302,0.033202,2
1302,1.6483,1
1302.7,1.7346,1
1302.7,0.5343,2
1302.7,-1.644,2
1303.4,1.7547,1
1304.1,1.6379,1
1304.1,0.59764,2
1304.8,0.45986,2
1304.8,1.6421,1
1305.5,0.38494,2
1305.5,1.5804,1
1306.9,0.88003,2
1306.9,1.5615,1
1307.6,1.7144,1
1307.6,0.57033,2
1308.3,1.6671,1
1308.3,0.69711,2
1308.3,0.13936,2
1309,1.6458,1
1309,0.38886,2
1309.7,1.4136,1
1309.7,0.54683,2
1310.4,1.5223,1
1310.4,0.73054,2
1311.1,-3.8253,2
1311.1,0.37583,2
1311.1,1.706,1
1311.8,0.64417,2
1311.8,1.6858,1
1311.8,-0.27984,2
1312.5,1.6315,1
1313.2,1.7406,1
1313.9,0.23283,2
1313.9,1.6796,1
1314.6,0.49221,2
1314.6,1.5887,1
1315.3,1.6936,1
1315.3,0.61663,2
1316,1.6925,1
1316,0.33637,2
1316.7,1.6697,1
1317.4,1.7426,1
1318.1,0.55315,2
1318.1,1.6634,1
1318.8,1.6718,1
1318.8,0.54382,2
1319.5,0.36441,2
1320.2,1.7437,1
1320.2,0.35989,2
1321.6,1.674,1
1322.3,1.6205,1
1322.3,0.45735,2
1323,0.64337,2
1323,1.5741,1
1323.7,1.5296,1
1323.7,0.72896,2
1324.4,1.523,1
1324.4,0.2911,2
1324.4,-0.33037,2
1325.1,1.4803,1
1326.5,0.45828,2
1326.5,1.75,1
1327.2,0.42813,2
1327.2,1.7118,1
1327.9,1.7369,1
1327.9,0.45371,2
1328.6,1.8093,1
1328.6,0.68048,2
1329.3,1.7034,1
1329.3,0.52289,2
1330,0.60803,2
1330,1.6131,1
1330.7,1.5929,1
1331.4,1.7163,1
1331.4,0.84247,2
1332.1,0.5353,2
1332.8,1.7518,1
1333.5,1.593,1
1334.2,1.6177,1
1334.2,0.50034,2
1334.9,1.7785,1
1335.6,0.46042,2
1335.6,1.6118,1
1336.3,1.6669,1
1337,1.6148,1
1337,0.60197,2
1337.7,1.7002,1
1337.7,0.3364,2
1338.4,0.11695,2
1338.4,0.7666,2
1339.1,1.7335,1
1339.1,0.47744,2
1340.5,0.32268,2
1341.2,0.18047,2
1341.2,1.735,1
1341.9,0.50242,2
1343.3,1.8789,1
1344,1.653,1
1344,0.14485,2
1344.7,1.6539,1
1344.7,0.44404,2
1345.4,0.40816,2
1346.8,0.34246,2
1348.2,0.35711,2
1348.9,1.6883,1
1349.6,1.6441,1
1350.3,0.39527,2
1350.3,1.8064,1
1351,1.7308,1
1351,0.55711,2
1351.7,1.6673,1
1352.4,1.8157,1
1353.1,1.6533,1
1353.8,0.52232,2
1353.8,1.7149,1
1355.2,1.7169,1
1355.9,1.691,1
1356.6,1.7646,1
1357.3,0.53161,2
1357.3,1.8668,1
1358,0.45865,2
1358.7,0.6335,2
1358.7,1.6519,1
1359.4,1.6463,1
1359.4,0.41771,2
1360.1,1.7124,1
1360.8,0.524,2
1360.8,1.502,1
1361.5,0.57848,2
1361.5,1.6435,1
1362.2,1.8414,1
1362.9,0.53282,2
1362.9,1.6383,1
1363.6,1.7023,1
1364.3,0.56052,2
1364.3,1.7645,1
1365,0.16994,2
1365.7,0.55144,2
1365.7,1.7335,1
1366.4,0.58789,2
1366.4,1.6656,1
1367.1,1.7326,1
1367.8,0.57739,2
1368.5,1.4534,1
1368.5,0.52359,2
1369.2,0.33977,2
1369.2,1.657,1
1369.9,1.7308,1
1369.9,0.14921,2
1370.6,1.6537,1
1370.6,0.30094,2
1371.3,1.7011,1
1371.3,0.86349,2
1372,1.7323,1
1372,0.71094,2
1372.7,1.5026,1
1373.4,1.6357,1
1373.4,0.16433,2
1374.1,0.71002,2
1374.1,1.6376,1
1374.8,1.717,1
1374.8,0.5781,2
1375.5,1.7909,1
1375.5,0.3284,2
1376.2,0.47736,2
1376.9,1.6914,1
1376.9,0.50427,2
1377.6,0.14638,2
1378.3,0.57173,2
1378.3,1.9267,1
1379,0.51246,2
1379.7,1.6927,1
1379.7,0.63517,2
1380.4,-0.025758,2
1380.4,1.7088,1
1381.1,0.49784,2
1381.1,1.6706,1
1381.8,1.5869,1
1381.8,-2.4474,2
1382.5,1.7453,1
1383.2,1.6887,1
1383.9,1.8415,1
1383.9,-0.036139,2
1384.6,0.24241,2
1384.6,1.6967,1
1385.3,1.5735,1
1386,1.677,1
1386,0.55337,2
1386.7,1.8692,1
1386.7,0.16177,2
1387.4,0.16453,2
1388.1,0.40247,2
1388.1,1.5527,1
1388.8,1.8106,1
1388.8,0.27451,2
1389.5,1.7592,1
1389.5,0.11172,2
1390.2,1.629,1
1390.2,0.054041,2
1390.9,1.8315,1
1391.6,1.6368,1
1392.3,-0.012859,2
1392.3,1.7719,1
1393,-0.15773,2
1393,1.5877,1
1393.7,-0.29238,2
1393.7,1.691,1
1394.4,0.019283,2
1394.4,1.671,1
1395.1,0.091808,2
1395.8,0.12044,2
1397.2,-0.053462,2
1397.2,1.7177,1
1397.9,-0.13356,2
1397.9,1.7217,1
1398.6,-0.053766,2
1398.6,1.6706,1
1399.3,1.5871,1
1399.3,-0.22345,2
1400,-0.40275,2
1400.7,1.7901,1
1401.4,1.6239,1
1401.4,-0.041709,2
1402.1,-0.20019,2
1402.8,1.6097,1
1402.8,-0.34062,2
1403.5,1.8637,1
1403.5,-0.33811,2
1404.2,-0.40085,2
1404.2,1.6836,1
1404.9,-0.19917,2
1404.9,1.6509,1
1405.6,-0.076903,2
1405.6,-0.65597,2
1406.3,-0.45756,2
1407,-0.39911,2
1407,1.7608,1
1407.7,-0.3058,2
1407.7,1.639,1
1408.4,1.7226,1
1409.1,-0.14461,2
1409.1,1.8277,1
1409.8,-0.15238,2
1409.8,1.6137,1
1410.5,-0.50174,2
1410.5,1.7604,1
1411.2,1.7354,1
1411.9,-0.35819,2
1411.9,1.6941,1
1412.6,-0.21955,2
1412.6,1.5566,1
1412.6,-6.4411,2
1413.3,-1.7119,2
1413.3,-0.13205,2
1413.3,1.5852,1
1414,-0.24105,2
1414,1.7729,1
1414.7,-0.013037,2
1415.4,-0.35165,2
1415.4,1.7374,1
1415.4,-3.7316,2
1416.1,-0.23073,2
1416.8,-0.3818,2
1416.8,1.6844,1
1417.5,1.5728,1
1417.5,-0.20898,2
1418.2,1.7138,1
1418.2,-0.40409,2
1418.9,1.583,1
1418.9,-0.42998,2
1420.3,1.69,1
1420.3,-0.61215,2
1421,1.655,1
1421,-0.52554,2
1421.7,1.453,1
1421.7,-0.28705,2
1422.4,1.535,1
1422.4,-0.27685,2
1423.1,-0.32763,2
1423.8,-0.55301,2
1423.8,1.4421,1
1424.5,-0.44227,2
1425.2,-10.534,2
1425.2,1.7961,1
1425.2,-0.31997,2
1425.9,-3.7745,2
1425.9,-0.31742,2
1425.9,1.6452,1
1426.6,1.7009,1
1426.6,-0.50197,2
1427.3,1.6287,1
1427.3,-0.37754,2
1428,-0.50162,2
1428.7,-0.47877,2
1429.4,1.5524,1
1429.4,-0.2484,2
1430.1,1.6887,1
1430.1,-0.31158,2
1430.8,-1.492,2
1430.8,1.7524,1
1430.8,-0.40525,2
1431.5,-0.17294,2
1431.5,-0.88396,2
1432.2,-0.38772,2
1432.2,1.48,1
1432.9,-0.40687,2
1432.9,1.7667,1
1433.6,1.7431,1
1433.6,-5.2997,2
1433.6,-0.4237,2
1434.3,-0.45956,2
1434.3,1.7493,1
1435,-0.48909,2
1435,1.7538,1
1435.7,1.8018,1
1435.7,-0.46925,2
1436.4,-0.40777,2
1436.4,-1.9325,2
1436.4,-1.3279,2
1437.8,1.6688,1
1437.8,0.40151,2
1437.8,-0.49674,2
1438.5,-0.24275,2
1438.5,1.7812,1
1439.2,-0.48071,2
1439.2,1.6802,1
1439.9,1.9204,1
1439.9,-0.47123,2
1440.6,1.495,1
1440.6,-0.36712,2
1441.3,1.6576,1
1441.3,-0.36454,2
1442,-0.41867,2
1442,1.643,1
1442.7,-0.34651,2
1442.7,1.6348,1
1443.4,-0.58155,2
1443.4,1.4967,1
1444.1,1.6217,1
1444.1,-0.28073,2
1444.1,-8.4135,2
1444.8,-0.35487,2
1445.5,-0.34716,2
1445.5,1.6757,1
1446.2,-0.42175,2
1446.2,1.7204,1
1446.2,-4.8375,2
1446.9,1.7098,1
1446.9,-0.56788,2
1447.6,-0.50059,2
1447.6,1.7018,1
1448.3,-0.20987,2
1448.3,1.6652,1
1449,1.6649,1
1449,-0.49596,2
1449.7,-0.47963,2
1450.4,1.6068,1
1450.4,-0.56926,2
1451.1,-0.4737,2
1451.1,1.4954,1
1451.8,1.6643,1
1451.8,-0.35187,2
1451.8,-1.4736,2
1452.5,-0.5835,2
1452.5,1.8052,1
1453.2,1.6047,1
1453.2,-0.68377,2
1453.9,-0.55643,2
1454.6,1.715,1
1454.6,-0.37621,2
1455.3,1.7388,1
1455.3,-0.43485,2
1456,-0.44498,2
1456,1.8267,1
1456.7,-0.5024,2
1456.7,1.7486,1
1457.4,-0.43979,2
1457.4,1.6012,1
1458.1,-0.45458,2
1458.1,1.7421,1
1458.8,1.5592,1
1458.8,-0.49431,2
1459.5,-0.41942,2
1459.5,1.6885,1
1460.2,1.7502,1
1460.2,-0.57767,2
1460.9,1.6899,1
1460.9,-7.0312,2
1460.9,-0.57415,2
1461.6,-0.51846,2
1462.3,1.1957,1
1462.3,-0.40189,2
1463,-0.41451,2
1463,1.6923,1
1463.7,1.6954,1
1463.7,-0.66752,2
1464.4,-0.41692,2
1464.4,1.6009,1
1465.1,-0.51449,2
1465.1,1.6801,1
1465.8,-0.4789,2
1466.5,-0.66836,2
1466.5,1.645,1
1467.2,1.5584,1
1467.2,-0.51001,2
1467.2,-4.5208,2
1467.9,-0.68889,2
1467.9,1.505,1
1468.6,1.6041,1
1469.3,-0.64336,2
1469.3,1.6996,1
1470,-0.63313,2
1470,1.6054,1
1470.7,1.4009,1
1470.7,-0.6759,2
1471.4,-0.53411,2
1472.1,-0.52046,2
1472.1,1.7046,1
1472.8,1.6012,1
1472.8,-0.54207,2
1473.5,1.7618,1
1473.5,-0.5412,2
1474.2,-3.8306,2
1474.2,-0.34335,2
1474.9,-0.57408,2
1474.9,1.5206,1
1475.6,1.552,1
1475.6,-0.57144,2
1476.3,1.5862,1
1476.3,-0.6597,2
1477,1.6845,1
1477,-0.49435,2
1477.7,-0.6086,2
1477.7,1.6716,1
1478.4,-0.90944,2
1478.4,1.7058,1
1478.4,-0.015157,2
1479.1,-0.566,2
1479.1,-3.7978,2
1479.1,1.7462,1
1479.1,0.18927,2
1479.8,1.6283,1
1479.8,-0.60654,2
1480.5,1.821,1
1480.5,-0.5613,2
1481.2,1.6872,1
1481.2,-0.70615,2
1481.9,-0.79953,2
1482.6,-0.57234,2
1482.6,1.7317,1
1483.3,-0.53965,2
1483.3,1.732,1
1484,-0.53022,2
1484,1.6041,1
1484.7,1.7357,1
1484.7,-0.49121,2
1485.4,-3.8407,2
1485.4,-0.68173,2
1485.4,1.5811,1
1486.1,1.68,1
1486.8,-0.74992,2
1486.8,1.6073,1
1487.5,-0.67371,2
1488.2,1.4181,1
1488.2,-0.67632,2
1488.9,-0.51736,2
1489.6,-0.64964,2
1490.3,-0.61974,2
1490.3,1.7493,1
1491,1.6585,1
1491,-0.67548,2
1491.7,-0.71836,2
1491.7,1.8804,1
1492.4,-0.56454,2
1493.1,-0.59426,2
1493.1,1.7017,1
1493.8,1.4953,1
1494.5,-14.891,2
1494.5,1.5429,1
1494.5,-0.72429,2
1495.2,-0.46325,2
1495.2,1.8071,1
1495.9,-10.835,2
1495.9,1.636,1
1495.9,-0.49724,2
1495.9,0.093988,2
1496.6,-0.52687,2
1496.6,1.5739,1
1497.3,-0.57155,2
1497.3,1.5868,1
1498,-0.92027,2
1498,1.4845,1
1498.7,-0.71997,2
1498.7,1.6754,1
1499.4,1.7202,1
1500.1,-13.878,2
1500.1,1.747,1
1500.1,-0.5101,2
1500.8,-0.63878,2
1500.8,1.638,1
1501.5,-0.67117,2
1501.5,1.6313,1
1502.2,1.6045,1
1502.2,-0.93588,2
1502.9,-0.64941,2
1502.9,1.4951,1
1503.6,-0.65312,2
1503.6,1.5243,1
1504.3,-0.49418,2
1504.3,1.6578,1
1505,-0.79567,2
1505,1.59,1
1505.7,-0.65938,2
1505.7,1.6793,1
1505.7,-1.5147,2
1506.4,1.5413,1
1506.4,-17.988,2
1506.4,-0.59978,2
1507.1,1.6205,1
1507.1,-0.73467,2
1507.8,-0.64263,2
1507.8,1.7289,1
1508.5,-0.78938,2
1508.5,1.6606,1
1509.2,-0.64651,2
1509.2,1.6455,1
1509.9,-0.5948,2
1509.9,1.7304,1
1510.6,-0.75156,2
1510.6,1.7989,1
1511.3,1.7596,1
1511.3,-0.7719,2
1512,-0.71866,2
1512,1.6264,1
1512.7,-0.73473,2
1512.7,1.7856,1
1513.4,-0.91053,2
1513.4,1.5736,1
1514.1,-0.92377,2
1514.1,1.7859,1
1514.8,-0.7945,2
1515.5,1.7566,1
1515.5,-0.72092,2
1516.2,-0.59504,2
1516.2,1.6459,1
1516.9,1.6222,1
1516.9,-0.64955,2
1516.9,-4.6222,2
1517.6,1.688,1
1517.6,-4.13,2
1517.6,-0.65883,2
1518.3,-0.5971,2
1518.3,1.6314,1
1519,-0.67559,2
1519,1.6538,1
1519.7,-0.628,2
1519.7,1.6552,1
1520.4,1.5947,1
1520.4,-0.91198,2
1521.1,-0.6904,2
1521.1,1.4684,1
1521.8,1.747,1
1521.8,-0.71495,2
1522.5,1.5338,1
1523.2,-0.64367,2
1523.2,1.6274,1
1523.9,-0.62154,2
1523.9,-7.352,2
1523.9,1.604,1
1524.6,-0.59188,2
1524.6,1.6805,1
1525.3,-0.48472,2
1526,-0.59758,2
1526,1.8098,1
1526.7,1.6211,1
1527.4,-0.67215,2
1527.4,1.6154,1
1528.1,1.5039,1
1528.1,-1.0754,2
1528.8,1.6339,1
1528.8,-0.58621,2
1529.5,1.5715,1
1530.2,-0.54973,2
1530.2,1.7668,1
1530.2,-3.8294,2
1530.9,1.6865,1
1531.6,-0.63406,2
1532.3,1.7253,1
1532.3,-0.62876,2
1533,-0.62658,2
1533.7,1.4556,1
1534.4,-0.66483,2
1534.4,1.6285,1
1535.1,1.654,1
1535.1,-0.71997,2
1535.8,1.7474,1
1535.8,-0.6515,2
1536.5,-0.62059,2
1536.5,1.6819,1
1537.2,-0.86823,2
1537.9,1.8014,1
1537.9,-0.61924,2
1538.6,-0.5856,2
1538.6,1.8309,1
1540,1.62,1
1540,-0.78582,2
1540.7,-0.64909,2
1540.7,1.7396,1
1541.4,-0.83679,2
1541.4,1.8071,1
1541.4,0.38675,2
1542.1,-0.78337,2
1542.1,1.9181,1
1542.8,1.6916,1
1542.8,-0.65183,2
1542.8,-1.2977,2
1543.5,-1.0383,2
1544.2,1.7668,1
1544.2,-0.85008,2
1544.9,-5.7709,2
1544.9,-0.76114,2
1544.9,1.6501,1
1545.6,1.7945,1
1545.6,-0.62421,2
1546.3,-0.76501,2
1546.3,1.7437,1
1547,-0.61395,2
1547.7,-0.88623,2
1548.4,1.6265,1
1548.4,-0.79951,2
1549.1,1.6519,1
1549.1,-1.222,2
1550.5,-0.52086,2
1550.5,1.5525,1
1551.2,-0.91887,2
1551.9,-1.0572,2
1551.9,1.3332,1
1552.6,-0.84769,2
1552.6,1.6353,1
1553.3,-0.69167,2
1554,-0.65706,2
1554,1.6891,1
1554.7,1.7231,1
1554.7,-5.881,2
1554.7,-0.47609,2
1555.4,-0.59992,2
1555.4,1.7119,1
1555.4,0.85452,2
1556.1,-1.0029,2
1556.1,1.5749,1
1556.1,-5.0552,2
1556.8,1.7869,1
1556.8,-0.70888,2
1557.5,1.4818,1
1557.5,-0.61146,2
1558.2,1.1776,1
1558.2,1.815,1
1558.2,-1.0358,2
1559.6,1.7508,1
1560.3,-0.74828,2
1560.3,1.6393,1
1560.3,0.5848,2
1561,-0.62098,2
1561,1.9015,1
1561.7,1.7081,1
1561.7,-0.59441,2
1562.4,-0.8078,2
1562.4,1.5286,1
1563.1,1.7758,1
1563.8,-0.74396,2
1563.8,1.676,1
1564.5,1.5652,1
1564.5,-0.77819,2
1565.2,1.7136,1
1565.2,-0.82669,2
1565.9,-0.78716,2
1566.6,-0.78619,2
1566.6,1.8262,1
1567.3,-0.70483,2
1567.3,1.8851,1
1568,-0.69904,2
1568.7,-0.79494,2
1568.7,1.8177,1
1569.4,-0.75686,2
1569.4,1.8144,1
1570.1,1.5235,1
1570.1,-0.69469,2
1570.8,-0.87975,2
1570.8,1.7818,1
1571.5,1.7943,1
1572.2,1.6768,1
1572.9,1.6941,1
1572.9,-0.78885,2
1573.6,1.7367,1
1573.6,-0.78964,2
1574.3,-1.0444,2
1575,1.8359,1
1575.7,1.7538,1
1575.7,-0.82747,2
1576.4,1.0614,2
1576.4,1.6365,1
1576.4,-0.79206,2
1577.1,-0.84636,2
1577.8,-0.82585,2
1577.8,-1.4631,2
1578.5,-7.2283,2
1578.5,1.5998,1
1579.9,-0.8106,2
1579.9,1.6178,1
1579.9,-4.6176,2
1580.6,1.6608,1
1581.3,-0.63656,2
1581.3,1.5059,1
1582,1.6392,1
1582,-0.55674,2
1582.7,-0.60704,2
1582.7,1.5993,1
1583.4,-2.0671,2
1583.4,1.6425,1
1583.4,-11.882,2
1584.1,-0.76244,2
1584.1,1.4282,1
1584.8,1.7098,1
1585.5,-0.72496,2
1585.5,1.6412,1
1586.2,1.5503,1
1586.2,-0.72601,2
1586.9,1.5771,1
1586.9,-0.76201,2
1587.6,1.6539,1
1587.6,-0.79312,2
1588.3,-0.75098,2
1588.3,1.3139,1
1589,-0.71785,2
1589,1.5658,1
1589.7,-0.62451,2
1589.7,1.6649,1
1589.7,-4.4582,2
1589.7,-1.255,2
1589.7,-5.2753,2
1590.4,-0.77635,2
1590.4,1.6634,1
1591.1,-0.91787,2
1591.1,-1.5235,2
1591.1,-8.8565,2
1591.1,1.6564,1
1591.8,-0.59657,2
1591.8,1.5222,1
1592.5,-0.77223,2
1592.5,1.7285,1
1593.2,1.5414,1
1593.2,-0.68432,2
1593.9,-0.64834,2
1593.9,1.5908,1
1594.6,1.6116,1
1595.3,19.49,1
1595.3,1.625,1
1595.3,-0.34907,2
1596,-0.51686,2
1596,1.7455,1
1596.7,-0.24417,2
1596.7,1.7199,1
1597.4,-0.68348,2
1597.4,1.5158,1
1597.4,-0.1154,2
1598.1,-0.25727,2
1598.1,1.7428,1
1598.8,-0.71017,2
1598.8,1.6619,1
1599.5,1.4806,1
1599.5,-0.59518,2
1600.2,1.7541,1
1600.2,-0.54149,2
1600.9,-0.57925,2
1600.9,1.6106,1
1601.6,1.6549,1
1601.6,-0.55459,2
1602.3,1.6676,1
1602.3,-0.68993,2
1603,-0.77315,2
1603,1.5155,1
1603.7,-0.77072,2
1603.7,1.6553,1
1604.4,-3.2889,2
1604.4,-0.46036,2
1605.1,-0.88851,2
1605.8,-0.71263,2
1605.8,1.6828,1
1606.5,-0.81477,2
1606.5,1.9183,1
1607.2,1.7894,1
1607.2,-0.93833,2
1607.9,-1.477,2
1607.9,-0.7161,2
1607.9,-1.989,2
1607.9,1.7988,1
1608.6,1.7733,1
1608.6,-0.87374,2
1609.3,-0.79362,2
1610,1.74,1
1610,-0.57531,2
1610.7,1.5766,1
1611.4,1.7984,1
1611.4,-0.88841,2
1612.1,-3.2178,2
1612.1,-0.97313,2
1612.8,-0.81821,2
1612.8,1.7373,1
1613.5,1.7363,1
1613.5,-0.85014,2
1614.2,1.6902,1
1614.2,-0.64467,2
1614.2,-5.0688,2
1614.9,-0.88743,2
1614.9,1.5907,1
1615.6,1.8091,1
1615.6,-1.0029,2
1616.3,-2.8412,2
1616.3,-0.7226,2
1616.3,1.7132,1
1617,1.769,1
1617,-0.91246,2
1617.7,1.5271,1
1618.4,-0.8196,2
1618.4,1.6908,1
1618.4,0.82757,2
1619.1,-1.1412,2
1619.1,1.5784,1
1619.8,-0.90759,2
1619.8,1.7061,1
1620.5,1.6546,1
1620.5,-0.9361,2
1621.2,1.5336,1
1621.2,-0.94071,2
1621.9,-0.87265,2
1621.9,1.5149,1
1622.6,-0.92433,2
1622.6,1.4243,1
1623.3,1.5747,1
1623.3,-0.98752,2
1624,1.6604,1
1624,-0.7686,2
1624.7,-0.87205,2
1624.7,1.8811,1
1625.4,1.5993,1
1625.4,-0.81479,2
1626.1,1.6226,1
1626.1,-0.75331,2
1626.8,1.4642,1
1626.8,-0.9311,2
1627.5,1.4155,1
1627.5,-0.93406,2
1628.9,-0.94601,2
1628.9,1.4159,1
1629.6,-0.83067,2
1629.6,1.4761,1
1629.6,-4.2236,2
1630.3,1.8311,1
1631,1.666,1
1631,-0.82671,2
1631.7,-0.88283,2
1631.7,-14.19,2
1632.4,-0.86173,2
1632.4,1.6253,1
1633.1,-0.91768,2
1633.1,1.7775,1
1633.8,1.6837,1
1633.8,-0.87489,2
1634.5,1.9003,1
1634.5,-1.0191,2
1635.2,-0.89772,2
1635.2,1.4449,1
1635.9,1.6565,1
1636.6,-0.96169,2
1637.3,-5.5502,2
1637.3,1.7818,1
1637.3,-0.95939,2
1638,-0.77537,2
1638,1.6793,1
1638.7,-1.1058,2
1639.4,-0.66614,2
1639.4,1.9024,1
1640.1,1.7583,1
1640.1,-1.1253,2
1640.8,-0.90275,2
1640.8,1.7356,1
1641.5,1.8057,1
1642.2,-1.0271,2
1642.9,1.6812,1
1643.6,-1.0128,2
1643.6,1.7015,1
1644.3,-0.88211,2
1644.3,1.644,1
1645,-0.91676,2
1645,1.7071,1
1645.7,-0.93466,2
1645.7,1.676,1
1646.4,1.5946,1
1647.1,1.654,1
1647.8,-0.93185,2
1647.8,1.5817,1
1648.5,1.6625,1
1648.5,-1.1243,2
1649.2,1.7009,1
1649.2,-0.82909,2
1649.9,-0.91016,2
1649.9,1.3462,1
1649.9,0.090081,2
1650.6,1.5174,1
1650.6,-0.9299,2
1651.3,1.6976,1
1651.3,-0.97131,2
1652,-1.0362,2
1652,1.6049,1
1652.7,-1.1384,2
1652.7,1.5247,1
1653.4,1.619,1
1653.4,-1.0432,2
1654.1,1.6558,1
1654.1,-0.94687,2
1655.5,-1.16,2
1655.5,1.6848,1
1656.2,1.5376,1
1656.2,-1.2737,2
1656.9,1.577,1
1656.9,-0.96531,2
1657.6,1.6216,1
1658.3,1.6646,1
1658.3,-1.1628,2
1659,1.6793,1
1659,-13.561,2
1659,-1.0894,2
1659.7,-1.0574,2
1659.7,1.4578,1
1660.4,1.7462,1
1660.4,-0.84117,2
1661.1,1.5444,1
1661.1,-3.4454,2
1661.1,-1.1992,2
1661.8,-1.1534,2
1661.8,1.8095,1
1662.5,1.6733,1
1662.5,-0.3469,2
1662.5,-1.2531,2
1663.2,-1.1238,2
1663.2,1.7327,1
1663.9,1.7916,1
1664.6,-1.0914,2
1664.6,1.6931,1
1665.3,-1.2717,2
1665.3,1.7991,1
1666,1.8389,1
1666,-1.0459,2
1666.7,1.784,1
1666.7,-1.1731,2
1667.4,-1.1408,2
1667.4,1.7235,1
1668.1,-1.1301,2
1668.8,-1.198,2
1668.8,1.5573,1
1669.5,1.7061,1
1669.5,-1.1553,2
1670.2,1.6578,1
1670.2,-1.2383,2
1670.9,1.8145,1
1671.6,1.6339,1
1672.3,1.7493,1
1672.3,-1.1598,2
1673,1.6929,1
1673,-1.0886,2
1673.7,1.5266,1
1673.7,-1.0757,2
1674.4,-0.92786,2
1675.1,-0.97218,2
1675.8,1.5581,1
1675.8,-1.1281,2
1676.5,1.4837,1
1676.5,-1.087,2
1677.2,-1.2104,2
1677.2,1.7793,1
1677.9,1.5506,1
1678.6,1.333,1
1679.3,-1.6557,2
1679.3,1.6159,1
1680,1.5465,1
1680,-1.0508,2
1680.7,1.7011,1
1680.7,-1.0944,2
1681.4,-1.2933,2
1681.4,1.668,1
1682.1,-1.2089,2
1682.1,1.7274,1
1682.8,-1.7202,2
1682.8,1.7481,1
1683.5,-1.1297,2
1683.5,1.804,1
1684.2,1.6678,1
1684.2,-1.5342,2
1684.9,1.7308,1
1685.6,-1.5401,2
1685.6,1.6687,1
1686.3,-1.6687,2
1686.3,1.3926,1
1686.3,-9.2414,2
1687,1.6433,1
1687,-1.6037,2
1687.7,1.7938,1
1687.7,-1.8286,2
1688.4,-2.285,2
1689.1,1.7025,1
1689.8,-7.352,2
1689.8,-1.8287,2
1689.8,1.4959,1
1690.5,1.3775,1
1690.5,-1.8602,2
1691.2,-1.9113,2
1691.2,1.6762,1
1691.9,-1.8066,2
1692.6,-2.0373,2
1692.6,1.7201,1
1693.3,-2.0832,2
1694,1.636,1
1694,-2.011,2
1694.7,1.7039,1
1694.7,-2.1203,2
1695.4,1.8905,1
1695.4,-2.0009,2
1696.1,1.682,1
1696.8,-2.2036,2
1696.8,1.5086,1
1697.5,-1.9002,2
1697.5,1.6911,1
1698.2,-1.9253,2
1698.2,1.6832,1
1698.2,-1.1106,2
1698.9,-2.0757,2
1699.6,-8.4136,2
1699.6,1.6671,1
1699.6,-1.8842,2
1701,-2.047,2
1701.7,-2.2263,2
1701.7,1.6321,1
1703.1,-1.9101,2
1703.1,1.7047,1
1703.8,-2.008,2
1703.8,-8.6763,2
1703.8,1.6796,1
1704.5,1.6633,1
1704.5,-2.2154,2
1705.2,1.3101,1
1705.2,-1.7753,2
1705.9,-1.8943,2
1705.9,1.8805,1
1706.6,1.6841,1
1706.6,-2.1076,2
1707.3,-1.9298,2
1707.3,0.61825,2
1708,-1.9946,2
1708,-3.0118,2
1708,1.6937,1
1708.7,1.7792,1
1708.7,-1.7488,2
1709.4,-2.1245,2
1709.4,1.711,1
1709.4,1.1468,1
1710.1,-1.9129,2
1710.8,1.5706,1
1710.8,-1.6977,2
1711.5,-2.184,2
1711.5,-1.4258,2
1711.5,1.6255,1
1712.2,1.7855,1
1712.2,-1.7922,2
1712.9,1.5161,1
1713.6,1.4855,1
1713.6,-1.631,2
1714.3,-2.0886,2
1714.3,1.6441,1
1715,1.5886,1
1715.7,1.6478,1
1715.7,-2.0299,2
1716.4,-1.5647,2
1717.1,-0.38512,2
1717.8,1.6363,1
1717.8,-1.4707,2
1718.5,-1.5429,2
1718.5,-0.28435,2
1719.2,1.7641,1
1719.2,-1.1452,2
1719.2,-0.34716,2
1719.9,-1.714,2
1720.6,-1.493,2
1720.6,1.6234,1
1720.6,-5.8395,2
1720.6,-10.151,2
1721.3,-1.0291,2
1721.3,-1.6659,2
1721.3,1.7943,1
1722,1.7658,1
1722,-1.1167,2
1722.7,-1.0405,2
1722.7,1.7222,1
1723.4,-1.2601,2
1724.1,1.8047,1
1724.8,-0.65537,2
1724.8,1.621,1
1724.8,-0.12357,2
1725.5,-0.34304,2
1725.5,1.6357,1
1726.2,-0.26682,2
1726.2,1.6697,1
1726.9,-1.178,2
1726.9,1.4954,1
1726.9,-0.12766,2
1727.6,-2.0197,2
1727.6,-0.32216,2
1727.6,1.616,1
1728.3,1.6105,1
1728.3,-0.26311,2
1729,1.6032,1
1729.7,-0.16842,2
1730.4,-1.7391,2
1730.4,1.5179,1
1731.1,0.45211,2
1731.1,-2.1148,2
1731.1,-0.32336,2
1731.8,0.0081074,2
1731.8,-1.7892,2
1732.5,-2.1134,2
1732.5,1.763,1
1733.2,1.6495,1
1733.9,1.7754,1
1733.9,-1.8424,2
1734.6,1.6414,1
1734.6,0.46053,2
1734.6,1.0049,2
1735.3,-1.824,2
1735.3,1.9501,1
1736,0.59121,2
1736,-0.43879,2
1736,1.6029,1
1736.7,-2.186,2
1736.7,1.7451,1
1737.4,-0.81019,2
1737.4,-2.217,2
1738.1,-1.9672,2
1738.1,1.7746,1
1738.8,-6.8049,2
1738.8,-2.1492,2
1739.5,-2.0259,2
1739.5,1.6562,1
1740.2,-2.2467,2
1740.9,-2.1251,2
1741.6,1.4096,1
1742.3,-2.2998,2
1742.3,1.7872,1
1743,-2.295,2
1743,1.4064,1
1743.7,1.3214,1
1743.7,-2.2551,2
1744.4,1.757,1
1744.4,-2.5014,2
1745.1,-2.2397,2
1745.1,1.6453,1
1745.8,-2.3636,2
1745.8,1.7625,1
1746.5,1.5914,1
1747.2,-2.2852,2
1747.9,-2.2557,2
1747.9,1.7696,1
1748.6,-2.2745,2
1749.3,1.5654,1
1750,1.4067,1
1750,-2.3291,2
1750.7,-2.7204,2
1750.7,1.7126,1
1751.4,1.8341,1
1751.4,-2.29,2
1752.1,1.7547,1
1752.1,-2.1512,2
1752.8,1.7677,1
1753.5,1.7496,1
1753.5,-2.3476,2
1754.2,-2.2685,2
1754.2,1.7566,1
1754.9,-2.4722,2
1754.9,1.7976,1
1755.6,1.7356,1
1755.6,-2.3204,2
1756.3,-2.1486,2
1756.3,1.6948,1
1757,-2.2732,2
1757,1.6375,1
1757.7,1.6242,1
1757.7,-1.9893,2
1758.4,1.7222,1
1758.4,-2.2317,2
1759.1,-2.3442,2
1759.1,1.685,1
1759.8,1.7169,1
1759.8,-2.1835,2
1760.5,1.9069,1
1760.5,-3.3181,2
1761.2,1.644,1
1761.2,-2.2712,2
1761.9,-2.1076,2
1761.9,1.8175,1
1762.6,-2.1143,2
1762.6,1.827,1
1763.3,-1.8887,2
1763.3,1.6389,1
1764,-2.5092,2
1764,1.6974,1
1764.7,-2.2035,2
1765.4,1.6837,1
1765.4,-2.2288,2
1766.1,1.8229,1
1766.8,1.6893,1
1766.8,-2.0645,2
1767.5,-1.9873,2
1767.5,1.7342,1
1768.2,1.855,1
1768.2,-2.0197,2
1768.9,-2.0153,2
1769.6,-2.0022,2
1769.6,1.6971,1
1770.3,1.6877,1
1770.3,-2.1582,2
1771,-1.9708,2
1771,1.7102,1
1772.4,-1.8711,2
1773.1,-1.9165,2
1773.1,1.753,1
1773.8,-1.8308,2
1774.5,-0.4395,2
1775.2,-0.57882,2
1775.2,0.32268,2
1775.2,-1.866,2
1775.9,-2.4631,2
1775.9,-0.83219,2
1775.9,-0.30732,2
1775.9,1.7121,1
1776.6,1.6407,1
1776.6,-0.85452,2
1777.3,1.5552,1
1777.3,-1.8852,2
1777.3,-0.0023438,2
1778,1.5513,1
1778.7,1.6064,1
1778.7,-11.093,2
1778.7,-0.19416,2
1779.4,-0.35186,2
1779.4,-1.8645,2
1779.4,1.5682,1
1780.1,-0.024678,2
1780.8,-2.6934,2
1780.8,-0.34211,2
1780.8,1.6174,1
1780.8,-1.696,2
1781.5,-0.42639,2
1781.5,-1.0368,2
1781.5,1.6057,1
1782.2,1.7909,1
1782.2,-0.38505,2
1782.9,1.5141,1
1782.9,0.24101,2
1782.9,-0.76296,2
1783.6,0.1905,2
1783.6,1.6082,1
1784.3,1.5293,1
1784.3,-0.14895,2
1785,-0.10877,2
1785,1.7026,1
1785,0.55694,2
1785.7,-7.2431,2
1785.7,-0.53111,2
1785.7,1.7242,1
1785.7,0.26122,2
1786.4,1.6508,1
1787.1,1.6682,1
1787.8,-0.047212,2
1787.8,1.559,1
1788.5,1.6999,1
1788.5,-0.60393,2
1788.5,-1.3884,2
1789.2,1.5508,1
1789.9,1.6663,1
1790.6,0.17092,2
1790.6,1.7234,1
1790.6,-0.69199,2
1791.3,1.4163,1
1791.3,-0.59159,2
1791.3,-1.0942,2
1792,1.6486,1
1792,-0.72385,2
1792.7,-0.54138,2
1792.7,1.578,1
1793.4,1.6455,1
1793.4,-0.59366,2
1793.4,0.11555,2
1794.1,1.6373,1
1794.1,-0.81054,2
1794.8,1.7957,1
1794.8,0.045704,2
1794.8,-1.7545,2
1794.8,-0.86742,2
1795.5,-0.2738,2
1796.2,-0.55872,2
1796.2,1.8669,1
1796.2,1.3232,1
1796.9,-1.5066,2
1797.6,-1.4709,2
1797.6,1.7596,1
1798.3,-1.5831,2
1798.3,1.8333,1
1799,1.7481,1
1799,-1.5659,2
1799.7,-1.4842,2
1799.7,1.7908,1
1799.7,-7.6738,2
1800.4,1.7223,1
1800.4,-1.7037,2
1801.1,-1.943,2
1801.1,1.7998,1
1801.8,-3.2296,2
1801.8,1.5152,1
1801.8,-2.1209,2
1802.5,1.852,1
1802.5,-1.7204,2
1803.2,1.7627,1
1803.2,-1.7708,2
1803.9,-1.9016,2
1804.6,1.7431,1
1804.6,-8.3506,2
1805.3,-1.9559,2
1805.3,1.7709,1
1805.3,-7.3406,2
1806,1.4343,1
1806,-1.2089,2
1806,-1.9324,2
1806.7,-2.0692,2
1806.7,1.4663,1
1807.4,1.1991,1
1807.4,-2.0841,2
1807.4,-1.1792,2
1808.1,1.659,1
1808.1,-2.0266,2
1808.8,1.8441,1
1808.8,-0.46245,2
1808.8,-1.5531,2
1809.5,1.536,1
1809.5,-0.25614,2
1810.2,1.5537,1
1810.2,-1.5247,2
1810.9,-1.5954,2
1810.9,-0.66415,2
1811.6,-0.17069,2
1812.3,1.6568,1
1812.3,-1.2188,2
1813,1.5871,1
1813,-1.9328,2
1813.7,-1.1431,2
1814.4,1.5683,1
1814.4,-0.64763,2
1815.1,1.3777,1
1815.1,-0.36847,2
1815.8,-0.89272,2
1815.8,1.6158,1
1816.5,1.6104,1
1817.2,0.78678,2
1817.2,-0.037054,2
1817.2,-0.94828,2
1817.2,1.5346,1
1817.9,1.589,1
1817.9,-0.21426,2
1817.9,-0.85146,2
1817.9,-1.4234,2
1818.6,-2.075,2
1818.6,0.08266,2
1818.6,-0.82903,2
1819.3,1.5892,1
1819.3,-0.042233,2
1820,0.41201,2
1820,1.6189,1
1820,-1.0449,2
1820,-0.52314,2
1820.7,-0.8125,2
1820.7,1.3834,1
1821.4,1.608,1
1821.4,-0.4929,2
1822.1,-1.2851,2
1822.1,1.6258,1
1822.8,-1.2586,2
1822.8,1.6178,1
1823.5,1.5044,1
1824.2,-1.0095,2
1824.2,1.4193,1
1824.9,1.5447,1
1824.9,-1.3515,2
1825.6,1.8078,1
1825.6,-1.1734,2
1826.3,-1.2173,2
1826.3,1.4572,1
1827,-1.2985,2
1827,1.2984,1
1827.7,-2.4797,2
1827.7,1.7136,1
1827.7,-1.5596,2
1828.4,1.9413,1
1829.1,1.8348,1
1829.1,-1.3407,2
1829.8,-0.16978,2
1830.5,1.9284,1
1831.2,-0.66975,2
1831.2,1.7598,1
1831.9,-0.47504,2
1831.9,-1.0959,2
1831.9,1.8913,1
1832.6,-1.3079,2
1832.6,1.7065,1
1833.3,-1.1449,2
1833.3,1.8882,1
1834,1.9389,1
1834,-0.31022,2
1834.7,-0.66279,2
1834.7,1.2778,1
1835.4,1.6295,1
1836.1,1.4735,1
1836.8,-0.86561,2
1836.8,2.0514,1
1837.5,1.165,1
1838.2,1.6126,1
1838.9,-5.2544,2
1838.9,-0.89979,2
1839.6,-0.92991,2
1839.6,1.6147,1
1840.3,-0.6327,2
1840.3,1.9041,1
1841,1.5986,1
1841,-0.83011,2
1841.7,-0.65313,2
1841.7,1.5616,1
1842.4,1.6548,1
1842.4,-1.1949,2
1843.1,-1.2486,2
1843.1,1.6358,1
1843.8,-0.39125,2
1843.8,1.7167,1
1843.8,-1.3832,2
1844.5,-0.89403,2
1845.2,-3.088,2
1845.2,1.571,1
1845.2,-0.68643,2
1845.9,-1.1478,2
1845.9,1.3603,1
1846.6,1.5082,1
1846.6,-0.96338,2
1846.6,-1.8338,2
1847.3,-1.5605,2
1847.3,1.7166,1
1848,-1.982,2
1848.7,1.4712,1
1848.7,-1.5208,2
1848.7,-2.0298,2
1849.4,1.6558,1
1849.4,-1.3589,2
1850.1,-2.4094,2
1850.1,-1.8737,2
1850.1,-0.17242,2
1850.8,-1.5456,2
1850.8,1.5956,1
1851.5,-1.1035,2
1851.5,1.7215,1
1852.2,-2.1573,2
1852.2,1.6956,1
1852.9,-1.188,2
1852.9,-0.14138,2
1852.9,-1.9119,2
1852.9,1.9143,1
1853.6,1.6988,1
1854.3,-1.5172,2
1854.3,1.5703,1
1854.3,-2.3796,2
1855,1.7063,1
1855,-0.49516,2
1855.7,1.7855,1
1855.7,-2.1041,2
1856.4,1.7107,1
1856.4,-2.7946,2
1856.4,-2.1917,2
1856.4,0.093575,2
1857.1,1.6349,1
1857.1,-2.227,2
1857.8,1.6783,1
1858.5,-2.3532,2
1858.5,1.7593,1
1859.2,-2.7137,2
1859.2,1.7323,1
1859.2,-2.1303,2
1859.9,-2.375,2
1859.9,1.7304,1
1860.6,-2.4781,2
1860.6,1.5829,1
1861.3,-2.1571,2
1862,1.4247,1
1862,-2.5039,2
1862.7,1.6337,1
1862.7,-2.2115,2
1863.4,-2.3147,2
1863.4,1.8947,1
1865.5,-2.5802,2
1865.5,-1.7512,2
1866.2,-2.4205,2
1866.9,1.6882,1
1866.9,-2.7312,2
1867.6,1.7424,1
1867.6,-0.70542,2
1867.6,-2.3862,2
1868.3,-3.1329,2
1868.3,-2.3457,2
1868.3,1.6562,1
1869,1.8086,1
1869.7,1.6763,1
1869.7,0.17869,2
1870.4,-2.9616,2
1870.4,1.8287,1
1871.1,1.8411,1
1871.1,-2.9516,2
1871.8,1.6984,1
1871.8,-2.4609,2
1872.5,-2.7983,2
1872.5,1.6166,1
1873.2,-2.5576,2
1873.2,1.5663,1
1873.2,-0.22375,2
1873.9,-2.61,2
1873.9,1.8275,1
1874.6,-3.1351,2
1874.6,-0.23795,2
1874.6,1.739,1
1875.3,-2.13,2
1875.3,1.6186,1
1875.3,-2.6766,2
1876,1.7762,1
1876.7,-1.1956,2
1876.7,1.7917,1
1876.7,-2.9437,2
1877.4,1.8178,1
1878.1,1.735,1
1878.8,1.7113,1
1879.5,-2.911,2
1879.5,1.7025,1
1880.2,-2.8718,2
1880.9,1.785,1
1881.6,-2.866,2
1881.6,1.651,1
1882.3,-2.9098,2
1882.3,1.7422,1
1883,-2.828,2
1883.7,1.7886,1
1884.4,1.9144,1
1884.4,-2.9665,2
1885.1,-3.0787,2
1885.8,1.6942,1
1885.8,-3.2825,2
1886.5,1.8397,1
1887.2,1.9062,1
1887.9,1.6772,1
1887.9,-3.0253,2
1888.6,1.6902,1
1888.6,-3.0557,2
1889.3,-16.114,2
1889.3,1.7762,1
1889.3,-2.997,2
1890,-3.0421,2
1890,-10.052,2
1890,1.8562,1
1890.7,-3.3065,2
1890.7,1.6573,1
1891.4,-3.0283,2
1891.4,1.571,1
1892.1,-3.1768,2
1892.1,1.5888,1
1892.8,1.6694,1
1892.8,-3.1315,2
1893.5,1.8594,1
1893.5,-3.3377,2
1894.9,-3.2957,2
1894.9,1.6848,1
1894.9,-4.0787,2
1895.6,-3.4142,2
1895.6,1.6074,1
1896.3,-3.1922,2
1896.3,1.6667,1
1897,1.6174,1
1897,-12.57,2
1897,-16.933,2
1897,-3.2321,2
1897,-0.63753,2
1897.7,-3.3129,2
1897.7,1.6028,1
1897.7,-9.1361,2
1898.4,-3.1567,2
1898.4,1.4883,1
1899.1,1.5451,1
1899.1,-3.3761,2
1899.8,-3.4345,2
1899.8,1.5751,1
1900.5,1.6816,1
1900.5,-3.4196,2
1901.9,-3.3778,2
1901.9,1.5982,1
1902.6,1.7545,1
1902.6,-3.4364,2
1903.3,-3.4932,2
1903.3,1.503,1
1904,1.7022,1
1904,-3.577,2
1904.7,-3.4632,2
1904.7,1.6866,1
1905.4,1.6881,1
1905.4,-3.3844,2
1906.1,-3.4583,2
1906.1,1.6541,1
1906.8,-3.4758,2
1906.8,1.6024,1
1907.5,1.6957,1
1908.2,-3.5784,2
1908.2,1.7246,1
1908.9,-3.5196,2
1908.9,1.5055,1
1909.6,1.7407,1
1909.6,-3.6687,2
1909.6,-10.107,2
1910.3,1.666,1
1910.3,-3.3112,2
1911,1.6758,1
1911,-13.17,2
1911,-3.6024,2
1911.7,-3.4699,2
1911.7,-11.701,2
1911.7,1.6622,1
1911.7,-0.18109,2
1912.4,-3.8309,2
1912.4,1.6423,1
1913.1,-3.4508,2
1913.1,1.8133,1
1913.8,1.4834,1
1914.5,1.6233,1
1914.5,-3.5291,2
1915.2,-3.4258,2
1915.2,-13.428,2
1915.2,1.7689,1
1915.9,1.7821,1
1915.9,-3.4714,2
1916.6,-3.5757,2
1916.6,1.6962,1
1917.3,1.8062,1
1917.3,-3.5823,2
1918,1.463,1
1918.7,1.693,1
1918.7,-3.6409,2
1918.7,-20.469,2
1919.4,-3.8901,2
1919.4,1.7807,1
1920.1,-3.8202,2
1920.1,1.705,1
1920.8,1.5568,1
1920.8,-3.6024,2
1921.5,-3.5178,2
1921.5,1.536,1
1922.2,1.5144,1
1922.2,-3.9099,2
1922.9,1.6647,1
1922.9,-3.7376,2
1923.6,-3.8312,2
1923.6,1.6927,1
1924.3,-3.621,2
1924.3,1.7767,1
1925,-3.5276,2
1925,1.7772,1
1925.7,1.5426,1
1925.7,-3.036,2
1925.7,-3.6915,2
1926.4,-3.8384,2
1926.4,1.6571,1
1927.8,-3.4919,2
1927.8,1.4114,1
1929.2,-4.038,2
1929.2,1.8798,1
1929.9,-3.7745,2
1929.9,1.6887,1
1930.6,-3.583,2
1931.3,1.6179,1
1932,1.804,1
1932,-3.8768,2
1932.7,1.7648,1
1933.4,-3.4979,2
1933.4,1.7752,1
1934.1,-3.4907,2
1934.1,1.6074,1
1934.1,-2.969,2
1934.8,-3.6087,2
1934.8,1.6552,1
1935.5,1.5381,1
1936.2,-3.8054,2
1936.9,-17.79,2
1936.9,-3.4757,2
1936.9,1.6132,1
1937.6,-3.6051,2
1938.3,-3.6213,2
1938.3,1.6006,1
1939,-3.7851,2
1939,1.5189,1
1939.7,-3.7171,2
1940.4,1.6116,1
1940.4,-3.7746,2
1941.1,1.5906,1
1941.1,-3.5592,2
1941.1,-4.6471,2
1941.8,-3.5771,2
1941.8,1.5169,1
1942.5,-3.4412,2
1942.5,1.5865,1
1943.2,-1.3736,2
1943.2,1.6157,1
1943.2,-3.4636,2
1943.9,-3.7824,2
1943.9,1.6094,1
1943.9,-12.814,2
1944.6,1.7573,1
1944.6,-3.9191,2
1945.3,1.5249,1
1945.3,-3.83,2
1946,1.6731,1
1946,-3.2819,2
1946,-3.8907,2
1946.7,-3.6543,2
1946.7,1.5125,1
1946.7,-12.821,2
1947.4,-4.104,2
1947.4,-3.276,2
1947.4,-16.519,2
1948.1,-3.5593,2
1948.1,1.6233,1
1948.8,1.772,1
1948.8,-4.2647,2
1949.5,1.5524,1
1949.5,-3.9035,2
1950.2,-3.8053,2
1950.9,1.562,1
1950.9,-3.6506,2
1951.6,1.5914,1
1951.6,-3.49,2
1951.6,-4.2444,2
1952.3,1.6272,1
1953,-3.8097,2
1953,1.7395,1
1953.7,1.6982,1
1953.7,-3.7948,2
1955.1,-3.5411,2
1955.8,1.935,1
1955.8,-3.4526,2
1956.5,-3.9256,2
1956.5,1.7043,1
1956.5,-3.078,2
1957.2,1.7784,1
1957.2,-3.6231,2
1957.9,-3.7204,2
1957.9,1.8722,1
1958.6,-3.518,2
1958.6,1.7471,1
1959.3,1.354,1
1959.3,1.8866,1
1960,1.8108,1
1960,-3.4762,2
1960.7,-3.4024,2
1960.7,1.8371,1
1961.4,-14.142,2
1961.4,-4.0225,2
1961.4,1.8573,1
1961.4,-3.2342,2
1962.1,-3.5249,2
1962.1,1.645,1
1962.8,1.8419,1
1962.8,-3.2258,2
1963.5,1.9284,1
1963.5,-2.0543,2
1964.2,1.8278,1
1964.2,-3.2483,2
1964.2,-2.5609,2
1964.9,-1.9923,2
1964.9,1.6512,1
1965.6,1.8474,1
1966.3,1.6132,1
1966.3,-2.7623,2
1967,1.7326,1
1967,-2.4216,2
1967.7,-3.0184,2
1967.7,1.8941,1
1968.4,1.7281,1
1968.4,-3.5247,2
1968.4,-2.1245,2
1969.1,-1.7943,2
1969.1,-3.1813,2
1969.8,1.7067,1
1970.5,1.7496,1
1970.5,-10.575,2
1971.2,-2.9442,2
1971.2,1.5345,1
1971.9,1.6432,1
1972.6,-3.5208,2
1972.6,1.7512,1
1973.3,1.8621,1
1974,-3.9764,2
1974,1.6466,1
1974,-4.5345,2
1974.7,-3.8628,2
1974.7,-2.5574,2
1974.7,1.6347,1
1975.4,1.7152,1
1975.4,-3.5935,2
1976.1,1.602,1
1976.1,-3.6913,2
1976.8,1.5142,1
1977.5,-4.3514,2
1977.5,1.3721,1
1978.2,1.5971,1
1978.9,-2.9638,2
1978.9,-1.3399,2
1979.6,1.7877,1
1980.3,1.4839,1
1980.3,-3.7503,2
1981,1.6184,1
1981,-4.4162,2
1981,-0.53916,2
1981.7,1.6434,1
1982.4,-4.5488,2
1982.4,1.5196,1
1983.1,1.5705,1
1984.5,-5.3301,2
1984.5,1.6503,1
1984.5,-4.3053,2
1985.2,-4.6901,2
1985.2,1.5751,1
1985.9,-12.781,2
1985.9,-4.4252,2
1985.9,1.5454,1
1986.6,-4.3693,2
1987.3,-0.74391,2
1987.3,1.5718,1
1988,-2.8296,2
1988,-4.8275,2
1988.7,-4.8905,2
1988.7,1.3877,1
1989.4,1.4808,1
1990.1,-5.1441,2
1990.1,1.5894,1
1990.1,-4.5768,2
1990.8,-4.9418,2
1990.8,1.6749,1
1991.5,-5.4375,2
1991.5,1.5728,1
1991.5,-4.8082,2
1991.5,-3.1532,2
1992.2,-5.0295,2
1992.2,1.8664,1
1992.2,-17.094,2
1992.9,1.7572,1
1992.9,-4.9157,2
1993.6,-4.9597,2
1993.6,1.876,1
1994.3,1.8459,1
1995,-5.1685,2
1995,1.7895,1
1995.7,-4.8916,2
1995.7,-5.5743,2
1996.4,-5.4803,2
1996.4,1.7651,1
1997.1,-5.212,2
1997.8,-4.6311,2
1997.8,1.7148,1
1998.5,1.7476,1
1998.5,-5.0247,2
1999.2,1.7857,1
1999.2,-4.9429,2
1999.9,1.5543,1
1999.9,-5.2044,2
2000.6,1.6831,1
2000.6,-4.7823,2
2001.3,1.6389,1
2001.3,-5.0683,2
2001.3,-21.518,2
2002,1.6093,1
2002.7,-4.851,2
2004.1,1.7559,1
2004.1,-5.0984,2
2004.8,1.7694,1
2004.8,-5.245,2
2005.5,-5.1227,2
2005.5,1.5287,1
2006.2,1.6706,1
2006.9,1.6799,1
2006.9,-4.6867,2
2007.6,1.8915,1
2007.6,-5.3023,2
2008.3,1.7716,1
2008.3,-5.4038,2
2009,-4.8673,2
2009,1.9031,1
2010.4,-4.8887,2
2010.4,0.91914,2
2010.4,2.0432,1
2011.1,-5.0478,2
2011.1,1.7476,1
2011.8,-5.4092,2
2012.5,2.0247,1
2013.2,1.6764,1
2013.9,1.7079,1
2014.6,-5.3854,2
2014.6,1.678,1
2015.3,-18.989,2
2015.3,1.6993,1
2016,1.7802,1
2016,-8.3297,2
2016,-3.5817,2
2016,-5.47,2
2016.7,-0.57894,2
2016.7,-5.1688,2
2017.4,-4.6058,2
2017.4,-5.3717,2
2017.4,1.6958,1
2018.1,1.8466,1
2018.1,-5.4588,2
2018.1,-6.5524,2
2018.8,-5.3657,2
2018.8,1.7756,1
2019.5,1.6627,1
2019.5,-5.9285,2
2019.5,-5.3955,2
2020.2,1.6271,1
2020.2,-5.528,2
2020.9,-5.2725,2
2020.9,1.942,1
2021.6,-5.3759,2
2021.6,1.6746,1
2022.3,1.6205,1
2022.3,-5.4973,2
2023,1.5947,1
2023,-5.5285,2
2023.7,1.5608,1
2024.4,1.755,1
2024.4,-5.6677,2
2025.1,-5.7364,2
2025.8,1.6142,1
2026.5,1.4725,1
2026.5,-5.3914,2
2027.2,-5.712,2
2027.2,1.2239,1
2027.9,1.5275,1
2027.9,-5.8065,2
2028.6,-5.8418,2
2028.6,-24.428,2
2029.3,-5.9516,2
2029.3,1.4792,1
2030,1.3942,1
2030,-5.5479,2
2030.7,1.4622,1
2030.7,-5.8376,2
2031.4,1.6214,1
2031.4,-6.3393,2
2031.4,-5.8259,2
2032.1,-5.6449,2
2032.1,-4.2095,2
2032.8,1.5919,1
2032.8,-5.7958,2
2033.5,1.6034,1
2033.5,-5.8783,2
2034.2,1.4825,1
2034.2,-5.5347,2
2034.9,1.6115,1
2034.9,-5.96,2
2035.6,-5.773,2
2035.6,1.5082,1
2036.3,-7.2124,2
2036.3,1.8154,1
2037,-5.8072,2
2037.7,-17.988,2
2037.7,-6.9487,2
2037.7,1.7469,1
2037.7,-5.7326,2
2038.4,1.7476,1
2038.4,-5.9137,2
2039.1,1.6688,1
2039.1,-5.6629,2
2039.8,-5.8537,2
2039.8,1.798,1
2040.5,1.6046,1
2040.5,-6.0761,2
2041.2,-5.9013,2
2041.2,1.6711,1
2041.9,-5.8739,2
2041.9,1.6944,1
2042.6,-6.0182,2
2042.6,-1.5544,2
2043.3,1.6167,1
2043.3,-5.8679,2
2043.3,-6.4721,2
2044,1.8688,1
2044,-5.8665,2
2044.7,1.6828,1
2044.7,-5.7936,2
2045.4,1.7816,1
2045.4,-6.1105,2
2046.1,-5.8468,2
2046.1,1.5739,1
2046.8,1.7493,1
2046.8,-6.0013,2
2047.5,-5.7988,2
2047.5,1.7385,1
2048.2,1.5466,1
2048.2,-5.8506,2
2048.9,-5.8548,2
2048.9,1.7128,1
2049.6,1.6667,1
2049.6,-5.9772,2
2050.3,1.6974,1
2050.3,0.93079,2
2050.3,-5.9007,2
2051,-5.7922,2
2051,1.8673,1
2051,-17.28,2
2051.7,-6.0339,2
2051.7,1.7685,1
2052.4,-5.9023,2
2053.1,-5.942,2
2053.1,1.7163,1
2053.8,1.5707,1
2053.8,-5.7032,2
2054.5,1.9046,1
2054.5,-6.1069,2
2055.2,-5.9161,2
2055.2,1.726,1
2055.9,1.7369,1
2056.6,1.4492,1
2056.6,-5.9637,2
2057.3,1.8279,1
2058,-5.8797,2
2058,1.5248,1
2058.7,1.72,1
2058.7,-5.9061,2
2059.4,-5.951,2
2059.4,1.6818,1
2060.1,1.7141,1
2060.1,-5.6735,2
2060.1,-6.2529,2
2061.5,-6.4633,2
2061.5,1.9025,1
2062.2,-6.0984,2
2062.2,1.8148,1
2062.9,-9.2397,2
2062.9,-6.1331,2
2062.9,1.7371,1
2063.6,1.7939,1
2063.6,-20.038,2
2064.3,1.7764,1
2064.3,-7.6425,2
2065,1.815,1
2065.7,1.6767,1
2066.4,-5.986,2
2066.4,1.7938,1
2067.1,1.8034,1
2067.8,-5.9626,2
2067.8,-7.0542,2
2068.5,-6.1334,2
2068.5,1.9187,1
2069.2,-0.35657,2
2069.2,-5.8816,2
2069.9,1.9566,1
2069.9,-5.787,2
2070.6,1.9204,1
2070.6,-5.8884,2
2071.3,1.7996,1
2071.3,-5.7977,2
2072,1.6934,1
2072.7,-5.9406,2
2073.4,-18.329,2
2073.4,1.719,1
2073.4,-5.7555,2
2074.1,1.637,1
2074.1,-6.1025,2
2074.8,-6.0009,2
2074.8,1.7718,1
2075.5,-9.3295,2
2075.5,1.5897,1
2075.5,-5.9251,2
2076.2,-5.7523,2
2076.2,1.8098,1
2076.9,1.6717,1
2078.3,-5.9626,2
2078.3,1.7657,1
2079,-5.832,2
2079,1.6266,1
2079.7,-5.7455,2
2080.4,1.6177,1
2080.4,-5.689,2
2081.1,-5.7745,2
2081.1,1.758,1
2081.8,1.7205,1
2082.5,-6.3228,2
2082.5,1.7906,1
2082.5,-5.4614,2
2082.5,-17.47,2
2083.2,-5.8016,2
2083.2,1.867,1
2083.9,1.6437,1
2083.9,-6.0351,2
2084.6,-5.6975,2
2084.6,1.6351,1
2085.3,-5.667,2
2085.3,1.8246,1
2086,-5.7164,2
2086,1.5811,1
2086.7,1.6256,1
2086.7,-18.215,2
2087.4,-2.1568,2
2087.4,-5.7904,2
2088.1,1.5375,1
2088.8,-5.7184,2
2088.8,1.6518,1
2089.5,-5.722,2
2089.5,1.6133,1
2090.2,-5.575,2
2090.2,1.4889,1
2090.9,1.7261,1
2090.9,-5.574,2
2091.6,-5.8887,2
2091.6,1.736,1
2092.3,-5.7758,2
2093,-5.6342,2
2093,1.4475,1
2093.7,-5.6619,2
2093.7,1.7048,1
2094.4,-5.5221,2
2094.4,1.3352,1
2095.1,1.5992,1
2095.1,-5.703,2
2095.1,-21.898,2
2095.8,-5.4196,2
2095.8,1.664,1
2096.5,-5.5015,2
2096.5,1.707,1
2097.2,1.6904,1
2097.9,-5.286,2
2097.9,1.5638,1
2098.6,1.604,1
2099.3,-5.1439,2
2099.3,1.6831,1
2100,-5.01,2
2100,1.4514,1
2100.7,-5.2022,2
2100.7,1.724,1
2101.4,1.5369,1
2102.1,-5.1476,2
2102.8,1.4009,1
2102.8,-4.8208,2
2103.5,-5.4242,2
2104.2,-4.9335,2
2104.9,-4.7006,2
2104.9,1.628,1
2104.9,-9.6689,2
2105.6,-5.0161,2
2105.6,1.5818,1
2105.6,-10.45,2
2106.3,-18.758,2
2106.3,1.8977,1
2106.3,-4.9358,2
2107,1.7314,1
2107,-4.9779,2
2107,-14.604,2
2107.7,-4.8468,2
2108.4,1.7474,1
2108.4,-4.973,2
2109.1,-4.9487,2
2109.1,1.8257,1
2109.8,1.8579,1
2109.8,-4.9013,2
2110.5,-7.5761,2
2110.5,1.774,1
2111.2,1.7639,1
2111.2,-4.4519,2
2111.2,-16.114,2
2111.9,1.8157,1
2111.9,-4.8329,2
2112.6,-4.6891,2
2113.3,1.5525,1
2114,-4.6842,2
2114.7,-4.6558,2
2114.7,1.7012,1
2115.4,-4.4132,2
2115.4,-14.73,2
2116.1,-4.4987,2
2116.8,-4.5138,2
2117.5,1.8463,1
2117.5,-5.0743,2
2118.2,1.8997,1
2118.2,-4.5788,2
2118.9,1.8096,1
2119.6,-4.2971,2
2119.6,1.9416,1
2120.3,-9.4536,2
2120.3,-4.3983,2
2120.3,-16.877,2
2121,-4.3157,2
2121,1.7859,1
2121.7,-4.1652,2
2121.7,1.7102,1
2122.4,1.9596,1
2122.4,-4.1963,2
2122.4,-15.454,2
2123.1,-4.0205,2
2123.1,1.6644,1
2123.8,1.4953,1
2123.8,-4.277,2
2124.5,1.3288,1
2124.5,-4.2874,2
2125.2,-4.5096,2
2125.2,1.7295,1
2125.2,-3.7954,2
2125.9,1.5863,1
2125.9,-4.0866,2
2126.6,-4.1568,2
2127.3,-3.8731,2
2127.3,-4.5529,2
2128,1.8303,1
2128.7,-3.92,2
2129.4,-3.9049,2
2129.4,1.8816,1
2130.1,-5.6981,2
2130.1,-4.2322,2
2130.1,1.8785,1
2130.8,-3.6341,2
2130.8,1.658,1
2131.5,-3.9101,2
2131.5,1.5842,1
2132.2,1.8056,1
2132.9,-4.0658,2
2132.9,1.513,1
2133.6,1.7152,1
2133.6,-13.142,2
2133.6,-3.5469,2
2134.3,-3.7881,2
2134.3,-1.4962,2
2134.3,-25.748,2
2135,-3.6278,2
2135,1.4442,1
2135.7,1.7631,1
2135.7,-3.6646,2
2136.4,-12.264,2
2136.4,1.7417,1
2137.1,-3.5949,2
2137.8,-3.779,2
2137.8,1.2729,1
2138.5,-3.4751,2
2138.5,-1.625,2
2139.2,-3.6856,2
2139.2,1.604,1
2139.9,-3.5399,2
2139.9,1.6412,1
2140.6,1.8942,1
2141.3,-3.8235,2
2141.3,1.6788,1
2142,1.5309,1
2142,-3.5116,2
2142.7,1.7411,1
2143.4,-0.16938,2
2143.4,1.6937,1
2144.1,1.7718,1
2144.1,-3.4719,2
2144.8,-3.5628,2
2145.5,-3.5606,2
2146.2,-3.4586,2
2146.9,1.7782,1
2146.9,-3.8119,2
2147.6,1.5683,1
2147.6,-3.4051,2
2148.3,1.4449,1
2148.3,-3.176,2
2149,-3.8121,2
2149,1.6024,1
2149.7,1.8551,1
2150.4,-3.5779,2
2151.1,1.873,1
2151.1,-17.934,2
2151.1,-3.717,2
2151.8,1.8235,1
2151.8,-3.3214,2
2152.5,-3.5497,2
2152.5,1.7101,1
2153.2,-3.8241,2
2153.2,-4.5355,2
2153.2,1.792,1
2153.9,1.6548,1
2153.9,-3.6448,2
2154.6,-3.9025,2
2154.6,1.6534,1
2155.3,-3.7691,2
2155.3,1.8701,1
2156,-3.7697,2
2156.7,10.571,1
2156.7,-4.7872,2
2157.4,1.5537,1
2157.4,-3.3943,2
2158.1,-5.0828,2
2158.1,1.6036,1
2158.1,-3.9831,2
2158.8,-4.0496,2
2158.8,1.7583,1
2158.8,-17.047,2
2158.8,-5.0864,2
2159.5,1.5419,1
2160.2,1.5709,1
2160.9,-3.9466,2
2161.6,-3.9254,2
2161.6,1.8215,1
2161.6,-3.232,2
2162.3,1.8698,1
2163,-4.5216,2
2163,1.7401,1
2163.7,1.6666,1
2163.7,-5.8213,2
2163.7,-5.3168,2
2164.4,-4.7884,2
2164.4,1.8291,1
2165.1,1.7204,1
2165.1,-14.818,2
2165.1,-4.153,2
2165.8,1.6565,1
2165.8,-4.7132,2
2165.8,-5.7498,2
2166.5,-4.6253,2
2166.5,-5.2424,2
2166.5,1.6083,1
2167.2,1.5418,1
2167.2,-5.1459,2
2167.2,-6.5374,2
2167.9,1.7144,1
2168.6,-5.7447,2
2169.3,1.5932,1
2170,1.7843,1
2170,-6.5238,2
2170.7,0.82649,2
2170.7,-5.3835,2
2171.4,1.6909,1
2171.4,-6.3168,2
2172.1,-6.0058,2
2172.1,-6.6423,2
2172.8,-7.2204,2
2172.8,1.6657,1
2173.5,-5.2495,2
2173.5,-6.8864,2
2173.5,-7.3976,2
2173.5,-5.988,2
2174.2,-6.5507,2
2174.2,1.7819,1
2174.2,-7.9201,2
2174.9,1.5531,1
2175.6,1.7199,1
2175.6,-7.0838,2
2176.3,1.6146,1
2176.3,-7.3025,2
2177,1.5185,1
2177.7,-7.1472,2
2177.7,-8.7599,2
2178.4,1.6678,1
2179.1,1.5849,1
2179.8,1.5979,1
2179.8,-7.5478,2
2180.5,1.6006,1
2181.2,1.6304,1
2181.2,-7.4759,2
2181.9,1.8107,1
2181.9,-7.564,2
2182.6,-9.288,2
2182.6,-7.629,2
2182.6,1.6105,1
2183.3,-7.5929,2
2183.3,1.7688,1
2184,-7.6666,2
2184,1.907,1
2184.7,-7.8435,2
2184.7,1.3873,1
2185.4,-7.8572,2
2185.4,-8.7303,2
2185.4,1.6275,1
2186.1,-7.5551,2
2186.8,-7.6822,2
2186.8,1.6344,1
2187.5,1.7699,1
2188.2,-10.729,2
2189.6,-8.0366,2
2190.3,-8.0284,2
2190.3,2.0156,1
2191,1.7138,1
2191.7,1.7412,1
2191.7,-7.9762,2
2192.4,1.7202,1
2193.1,-12.893,2
2193.1,1.7642,1
2193.8,1.9855,1
2194.5,1.9237,1
2195.2,1.8846,1
2195.9,-8.5491,2
2195.9,1.8904,1
2196.6,-8.2383,2
2197.3,1.9661,1
2197.3,-8.3316,2
2198,-8.6937,2
2198,1.7731,1
2198.7,2.02,1
2199.4,1.8191,1
2200.1,1.8825,1
2200.8,1.9717,1
2200.8,-8.7084,2
2200.8,-8.1761,2
2200.8,1.2378,1
2201.5,1.7614,1
2201.5,-8.1875,2
2201.5,-3.6183,2
2202.2,1.3799,1
2202.2,-8.5552,2
2202.9,-9.6658,2
2202.9,-8.3008,2
2203.6,-8.38,2
2204.3,-8.3601,2
2204.3,1.6414,1
2205,1.8468,1
2205,-8.4982,2
2205.7,-8.9791,2
2205.7,1.9745,1
2206.4,-8.8071,2
2206.4,1.7661,1
2207.1,1.5993,1
2207.8,-8.71,2
2207.8,1.7176,1
2208.5,1.8457,1
2208.5,-8.9258,2
2209.2,-8.8211,2
2209.2,1.836,1
2209.9,-8.8078,2
2209.9,1.6698,1
2210.6,1.6689,1
2210.6,-9.4611,2
2211.3,-9.1051,2
2211.3,1.8441,1
2212,-8.4145,2
2212,-8.9812,2
2212,1.9135,1
2212.7,1.7823,1
2212.7,-9.0401,2
2213.4,1.6376,1
2213.4,-9.0185,2
2214.1,-8.9383,2
2214.1,1.5925,1
2214.8,-9.3502,2
2214.8,2.0033,1
2214.8,1.2446,1
2215.5,1.5659,1
2216.2,1.7331,1
2216.2,-9.4556,2
2217.6,1.749,1
2218.3,1.6922,1
2218.3,-9.5995,2
2219,1.4288,1
2219,-9.1478,2
2219.7,1.6274,1
2220.4,1.5958,1
2221.1,-9.1811,2
2221.1,1.4595,1
2221.8,1.4272,1
2221.8,-9.7499,2
2222.5,-9.6704,2
2222.5,1.4046,1
2223.2,1.4211,1
2224.6,1.5938,1
2225.3,1.7985,1
2226,1.5598,1
2226,-9.8141,2
2226.7,-10.04,2
2226.7,1.6404,1
2227.4,-10.002,2
2227.4,1.6009,1
2228.1,1.6978,1
2228.1,-10.392,2
2228.8,1.4412,1
2228.8,-10.293,2
2229.5,1.7334,1
2230.2,1.593,1
2230.2,-10.552,2
2230.9,-10.615,2
2231.6,-12.265,2
2232.3,-11.067,2
2233,1.6059,1
2233,-11.052,2
2233.7,-10.98,2
2233.7,1.727,1
2233.7,-12.319,2
2234.4,-10.381,2
2235.1,1.5879,1
2235.8,-11.351,2
2236.5,1.7075,1
2237.2,-12.283,2
2237.2,1.6188,1
2237.9,-11.267,2
2237.9,1.4206,1
2238.6,1.5707,1
2238.6,-0.23179,2
2239.3,1.6184,1
2239.3,-11.46,2
2240.7,1.8292,1
2241.4,-11.411,2
2242.1,1.7145,1
2242.1,-12.719,2
2243.5,-12.398,2
2243.5,1.7597,1
2244.2,-12.787,2
2244.2,1.707,1
2244.9,1.6842,1
2244.9,-12.738,2
2246.3,1.8663,1
2247,1.97,1
2247.7,1.6828,1
2248.4,1.6745,1
2248.4,-13.39,2
2249.1,1.6271,1
2249.8,-3.9144,2
2249.8,1.5846,1
2250.5,1.5787,1
2251.2,1.7469,1
2251.2,1.2274,1
2251.9,-13.879,2
2251.9,1.6969,1
2252.6,1.836,1
2253.3,1.8021,1
2253.3,-14.463,2
2253.3,-13.491,2
2254,-13.796,2
2254.7,1.7608,1
2254.7,-7.32,2
2255.4,1.7829,1
2256.1,-14.148,2
2256.1,1.7762,1
2256.8,1.6752,1
2257.5,1.5498,1
2258.2,-14.766,2
2258.2,1.7588,1
2258.9,1.7306,1
2258.9,-15.392,2
2259.6,1.7507,1
2260.3,-14.98,2
2260.3,1.5049,1
2261,1.4763,1
2261.7,-15.521,2
2261.7,1.843,1
2262.4,1.6889,1
2263.8,1.7424,1
2264.5,1.6786,1
2265.2,1.8289,1
2265.9,1.8445,1
2266.6,1.7338,1
2267.3,1.8585,1
2268,1.7603,1
2268,-17.52,2
2268.7,1.8344,1
2269.4,-16.879,2
2269.4,1.729,1
2270.1,1.9132,1
2270.8,-2.6578,2
2270.8,1.8662,1
2270.8,-17.793,2
2271.5,1.8106,1
2272.9,2.0984,1
2274.3,1.9059,1
2274.3,-21.283,2
2275,2.0193,1
2275,-19.572,2
2275.7,1.8379,1
2277.1,1.8598,1
2277.8,1.9424,1
2277.8,-22.007,2
2278.5,1.7811,1
2280.6,-18.937,2
2280.6,1.7059,1
2281.3,1.6971,1
2281.3,-21.904,2
2282,-21.52,2
2282.7,-5.0643,2
2282.7,-21.275,2
2283.4,1.7837,1
2284.1,1.8552,1
2284.8,1.6613,1
2284.8,-4.8235,2
2285.5,1.8163,1
2286.2,1.751,1
2286.2,-22.119,2
2286.9,1.7424,1
2286.9,-22.333,2
2287.6,1.5009,1
2289,1.7986,1
2290.4,1.6831,1
2291.1,1.7276,1
2291.8,1.7905,1
2293.2,1.5974,1
2293.9,1.5812,1
2294.6,1.6032,1
2295.3,1.5347,1
2296.7,1.6851,1
2297.4,1.7611,1
2298.1,1.8368,1
2298.8,1.912,1
2299.5,1.6882,1
2300.2,1.7201,1
2300.9,1.717,1
2301.6,1.7566,1
2301.6,0.88125,2
2302.3,1.589,1
2303,1.8846,1
2303.7,-3.0786,2
2303.7,1.7069,1
2304.4,1.6751,1
2305.1,1.7745,1
2306.5,1.6681,1
2307.2,1.8123,1
2307.9,1.8356,1
2308.6,1.5736,1
2309.3,1.6597,1
2310,1.6711,1
2310.7,1.5631,1
2311.4,1.6186,1
2312.1,1.6292,1
2312.8,1.4587,1
2313.5,1.5536,1
2314.2,1.7002,1
2314.9,1.6373,1
2315.6,1.5536,1
2316.3,1.3204,1
2317,1.6017,1
2317.7,1.624,1
2318.4,1.2981,1
2319.1,1.5817,1
2319.8,1.4467,1
2320.5,1.769,1
2321.2,1.7141,1
2321.9,1.5326,1
2322.6,1.673,1
2323.3,1.8127,1
2324,1.652,1
2324.7,1.8584,1
2325.4,1.621,1
2326.1,1.6578,1
2326.8,1.7368,1
2327.5,1.869,1
2328.2,-5.5421,2
2328.2,1.7029,1
2329.6,1.6424,1
2330.3,1.7231,1
2331.7,1.4564,1
2332.4,1.6,1
2333.1,1.7606,1
2333.8,1.5419,1
2335.2,1.8087,1
2335.9,1.7364,1
2336.6,1.5417,1
2337.3,1.4488,1
2338,1.6944,1
2338.7,1.6847,1
2339.4,1.7068,1
2340.1,1.3995,1
2340.8,1.7112,1
2341.5,1.6237,1
2342.2,1.7121,1
2343.6,1.309,1
2344.3,1.8565,1
2345.7,1.4843,1
2346.4,1.6895,1
2347.1,1.4435,1
2347.8,1.2763,1
2348.5,1.6757,1
2349.2,1.4313,1
2349.9,1.7049,1
2350.6,1.8835,1
2350.6,1.338,1
2351.3,1.7908,1
2352,1.6269,1
2352.7,1.8611,1
2353.4,1.8244,1
2354.1,1.7641,1
2356.2,1.8418,1
2356.9,2.0324,1
2356.9,1.338,1
2357.6,1.7718,1
2358.3,-11.798,2
2358.3,1.9291,1
2359,1.7051,1
2359.7,1.905,1
2360.4,1.9939,1
2361.1,1.8362,1
2361.8,1.8293,1
2362.5,1.9702,1
2363.2,1.9005,1
2363.9,1.9746,1
2365.3,1.757,1
2366,1.8668,1
2366.7,1.8581,1
2367.4,1.8339,1
2370.2,1.7688,1
2371.6,1.8329,1
2372.3,1.8936,1
2373.7,1.5767,1
2374.4,1.6107,1
2375.8,1.7508,1
2376.5,1.8525,1
2377.2,1.8321,1
2377.9,1.6993,1
2378.6,1.7359,1
2380,1.8894,1
2380,-15.727,2
2380.7,1.3273,1
2381.4,1.7147,1
2382.1,1.8205,1
2382.8,1.6126,1
2383.5,1.6449,1
2384.2,1.4657,1
2384.9,1.4652,1
2385.6,1.8356,1
2385.6,-4.7635,2
2386.3,1.5961,1
2387,1.2156,1
2387.7,1.6956,1
2388.4,1.5976,1
2389.1,1.6666,1
2389.8,1.9147,1
2391.9,1.707,1
2392.6,1.7296,1
2393.3,1.835,1
2394,1.8077,1
2394.7,1.7852,1
2395.4,1.5373,1
2397.5,1.3765,1
2398.2,1.5724,1
2398.9,1.5716,1
2399.6,1.539,1
2400.3,1.7918,1
2401.7,1.765,1
2402.4,1.7435,1
2403.1,1.6786,1
2403.8,1.9532,1
2404.5,1.7611,1
2405.2,1.5902,1
2406.6,1.7049,1
2407.3,1.7766,1
2408,1.8673,1
2408.7,1.8294,1
2409.4,1.907,1
2410.8,1.663,1
2411.5,1.8988,1
2412.2,1.7792,1
2414.3,1.6897,1
2415.7,1.785,1
2416.4,17.614,1
2417.1,1.7794,1
2417.8,1.8964,1
2418.5,1.6752,1
2419.2,1.7877,1
2420.6,1.8228,1
2421.3,0.6436,2
2421.3,1.8493,1
2422,1.6582,1
2422.7,1.6847,1
2424.1,1.8332,1
2426.9,1.7583,1
2427.6,1.7787,1
2429,1.8284,1
2429.7,1.3154,1
2430.4,1.5951,1
2431.1,1.8463,1
2432.5,1.5576,1
2433.2,1.5758,1
2433.9,1.8393,1
2434.6,1.6632,1
2435.3,2.0432,1
2436,1.8449,1
2436.7,1.8185,1
2437.4,1.9606,1
2438.1,1.9582,1
2438.8,-7.8079,2
2439.5,1.8325,1
2440.2,1.313,1
2440.2,1.9343,1
2441.6,1.8291,1
2443,1.8265,1
2444.4,1.8833,1
2445.1,1.8845,1
2445.8,1.8459,1
2446.5,1.621,1
2447.9,1.8091,1
2448.6,1.9105,1
2449.3,1.5912,1
2450,1.822,1
2450.7,1.9754,1
2451.4,2.0412,1
2452.1,-22.643,2
2452.8,1.6928,1
2453.5,1.9055,1
2454.2,1.6454,1
2454.9,1.3911,1
2455.6,1.643,1
2456.3,1.6236,1
2457,1.5673,1
2457,-23.055,2
2457.7,1.6803,1
2458.4,1.6815,1
2459.1,1.6264,1
2459.8,1.6852,1
2460.5,1.3993,1
2461.2,1.5628,1
2461.9,1.6086,1
2463.3,1.7309,1
2464,1.5717,1
2464.7,1.9393,1
2465.4,1.6797,1
2468.2,1.6648,1
2468.9,1.5801,1
2469.6,1.687,1
2470.3,1.5045,1
2471,1.7046,1
2472.4,1.734,1
2473.1,1.7276,1
2473.8,1.6959,1
2474.5,1.5781,1
2475.2,1.4316,1
2475.9,1.3667,1
2476.6,1.5478,1
2479.4,1.5797,1
2480.8,1.4778,1
2481.5,-4.4818,2
2481.5,1.7629,1
2482.9,1.7495,1
2483.6,1.7114,1
2485,1.8653,1
2485.7,1.7114,1
2486.4,1.7269,1
2487.8,1.5755,1
2488.5,1.8502,1
2489.2,1.8066,1
2490.6,1.669,1
2491.3,1.8603,1
2492.7,1.8383,1
2493.4,1.6655,1
2494.8,1.7114,1
2495.5,1.3014,1
2496.2,1.7124,1
2496.9,1.7301,1
2498.3,1.7949,1
2499,1.5762,1
2499.7,1.7218,1
2501.1,1.5494,1
2501.8,1.7709,1
2503.2,1.4821,1
2503.9,1.8411,1
2505.3,1.6835,1
2506.7,1.9031,1
2508.1,1.5434,1
2509.5,1.9161,1
2510.2,1.7923,1
2511.6,1.6899,1
2513,0.58691,2
2513.7,1.5371,1
2514.4,1.782,1
2515.1,1.7257,1
2515.8,1.4486,1
2517.2,1.6528,1
2517.9,1.6782,1
2518.6,2.0246,1
2519.3,-1.1888,2
2521.4,1.8652,1
2522.1,1.8814,1
2522.8,2.0221,1
2522.8,1.4357,1
2523.5,1.8524,1
2524.2,1.8159,1
2524.9,1.8438,1
2525.6,1.9761,1
2525.6,1.2711,1
2526.3,1.9285,1
2527,-0.57824,2
2527.7,1.8766,1
2528.4,1.9219,1
2529.1,1.9973,1
2529.8,1.8822,1
2530.5,1.9832,1
2531.2,-4.7229,2
2531.9,1.8954,1
2532.6,1.8146,1
2534,1.703,1
2535.4,-0.039443,2
2535.4,1.7449,1
2536.1,1.7273,1
2537.5,1.3619,1
2537.5,1.8627,1
2538.9,1.737,1
2539.6,1.8192,1
2540.3,1.775,1
2541.7,1.8315,1
2543.8,1.262,1
2544.5,1.5167,1
2545.2,1.6186,1
2545.9,1.6453,1
2546.6,1.6639,1
2547.3,1.7283,1
2548,1.5918,1
2548.7,1.599,1
2549.4,1.7095,1
2550.8,1.6536,1
2551.5,1.6814,1
2552.9,1.5153,1
2553.6,1.6704,1
2554.3,1.7266,1
2555.7,1.7302,1
2557.1,1.3486,1
2557.8,1.6106,1
2558.5,-6.3498,2
2558.5,1.6985,1
2559.2,1.4626,1
2559.9,1.4484,1
2560.6,1.5345,1
2561.3,1.653,1
2562,1.6636,1
2562.7,1.648,1
2564.1,1.7155,1
2564.8,1.6957,1
2565.5,1.7196,1
2566.2,1.7467,1
2566.9,1.812,1
2568.3,1.7335,1
2569.7,1.862,1
2570.4,1.6276,1
2570.4,-0.23675,2
2572.5,1.8588,1
2573.2,1.8447,1
2573.9,1.5429,1
2574.6,1.7269,1
2575.3,-14.405,2
2576.7,1.7847,1
2577.4,1.9221,1
2578.1,1.5324,1
2579.5,0.83892,2
2580.9,1.8077,1
2581.6,1.9881,1
2582.3,1.8966,1
2583,1.9102,1
2583.7,1.705,1
2584.4,1.6259,1
2585.1,1.8942,1
2585.8,1.9349,1
2586.5,1.5657,1
2587.2,1.5735,1
2587.9,1.7474,1
2588.6,1.6795,1
2589.3,1.4325,1
2590,1.396,1
2590.7,1.818,1
2591.4,1.6485,1
2592.1,1.8855,1
2592.8,1.6651,1
2594.9,1.5886,1
2595.6,1.7242,1
2596.3,1.6831,1
2597,1.616,1
2597.7,1.495,1
2598.4,1.6444,1
2599.1,1.5499,1
2599.8,1.6041,1
2600.5,1.4195,1
2601.2,1.6307,1
2601.9,1.4279,1
2602.6,1.5773,1
2603.3,1.718,1
2604.7,1.6053,1
2605.4,1.5057,1
2606.1,-2.6405,2
2606.1,1.5487,1
2606.8,1.4894,1
2607.5,1.8694,1
2608.2,1.4431,1
2608.9,1.5045,1
2609.6,1.6126,1
2611,1.8164,1
2612.4,1.6787,1
2613.8,1.8065,1
2614.5,1.6244,1
2615.9,1.5004,1
2616.6,1.6942,1
2617.3,1.7848,1
2618,1.741,1
2618.7,1.7356,1
2619.4,1.7687,1
2620.1,1.4854,1
2620.8,1.6502,1
2621.5,1.9148,1
2622.2,1.9333,1
2625.7,1.9167,1
2627.8,1.7562,1
2628.5,1.9532,1
2629.2,1.8267,1
2630.6,1.734,1
2632,1.8001,1
2632.7,1.7983,1
2633.4,1.803,1
2634.1,1.7588,1
2634.8,1.7813,1
2636.2,1.9076,1
2636.9,1.6363,1
2637.6,1.7378,1
2639.7,1.7762,1
2640.4,1.7367,1
2641.1,1.84,1
2642.5,1.6772,1
2643.9,1.8256,1
2644.6,1.8133,1
2645.3,1.7799,1
2646.7,1.8552,1
2647.4,-12.553,2
2647.4,1.5447,1
2648.1,1.8715,1
2648.8,1.8471,1
2649.5,1.8525,1
2650.9,1.8939,1
2651.6,1.8553,1
2652.3,1.5864,1
2653,1.7886,1
2653.7,1.8189,1
2654.4,1.7423,1
2655.1,1.7366,1
2655.8,1.4217,1
2656.5,1.7217,1
2657.2,1.7822,1
2657.9,2.0056,1
2659.3,0.70389,2
2660,1.7436,1
2660.7,1.955,1
2661.4,1.4263,1
2662.8,1.9941,1
2663.5,1.6261,1
2664.2,1.6456,1
2664.9,1.6884,1
2666.3,-0.89486,2
2666.3,1.5696,1
2667,1.6566,1
2667.7,1.6221,1
2669.1,1.7081,1
2669.8,1.6998,1
2670.5,1.6315,1
2671.2,1.7661,1
2671.9,1.7261,1
2672.6,1.5794,1
2673.3,1.8153,1
2674,1.7162,1
2674.7,1.737,1
2675.4,1.492,1
2676.8,1.6602,1
2677.5,1.3133,1
2678.2,1.7036,1
2678.9,1.7286,1
2679.6,1.7012,1
2681,1.8149,1
2682.4,1.6852,1
2683.1,1.7212,1
2683.8,1.673,1
2684.5,1.5884,1
2685.2,1.7943,1
2685.9,1.5134,1
2686.6,1.524,1
2687.3,1.7282,1
2688,1.7515,1
2688.7,1.6812,1
2689.4,1.7971,1
2690.8,1.7827,1
2692.2,1.8657,1
2692.9,1.7613,1
2693.6,1.8612,1
2694.3,1.8171,1
2695,1.7132,1
2695.7,1.7592,1
2696.4,1.658,1
2697.1,1.6303,1
2697.8,1.6979,1
2698.5,1.7731,1
2699.2,1.74,1
2699.9,1.752,1
2700.6,2.0754,1
2701.3,1.7737,1
2702,1.5966,1
2703.4,1.7737,1
2704.1,1.847,1
2704.8,1.5819,1
2705.5,1.7948,1
2706.2,1.7877,1
2706.9,1.8718,1
2707.6,1.7659,1
2708.3,1.7095,1
2710.4,1.8209,1
2711.1,1.7689,1
2711.8,2.0381,1
2712.5,1.8211,1
2713.2,1.8086,1
2713.9,1.709,1
2714.6,1.7493,1
2715.3,1.885,1
2716,1.6843,1
2716.7,1.7482,1
2717.4,1.8495,1
2718.8,1.6021,1
2719.5,1.9345,1
2721.6,1.8438,1
2723,1.7275,1
2723.7,1.8337,1
2725.8,1.6563,1
2726.5,1.7422,1
2727.2,1.7187,1
2727.9,1.6381,1
2728.6,1.7539,1
2729.3,1.727,1
2731.4,1.925,1
2732.1,1.7138,1
2732.8,1.846,1
2734.2,1.6556,1
