0,-43.657,1
53.2,-53.077,1
74.2,-57.363,1
91.7,-43.754,1
94.5,-40.896,1
114.8,-26.796,1
118.3,-50.519,1
125.3,-39.609,1
125.3,-70.856,1
130.2,-41.593,1
134.4,-42.751,1
146.3,-45.367,1
152.6,-49.759,1
160.3,-74.85,1
188.3,-46.186,1
218.4,-17.024,1
240.8,-37.395,1
251.3,-37.83,1
319.2,-41.805,1
473.9,-54.753,1
493.5,-61.088,1
497.7,-51.167,1
529.9,-37.78,1
535.5,-64.777,1
549.5,-61.771,1
556.5,-57.757,1
560,-57.81,1
569.8,-38.361,1
593.6,-56.696,1
608.3,-52.837,1
613.2,-51.88,1
620.2,-41.152,1
648.2,-40.795,1
654.5,-55.061,1
669.9,-55.852,1
679.7,-71.106,1
717.5,-54.196,1
719.6,-63.803,1
721.7,-47.631,1
721.7,-53.473,1
724.5,-56.494,1
736.4,-44.331,1
746.2,-42.522,1
746.2,-80.649,1
763.7,-57.18,1
767.2,-52.977,1
800.1,-55.825,1
803.6,-52.737,1
806.4,3.2811,1
831.6,-52.19,1
852.6,-66.992,1
858.2,-54.133,1
861,-54.649,1
907.9,-56.362,1
926.1,-51.328,1
977.2,-53.417,1
977.9,-49.912,1
977.9,-53.909,1
1085.7,-43.238,1
1107.4,-50.536,1
1134.7,-37.326,1
1159.9,-42.779,1
1174.6,-42.091,1
1189.3,-42.302,1
1199.8,-71.012,1
1199.8,-54.444,1
1220.8,-42.742,1
1220.8,-47.872,1
1236.2,-55.208,1
1257.2,-54.439,1
1261.4,-64.462,1
1261.4,-61.73,1
1309.7,-39.561,1
1332.1,-36.679,1
1348.2,-40.749,1
1363.6,-51.821,1
1365.7,-49.302,1
1374.1,-39.058,1
1385.3,-39.077,1
1386,-45.562,1
1417.5,-43.157,1
1426.6,-49.4,1
1448.3,-59.325,1
1459.5,-41.557,1
1464.4,-47.932,1
1468.6,-52.81,1
1498,-52.766,1
1508.5,-57.722,1
1535.8,-38.195,1
1538.6,-40.421,1
1576.4,-52.271,1
1586.9,-40.41,1
1587.6,-40.482,1
1605.8,-45.149,1
1605.8,-46.717,1
1615.6,-49.507,1
1616.3,-45.424,1
1623.3,-43.089,1
1666.7,-54.296,1
1677.2,-39.721,1
1701,-45.035,1
1710.1,-45.164,1
1719.9,-55.624,1
1759.1,-62.292,1
1791.3,-54.064,1
1803.2,-53.776,1
1816.5,-34.597,1
1833.3,-54.469,1
1848.7,-41.007,1
1850.1,-46.355,1
1854.3,-44.628,1
1857.1,-55.24,1
1859.2,-50.76,1
1870.4,-48.345,1
1872.5,-45.637,1
1899.8,-53.311,1
1922.9,-46.754,1
1939,-64.97,1
1977.5,-45.089,1
1989.4,-39.725,1
1992.9,-54.678,1
1999.2,-55.368,1
2003.4,-51.983,1
2010.4,-41.224,1
2045.4,-51.653,1
2079,-49.029,1
2100.7,-39.529,1
2131.5,-40.286,1
2145.5,-51.676,1
2146.2,-47.334,1
2146.9,-42.585,1
2165.8,-48.712,1
2177,-40.722,1
2182.6,-52.602,1
2741.2,-49.017,1
2748.2,-49.053,1
2749.6,-45.736,1
2754.5,-48.745,1
2771.3,-40.017,1
2786,-40.967,1
2816.8,-53.827,1
2825.2,-48.487,1
2834.3,-46.609,1
2874.2,-37.292,1
2882.6,-52.132,1
2883.3,-50.074,1
2902.2,-39.164,1
2946.3,-41.763,1
2950.5,-59.708,1
2970.1,-39.123,1
2984.1,-39.45,1
3003,-37.898,1
3019.8,-58.544,1
3068.8,-55.801,1
3070.2,-38.611,1
3075.8,-88.238,1
3094.7,-40.006,1
3119.2,-43.778,1
3142.3,-42.24,1
3192,-48.868,1
3199,-49.378,1
3215.8,-58.808,1
3217.9,-15.953,1
3226.3,-49.948,1
3233.3,-42.467,1
3237.5,-38.174,1
3245.2,-50.698,1
3270.4,-12.221,1
3277.4,-21.472,1
3277.4,-47.453,1
3288.6,-43.983,1
3294.2,-62.976,1
3327.1,-40.227,1
3327.8,-41.373,1
3344.6,-38.806,1
3355.1,-35.686,1
3356.5,-38.283,1
3362.1,-51.596,1
3365.6,-39.618,1
3367.7,-37.797,1
3382.4,-42.183,1
3384.5,-48.991,1
3394.3,-39.171,1
3437.7,-53.968,1
3451.7,-47.418,1
3495.1,-42.018,1
3501.4,-39.761,1
3507,-38.627,1
3512.6,-50.351,1
3519.6,-52.305,1
3528.7,-39.444,1
3550.4,-44.675,1
3551.1,-50.965,1
3552.5,-41.391,1
3555.3,-44.598,1
3574.9,-48.411,1
3581.2,-45.162,1
3582.6,-43.416,1
3586.8,-45.843,1
3587.5,-43.586,1
3602.2,-37.356,1
3604.3,-42.622,1
3628.1,-37.076,1
3628.8,-37.938,1
3641.4,-40.112,1
3644.2,-42.375,1
3649.1,-43.494,1
3656.8,-38.74,1
3656.8,-53.076,1
3658.2,-36.39,1
3658.9,-42.945,1
3707.2,-42.37,1
3710,-42.605,1
3727.5,-37.791,1
3728.9,-38.44,1
3734.5,-38.453,1
3736.6,-39.881,1
3736.6,-40.748,1
3737.3,-38.723,1
3739.4,-38.322,1
3740.8,-36.614,1
3743.6,-38.225,1
3745,-41.355,1
3745.7,-39.322,1
3749.2,-38.194,1
3749.9,-37.252,1
3752,-37.78,1
3757.6,-39.203,1
3762.5,-38.296,1
3763.2,-37.855,1
3763.9,-37.666,1
3776.5,-37.424,1
3782.1,-37.786,1
3784.2,-35.762,1
3788.4,-35.912,1
3788.4,-55.168,1
3791.9,-37.858,1
3796.1,-37.54,1
3802.4,-34.23,1
3803.8,-33.996,1
3805.2,-34.535,1
3805.9,-27.747,1
3807.3,-34.731,1
3808,-32.859,1
3814.3,-33.815,1
3814.3,-32.047,1
3814.3,-35.822,1
3829.7,-52.742,1
3830.4,-26.478,1
3833.2,-27.656,1
3875.2,-24.106,1
3877.3,-24.451,1
3882.2,-26.736,1
3885,-27.404,1
3886.4,-27.831,1
3889.9,-27.385,1
3891.3,-28.076,1
3895.5,-26.466,1
3900.4,-27.345,1
3923.5,-23.925,1
3930.5,-25.378,1
3943.8,-23.93,1
3943.8,-51.841,1
3946.6,-43.826,1
3966.2,-22.971,1
3966.9,-21.67,1
3969,-22.356,1
3970.4,-25.522,1
3977.4,-22.198,1
3983.7,-22.586,1
3999.1,-19.896,1
4001.9,-19.504,1
4002.6,-20.693,1
4013.8,-17.697,1
4021.5,-18.704,1
4026.4,-16.45,1
4032.7,-16.341,1
4034.1,-16.73,1
4034.8,-16.717,1
4034.8,-9.6226,1
4035.5,-12.713,1
4055.8,-10.328,1
4060,-13.007,1
4062.8,-8.6517,1
4072.6,-9.007,1
4074,-8.2169,1
4083.8,-7.5571,1
4087.3,-7.5862,1
4088.7,-6.7582,1
4090.8,-6.6566,1
4093.6,-1.4366,1
4094.3,-5.3766,1
4096.4,-6.0012,1
4097.1,-5.0539,1
4097.1,-5.6569,1
4101.3,-3.5044,1
4116,3.4478,1
4128.6,2.3855,1
4130.7,3.6142,1
4153.1,4.1502,1
4165,10.531,1
4165.7,6.5407,1
4165.7,7.2561,1
4169.2,8.7719,1
4175.5,8.2791,1
4176.9,7.5374,1
4182.5,6.7346,1
4183.9,8.6648,1
4184.6,8.5482,1
4191.6,10.149,1
4192.3,16.321,1
4193,13.001,1
4196.5,19.123,1
4206.3,16.229,1
4207.7,17.004,1
4213.3,20.495,1
4216.8,20.47,1
4217.5,19.494,1
4217.5,21.992,1
4218.2,19.58,1
4224.5,20.388,1
4232.2,20.837,1
3.5,-37.302,2
4.2,-37.196,2
9.0997,-37.565,2
13.3,-37.556,2
14,-37.583,2
16.1,-37.269,2
21.7,-37.479,2
22.4,-37.257,2
23.1,-37.393,2
23.8,-37.58,2
30.8,-37.319,2
31.5,-37.333,2
32.9,-37.302,2
33.6,-37.393,2
37.1,-37.279,2
39.2,-37.165,2
43.4,-37.556,2
45.5,-36.834,2
50.4,-36.601,2
51.1,-36.724,2
52.5,-36.95,2
53.2,-37.004,2
61.6,-36.542,2
62.3,-37.906,2
63.7,-36.354,2
67.2,-36.535,2
68.6,-36.334,2
72.8,-36.451,2
73.5,-36.63,2
83.3,-36.32,2
84,-36.388,2
85.4,-36.473,2
92.4,-36.213,2
93.8,-36.222,2
95.2,-36.481,2
96.6,-36.529,2
98,-36.548,2
98.7,-36.62,2
99.4,-36.378,2
102.9,-36.45,2
105.7,-36.56,2
109.2,-36.636,2
112,-36.279,2
114.1,-36.477,2
116.2,-37.499,2
119.7,-36.313,2
123.2,-36.474,2
125.3,-36.098,2
127.4,-36.212,2
128.1,-36.141,2
129.5,-36.328,2
133.7,-36.29,2
138.6,-36.489,2
145.6,-36.522,2
149.8,-36.695,2
156.1,-36.579,2
158.2,-36.622,2
158.9,-36.565,2
161,-36.357,2
162.4,-36.598,2
164.5,-36.409,2
168,-36.366,2
170.8,-36.413,2
171.5,-37.26,2
177.8,-36.671,2
203,-37.297,2
205.8,-38.058,2
208.6,-36.78,2
210.7,-36.555,2
211.4,-36.648,2
217,-36.619,2
220.5,-36.423,2
221.2,-36.692,2
223.3,-36.77,2
226.1,-36.601,2
230.3,-36.446,2
232.4,-36.537,2
240.1,-36.713,2
240.8,-36.847,2
243.6,-36.818,2
245.7,-36.695,2
251.3,-36.741,2
254.1,-36.751,2
255.5,-36.731,2
264.6,-37.044,2
265.3,-36.857,2
266.7,-36.862,2
273,-36.906,2
273.7,-36.494,2
275.1,-36.44,2
276.5,-36.65,2
278.6,-36.532,2
284.2,-36.58,2
290.5,-36.581,2
291.9,-36.564,2
301.7,-36.74,2
304.5,-36.695,2
308,-37.075,2
314.3,-36.644,2
316.4,-36.652,2
318.5,-36.539,2
325.5,-36.711,2
328.3,-36.201,2
338.1,-36.346,2
345.1,-35.926,2
347.2,-36.559,2
350.7,-35.847,2
355.6,-36.111,2
360.5,-36.177,2
368.2,-36.396,2
371,-36.456,2
382.9,-36.972,2
384.3,-36.895,2
388.5,-37.153,2
401.1,-37.446,2
402.5,-37.732,2
403.2,-37.821,2
403.9,-37.624,2
404.6,-37.357,2
406,-37.37,2
406.7,-37.636,2
408.1,-37.475,2
415.8,-37.846,2
417.2,-37.805,2
417.9,-37.794,2
418.6,-37.695,2
422.1,-37.549,2
423.5,-37.57,2
427,-37.783,2
432.6,-37.477,2
435.4,-37.291,2
436.8,-37.613,2
442.4,-37.182,2
443.8,-37.309,2
447.3,-37.188,2
464.1,-36.952,2
464.8,-36.864,2
466.2,-36.797,2
473.2,-36.726,2
480.2,-36.88,2
481.6,-36.567,2
483,-36.32,2
484.4,-36.718,2
487.9,-36.277,2
488.6,-36.738,2
490,-36.869,2
492.1,-36.301,2
494.9,-36.606,2
498.4,-36.643,2
504,-36.406,2
504.7,-36.557,2
506.1,-36.44,2
516.6,-36.654,2
521.5,-36.349,2
522.2,-36.453,2
525,-36.397,2
526.4,-36.37,2
529.9,-36.408,2
531.3,-36.177,2
561.4,-37.13,2
566.3,-37.149,2
568.4,-37.183,2
577.5,-36.773,2
578.9,-37.155,2
583.8,-36.729,2
593.6,-36.54,2
597.8,-36.723,2
600.6,-36.662,2
602.7,-36.773,2
604.8,-36.748,2
606.9,-36.432,2
611.8,-36.875,2
612.5,-37.138,2
614.6,-36.681,2
615.3,-37.092,2
623.7,-36.803,2
627.9,-36.866,2
633.5,-36.941,2
634.9,-36.756,2
638.4,-36.696,2
644.7,-37.175,2
645.4,-36.93,2
646.8,-36.978,2
648.9,-36.857,2
652.4,-36.947,2
653.8,-36.972,2
664.3,-36.751,2
665.7,-36.754,2
666.4,-36.607,2
667.1,-37.043,2
673.4,-36.636,2
679.7,-36.892,2
688.8,-36.548,2
699.3,-36.834,2
700.7,-36.449,2
703.5,-37.503,2
714.7,-36.743,2
718.2,-36.709,2
718.9,-37.046,2
727.3,-36.988,2
728,-37.305,2
732.9,-36.894,2
738.5,-36.965,2
744.1,-36.973,2
747.6,-37.156,2
749.7,-37.34,2
751.1,-37.269,2
753.9,-37.263,2
758.1,-36.98,2
762.3,-37.151,2
763,-37.424,2
764.4,-37.061,2
774.2,-37.031,2
775.6,-37.084,2
777.7,-37.026,2
779.1,-37.407,2
786.8,-37.275,2
789.6,-36.962,2
791.7,-36.98,2
796.6,-37.118,2
798.7,-37.135,2
801.5,-37.027,2
802.2,-37.169,2
806.4,-36.961,2
807.8,-36.998,2
810.6,-37.045,2
812,-36.879,2
815.5,-37.187,2
816.9,-36.948,2
819,-36.864,2
828.8,-36.91,2
833.7,-36.827,2
835.1,-36.637,2
840,-36.746,2
843.5,-36.755,2
846.3,-36.519,2
851.9,-36.782,2
853.3,-36.821,2
857.5,-36.794,2
862.4,-36.937,2
864.5,-36.631,2
865.9,-36.602,2
879.9,-37.002,2
880.6,-36.966,2
881.3,-36.788,2
882,-37.048,2
894.6,-37.001,2
902.3,-36.77,2
903.7,-36.688,2
909.3,-36.871,2
912.1,-36.963,2
914.2,-36.942,2
917,-36.562,2
919.1,-36.596,2
928.9,-36.663,2
929.6,-36.822,2
931,-36.498,2
931.7,-36.728,2
935.9,-36.833,2
936.6,-36.694,2
937.3,-36.99,2
939.4,-36.63,2
948.5,-36.912,2
952.7,-37.367,2
957.6,-36.652,2
963.2,-36.917,2
970.2,-36.692,2
973.7,-36.526,2
975.8,-36.622,2
980,-36.623,2
982.1,-36.824,2
982.8,-36.665,2
987.7,-36.343,2
989.8,-36.626,2
1008.7,-36.996,2
1010.1,-37.042,2
1010.8,-37.033,2
1012.2,-37.099,2
1013.6,-37.056,2
1015,-37.049,2
1029,-37.121,2
1030.4,-37.235,2
1031.1,-37.128,2
1033.9,-37.04,2
1036.7,-37.277,2
1037.4,-37.438,2
1047.2,-36.583,2
1050,-36.845,2
1050.7,-36.609,2
1052.8,-36.705,2
1053.5,-36.712,2
1054.9,-36.489,2
1055.6,-36.58,2
1057,-36.869,2
1063.3,-36.584,2
1065.4,-36.568,2
1070.3,-36.67,2
1071,-36.435,2
1072.4,-36.628,2
1081.5,-36.894,2
1082.2,-36.947,2
1083.6,-36.788,2
1092,-36.747,2
1096.9,-37.196,2
1098.3,-36.809,2
1099,-36.827,2
1101.8,-36.783,2
1106.7,-36.572,2
1118.6,-36.461,2
1123.5,-36.683,2
1126.3,-36.748,2
1127.7,-36.378,2
1132.6,-36.465,2
1134.7,-36.639,2
1138.2,-36.733,2
1150.8,-37,2
1153.6,-37.376,2
1157.1,-37.363,2
1162,-37.044,2
1169,-37.312,2
1171.8,-37.02,2
1173.2,-37.322,2
1176,-37.144,2
1180.9,-37.129,2
1187.9,-37.41,2
1190,-36.967,2
1192.1,-37.083,2
1194.2,-37.198,2
1194.9,-37.249,2
1197,-36.995,2
1204,-36.632,2
1204.7,-36.936,2
1213.1,-36.515,2
1214.5,-36.533,2
1216.6,-37.036,2
1219.4,-36.857,2
1227.1,-36.561,2
1229.2,-36.729,2
1229.9,-36.041,2
1237.6,-36.231,2
1238.3,-36.199,2
1243.9,-36.179,2
1248.1,-36.477,2
1251.6,-36.558,2
1257.9,-36.611,2
1258.6,-36.482,2
1261.4,-36.546,2
1262.8,-36.485,2
1265.6,-36.471,2
1266.3,-36.68,2
1267,-36.654,2
1268.4,-36.771,2
1270.5,-36.66,2
1281.7,-36.666,2
1293.6,-36.409,2
1296.4,-36.334,2
1299.2,-36.614,2
1301.3,-36.656,2
1303.4,-36.508,2
1307.6,-36.955,2
1311.1,-36.945,2
1315.3,-37.2,2
1316,-37.05,2
1317.4,-37.153,2
1318.1,-37.116,2
1320.9,-37.115,2
1323.7,-36.967,2
1324.4,-37.074,2
1325.8,-36.921,2
1326.5,-36.796,2
1327.2,-37.004,2
1332.1,-37.252,2
1335.6,-36.595,2
1344,-36.676,2
1344.7,-36.67,2
1346.1,-36.877,2
1352.4,-36.8,2
1353.8,-36.698,2
1354.5,-36.671,2
1355.9,-36.608,2
1358.7,-36.505,2
1371.3,-36.819,2
1372.7,-37.067,2
1376.2,-36.965,2
1378.3,-36.994,2
1386.7,-36.722,2
1390.2,-37.176,2
1391.6,-36.929,2
1405.6,-37.117,2
1409.8,-37.063,2
1410.5,-37.075,2
1411.2,-37.032,2
1420.3,-37.283,2
1421,-37.028,2
1430.8,-37.048,2
1431.5,-36.982,2
1432.9,-36.938,2
1434.3,-37.122,2
1437.8,-37.186,2
1439.2,-37.291,2
1439.9,-37.081,2
1440.6,-36.687,2
1443.4,-36.659,2
1453.9,-36.701,2
1463.7,-36.553,2
1465.1,-36.332,2
1470.7,-36.633,2
1472.1,-36.835,2
1474.9,-36.349,2
1484.7,-36.439,2
1487.5,-36.441,2
1488.9,-36.494,2
1490.3,-36.547,2
1494.5,-36.466,2
1495.2,-36.636,2
1496.6,-36.695,2
1498,-37.251,2
1498.7,-36.671,2
1500.8,-36.801,2
1501.5,-36.67,2
1507.1,-36.564,2
1512.7,-36.828,2
1514.1,-36.917,2
1515.5,-36.656,2
1521.8,-36.651,2
1523.9,-36.828,2
1528.8,-36.685,2
1535.8,-36.39,2
1549.1,-36.3,2
1553.3,-36.566,2
1554,-36.386,2
1559.6,-36.696,2
1562.4,-36.32,2
1563.8,-36.338,2
1573.6,-36.508,2
1577.8,-36.679,2
1579.9,-36.502,2
1582.7,-36.971,2
1588.3,-37.776,2
1589,-36.68,2
1589.7,-36.654,2
1594.6,-36.615,2
1595.3,-36.685,2
1597.4,-36.653,2
1598.1,-36.59,2
1601.6,-36.473,2
1603,-36.881,2
1605.1,-36.699,2
1607.2,-36.394,2
1609.3,-36.708,2
1612.1,-36.438,2
1614.9,-36.509,2
1630.3,-37.126,2
1631.7,-36.888,2
1633.1,-37.018,2
1635.9,-37.116,2
1638,-36.981,2
1640.1,-37.074,2
1645,-36.925,2
1645.7,-36.882,2
1647.8,-37.02,2
1650.6,-36.785,2
1652,-36.986,2
1652.7,-36.936,2
1653.4,-36.952,2
1660.4,-36.996,2
1661.8,-36.936,2
1663.9,-36.969,2
1668.1,-36.967,2
1670.2,-37.056,2
1673.7,-37.13,2
1675.8,-37.294,2
1677.2,-37.061,2
1677.9,-37.236,2
1678.6,-37.303,2
1679.3,-37.039,2
1683.5,-37.102,2
1690.5,-37.147,2
1691.2,-37.197,2
1694,-37.301,2
1694.7,-37.276,2
1696.1,-37.478,2
1701,-36.822,2
1701.7,-37.133,2
1703.8,-36.912,2
1706.6,-36.894,2
1707.3,-36.902,2
1710.8,-37.379,2
1712.2,-38.03,2
1715,-36.902,2
1715.7,-37.521,2
1716.4,-36.714,2
1717.8,-37.064,2
1719.2,-36.962,2
1720.6,-37.028,2
1721.3,-37.423,2
1722.7,-37.209,2
1724.1,-36.867,2
1725.5,-37.061,2
1728.3,-36.69,2
1729,-37.024,2
1730.4,-36.668,2
1735.3,-36.739,2
1736,-36.594,2
1736.7,-36.689,2
1738.8,-36.912,2
1739.5,-37.321,2
1741.6,-36.816,2
1743.7,-36.95,2
1745.1,-36.534,2
1748.6,-36.74,2
1750.7,-36.849,2
1751.4,-37.074,2
1752.1,-36.361,2
1752.8,-37.936,2
1763.3,-36.273,2
1764.7,-36.52,2
1771,-36.384,2
1773.1,-36.523,2
1775.2,-36.711,2
1777.3,-36.388,2
1784.3,-36.636,2
1786.4,-36.731,2
1787.1,-36.603,2
1790.6,-36.556,2
1793.4,-37.154,2
1796.9,-36.565,2
1797.6,-36.763,2
1804.6,-36.791,2
1814.4,-36.659,2
1817.2,-36.455,2
1818.6,-36.787,2
1820,-36.492,2
1821.4,-36.75,2
1829.8,-36.863,2
1830.5,-36.932,2
1832.6,-37.181,2
1839.6,-36.94,2
1841.7,-37.019,2
1844.5,-37.113,2
1845.2,-37.21,2
1847.3,-37.06,2
1850.8,-36.84,2
1853.6,-37.074,2
1855,-36.876,2
1865.5,-36.793,2
1869,-36.654,2
1869.7,-36.787,2
1871.1,-36.856,2
1873.2,-36.693,2
1873.9,-36.82,2
1876.7,-37.017,2
1880.2,-36.941,2
1881.6,-36.786,2
1883,-36.912,2
1886.5,-36.943,2
1887.2,-36.954,2
1888.6,-37.021,2
1895.6,-36.501,2
1900.5,-37.298,2
1903.3,-36.859,2
1905.4,-36.859,2
1908.9,-36.917,2
1909.6,-36.965,2
1911,-37.176,2
1913.1,-36.765,2
1914.5,-36.945,2
1915.9,-36.736,2
1918,-36.966,2
1918.7,-37.098,2
1920.8,-36.833,2
1923.6,-36.975,2
1926.4,-37.144,2
1928.5,-37.116,2
1934.1,-36.839,2
1934.8,-36.918,2
1936.9,-36.693,2
1939.7,-37.182,2
1941.8,-37.003,2
1943.9,-36.666,2
1947.4,-36.904,2
1948.1,-36.716,2
1948.8,-36.99,2
1953,-37.017,2
1954.4,-36.797,2
1959.3,-36.564,2
1962.1,-36.879,2
1962.8,-36.673,2
1963.5,-36.828,2
1966.3,-36.838,2
1973.3,-36.949,2
1976.1,-36.692,2
1978.2,-36.691,2
1979.6,-36.702,2
1983.8,-36.732,2
1985.9,-36.802,2
1989.4,-36.64,2
1997.1,-36.538,2
1997.8,-36.59,2
2001.3,-36.382,2
2009.7,-36.538,2
2011.8,-37.911,2
2013.2,-36.394,2
2014.6,-36.729,2
2026.5,-36.958,2
2027.9,-36.786,2
2029.3,-36.915,2
2032.8,-36.635,2
2035.6,-36.69,2
2037,-36.533,2
2037.7,-36.562,2
2039.8,-36.759,2
2040.5,-36.97,2
2041.9,-36.729,2
2046.8,-36.621,2
2052.4,-36.737,2
2053.8,-36.961,2
2063.6,-36.819,2
2065,-36.727,2
2065.7,-36.829,2
2069.9,-36.748,2
2073.4,-36.726,2
2075.5,-37.115,2
2076.2,-36.886,2
2076.9,-36.855,2
2078.3,-36.934,2
2084.6,-36.636,2
2090.9,-36.377,2
2123.1,-37.411,2
2128.7,-37.099,2
2138.5,-36.627,2
2142,-36.903,2
2144.8,-36.984,2
2146.9,-36.587,2
2148.3,-36.7,2
2149,-36.521,2
2149.7,-36.673,2
2152.5,-36.683,2
2156,-36.686,2
2165.8,-36.75,2
2171.4,-36.99,2
2177,-37.003,2
2179.1,-37.126,2
2186.1,-36.694,2
2239.3,-37.087,2
2240,-36.871,2
2254,-37.27,2
2715.3,-36.925,2
2716,-36.81,2
2744,-36.978,2
2744.7,-36.914,2
2751,-37.097,2
2751.7,-37.223,2
2755.9,-37.03,2
2757.3,-37.074,2
2758,-36.752,2
2758.7,-37.178,2
2763.6,-36.911,2
2766.4,-36.847,2
2771.3,-36.343,2
2772.7,-36.886,2
2774.8,-36.757,2
2776.9,-36.82,2
2784.6,-36.733,2
2786.7,-36.586,2
2790.2,-36.993,2
2790.9,-37.148,2
2791.6,-36.865,2
2792.3,-37.012,2
2793,-36.896,2
2793.7,-36.743,2
2797.9,-36.809,2
2807,-36.756,2
2808.4,-36.691,2
2809.8,-36.64,2
2811.2,-36.76,2
2815.4,-36.439,2
2816.8,-36.93,2
2817.5,-36.679,2
2818.2,-36.574,2
2821.7,-36.558,2
2822.4,-36.44,2
2823.1,-36.504,2
2823.8,-36.899,2
2828.7,-37.037,2
2829.4,-36.687,2
2830.1,-36.631,2
2838.5,-36.414,2
2846.2,-36.432,2
2846.9,-36.652,2
2847.6,-36.532,2
2848.3,-36.621,2
2856.7,-36.729,2
2858.8,-36.627,2
2860.9,-36.573,2
2861.6,-36.929,2
2867.2,-36.785,2
2867.9,-36.893,2
2870,-36.868,2
2872.1,-36.801,2
2872.8,-36.917,2
2873.5,-36.923,2
2874.2,-36.604,2
2876.3,-36.882,2
2877,-36.858,2
2879.8,-36.963,2
2883.3,-36.906,2
2886.1,-36.776,2
2893.8,-37.018,2
2898,-37.054,2
2899.4,-37.125,2
2900.1,-36.99,2
2900.8,-36.89,2
2904.3,-36.869,2
2905,-36.992,2
2906.4,-37.102,2
2907.8,-36.962,2
2908.5,-37.11,2
2909.9,-36.915,2
2910.6,-37.032,2
2912,-36.975,2
2919,-36.984,2
2922.5,-36.945,2
2926.7,-37.165,2
2933,-36.531,2
2933.7,-36.671,2
2937.2,-37.381,2
2937.9,-36.564,2
2939.3,-36.73,2
2941.4,-36.497,2
2947.7,-36.51,2
2957.5,-37.431,2
2958.9,-36.566,2
2960.3,-36.853,2
2964.5,-36.704,2
2968.7,-36.811,2
2972.2,-36.862,2
2974.3,-36.565,2
2979.2,-36.758,2
2987.6,-37.482,2
2991.1,-37.706,2
2992.5,-36.919,2
2993.2,-37.206,2
2995.3,-36.76,2
2998.8,-37.109,2
3001.6,-37.134,2
3003,-36.973,2
3005.8,-37.275,2
3007.2,-37.013,2
3007.9,-37.123,2
3008.6,-37.024,2
3010,-37.186,2
3014.2,-36.907,2
3018.4,-37.134,2
3019.8,-36.891,2
3021.2,-37.115,2
3021.9,-37.085,2
3023.3,-37.063,2
3025.4,-36.805,2
3026.8,-36.871,2
3029.6,-36.825,2
3031,-36.86,2
3031.7,-36.877,2
3034.5,-36.689,2
3040.8,-36.599,2
3043.6,-36.598,2
3046.4,-36.672,2
3052.7,-36.716,2
3054.1,-36.892,2
3056.2,-37.025,2
3057.6,-37.113,2
3060.4,-36.858,2
3061.8,-36.874,2
3062.5,-36.891,2
3063.9,-36.75,2
3067.4,-36.635,2
3068.1,-36.734,2
3070.2,-37.046,2
3071.6,-37.08,2
3075.8,-36.791,2
3076.5,-36.792,2
3082.1,-36.833,2
3083.5,-36.761,2
3087.7,-36.883,2
3090.5,-36.733,2
3094.7,-36.587,2
3100.3,-36.509,2
3101,-36.467,2
3103.8,-36.279,2
3106.6,-36.042,2
3108,-37.079,2
3108.7,-36.077,2
3110.8,-35.974,2
3113.6,-36.184,2
3114.3,-36.033,2
3124.1,-36.227,2
3128.3,-36.213,2
3129,-36.333,2
3130.4,-36.147,2
3132.5,-36.363,2
3137.4,-36.449,2
3138.1,-36.535,2
3141.6,-36.331,2
3143,-36.353,2
3147.9,-36.454,2
3153.5,-36.488,2
3155.6,-36.241,2
3159.8,-36.447,2
3165.4,-36.826,2
3166.1,-36.546,2
3169.6,-36.718,2
3172.4,-36.52,2
3173.1,-36.802,2
3178,-36.876,2
3180.1,-36.669,2
3180.8,-36.527,2
3185.7,-36.621,2
3187.1,-36.896,2
3197.6,-36.822,2
3199.7,-36.636,2
3202.5,-36.651,2
3203.9,-36.616,2
3204.6,-36.611,2
3207.4,-36.589,2
3211.6,-36.714,2
3212.3,-36.581,2
3215.8,-37.118,2
3217.2,-36.829,2
3219.3,-36.972,2
3222.1,-37.025,2
3224.9,-37.106,2
3227,-36.925,2
3231.2,-36.927,2
3232.6,-37.085,2
3233.3,-36.842,2
3234.7,-36.932,2
3236.8,-36.573,2
3240.3,-36.909,2
3243.8,-36.484,2
3244.5,-37.016,2
3245.2,-36.708,2
3245.9,-36.754,2
3246.6,-36.625,2
3252.2,-36.603,2
3253.6,-36.411,2
3255,-36.42,2
3257.8,-36.571,2
3258.5,-36.561,2
3260.6,-36.844,2
3263.4,-36.51,2
3266.9,-36.603,2
3272.5,-36.683,2
3273.2,-36.844,2
3273.9,-36.442,2
3274.6,-36.984,2
3279.5,-37.067,2
3283.7,-36.508,2
3285.8,-36.666,2
3289.3,-36.636,2
3290.7,-36.652,2
3292.1,-36.796,2
3294.2,-36.793,2
3295.6,-36.798,2
3296.3,-36.879,2
3299.1,-36.904,2
3300.5,-36.831,2
3306.1,-36.568,2
3308.2,-36.853,2
3311,-36.534,2
3311.7,-36.736,2
3313.1,-36.758,2
3314.5,-37.017,2
3315.2,-36.925,2
3319.4,-36.749,2
3322.9,-36.641,2
3325,-36.668,2
3329.9,-36.906,2
3330.6,-36.97,2
3331.3,-36.735,2
3332,-36.976,2
3333.4,-36.715,2
3334.1,-36.678,2
3335.5,-36.696,2
3336.9,-36.552,2
3342.5,-36.615,2
3343.2,-36.875,2
3348.1,-36.78,2
3351.6,-36.784,2
3355.1,-36.801,2
3357.2,-36.796,2
3358.6,-36.728,2
3360.7,-36.639,2
3362.1,-37.206,2
3363.5,-37.01,2
3365.6,-37.077,2
3369.8,-36.727,2
3372.6,-37.066,2
3378.2,-36.672,2
3383.1,-36.94,2
3383.8,-36.832,2
3388.7,-36.615,2
3390.8,-36.9,2
3392.2,-36.565,2
3393.6,-36.729,2
3395.7,-36.7,2
3401.3,-36.682,2
3402,-36.532,2
3404.1,-36.624,2
3404.8,-36.468,2
3406.2,-36.363,2
3411.1,-36.429,2
3413.2,-36.338,2
3413.9,-36.164,2
3416.7,-36.191,2
3420.9,-36.121,2
3421.6,-35.975,2
3424.4,-36.147,2
3425.8,-36.284,2
3427.2,-36.008,2
3430,-36.461,2
3437.7,-36.608,2
3439.1,-36.549,2
3439.8,-36.519,2
3440.5,-36.56,2
3441.9,-36.582,2
3446.1,-36.746,2
3448.2,-37.063,2
3451,-36.777,2
3451.7,-36.675,2
3453.8,-36.698,2
3454.5,-36.659,2
3455.9,-36.82,2
3457.3,-36.723,2
3466.4,-36.76,2
3467.1,-36.949,2
3468.5,-36.755,2
3479,-36.961,2
3479.7,-36.605,2
3480.4,-36.654,2
3481.1,-36.783,2
3483.9,-36.613,2
3487.4,-36.841,2
3488.1,-36.828,2
3488.8,-36.704,2
3494.4,-36.865,2
3495.1,-36.994,2
3495.8,-36.8,2
3497.2,-37.166,2
3497.9,-37.293,2
3500,-36.781,2
3500.7,-36.735,2
3504.2,-36.989,2
3505.6,-36.886,2
3506.3,-36.743,2
3508.4,-36.794,2
3511.9,-36.959,2
3514.7,-36.926,2
3515.4,-36.718,2
3518.9,-36.713,2
3520.3,-36.817,2
3526.6,-36.83,2
3528.7,-36.963,2
3529.4,-36.737,2
3530.1,-36.892,2
3531.5,-36.853,2
3535.7,-36.921,2
3539.2,-36.928,2
3539.9,-37.054,2
3540.6,-37.086,2
3548.3,-37.101,2
3549,-36.747,2
3550.4,-36.745,2
3556,-36.676,2
3561.6,-36.977,2
3565.1,-36.849,2
3571.4,-36.657,2
3572.8,-36.947,2
3575.6,-36.633,2
3577.7,-36.884,2
3585.4,-36.821,2
3588.2,-36.839,2
3594.5,-36.85,2
3595.9,-36.845,2
3600.1,-36.647,2
3602.2,-36.722,2
3603.6,-36.816,2
3605.7,-36.739,2
3607.8,-36.743,2
3614.1,-36.821,2
3616.2,-36.701,2
3619,-36.619,2
3619.7,-36.776,2
3620.4,-36.795,2
3621.1,-36.686,2
3621.8,-36.762,2
3623.2,-36.838,2
3626,-36.792,2
3628.1,-36.452,2
3629.5,-36.513,2
3637.2,-37.611,2
3637.9,-36.57,2
3641.4,-37.287,2
3643.5,-36.502,2
3644.2,-36.76,2
3649.1,-36.531,2
3650.5,-36.69,2
3658.2,-36.897,2
3659.6,-36.692,2
3662.4,-36.805,2
3663.8,-36.757,2
3665.2,-36.124,2
3666.6,-36.332,2
3668,-36.555,2
3668.7,-36.245,2
3669.4,-36.084,2
3671.5,-36.212,2
3678.5,-36.466,2
3680.6,-36.56,2
3681.3,-36.327,2
3682,-36.649,2
3684.8,-36.595,2
3686.2,-36.531,2
3689,-36.638,2
3689.7,-37.263,2
3691.8,-36.983,2
3693.2,-36.519,2
3694.6,-36.854,2
3698.8,-36.695,2
3700.2,-36.954,2
3703,-36.715,2
3708.6,-36.732,2
3710.7,-36.642,2
3711.4,-36.628,2
3712.1,-36.525,2
3713.5,-36.81,2
3715.6,-36.89,2
3716.3,-36.686,2
3722.6,-36.858,2
3724,-36.835,2
3724.7,-36.881,2
3726.1,-36.691,2
3727.5,-36.908,2
3728.2,-36.729,2
3728.9,-36.692,2
3729.6,-36.782,2
3731,-36.755,2
3732.4,-36.793,2
3733.8,-36.77,2
3734.5,-36.858,2
3735.9,-36.862,2
3738,-36.649,2
3740.8,-37.308,2
3742.2,-36.632,2
3743.6,-36.632,2
3744.3,-36.775,2
3746.4,-36.625,2
3747.1,-36.63,2
3747.8,-36.579,2
3749.2,-36.624,2
3749.9,-36.653,2
3751.3,-36.509,2
3752,-36.84,2
3752.7,-36.587,2
3754.1,-36.542,2
3754.8,-36.686,2
3755.5,-36.428,2
3756.2,-36.822,2
3759.7,-36.715,2
3761.1,-36.727,2
3761.8,-36.84,2
3762.5,-36.153,2
3763.9,-36.763,2
3764.6,-37.279,2
3766,-36.656,2
3767.4,-36.656,2
3768.1,-36.701,2
3768.8,-37.11,2
3770.2,-37.153,2
3772.3,-36.803,2
3773,-36.782,2
3774.4,-36.675,2
3775.1,-36.724,2
3775.8,-36.762,2
3776.5,-36.723,2
3777.9,-36.644,2
3779.3,-36.849,2
3780,-36.48,2
3780.7,-36.522,2
3783.5,-36.694,2
3784.2,-36.98,2
3784.9,-36.549,2
3785.6,-36.436,2
3786.3,-36.421,2
3787.7,-36.89,2
3788.4,-36.553,2
3789.1,-36.605,2
3789.8,-36.68,2
3791.9,-36.122,2
3794.7,-36.624,2
3796.1,-35.644,2
3798.2,-36.627,2
3800.3,-36.295,2
3805.2,-36.314,2
611.1,-56.389,3
626.5,-56.105,3
668.5,-55.562,3
732.9,-54.322,3
746.2,-53.099,3
760.2,-54.512,3
779.8,-54.163,3
784,-52.854,3
794.5,-53.231,3
803.6,-54.177,3
810.6,-54.114,3
813.4,-53.546,3
814.8,-53.837,3
819,-52.188,3
830.9,-53.401,3
831.6,-53.448,3
844.2,-52.278,3
849.1,-51.899,3
856.8,-52.215,3
870.8,-52.033,3
898.1,-51.525,3
899.5,-51.739,3
909.3,-51.367,3
911.4,-52.043,3
922.6,-51.865,3
926.1,-51.964,3
940.8,-51.325,3
949.2,-52.001,3
972.3,-51.582,3
976.5,-51.216,3
982.8,-51.103,3
1005.9,-50.951,3
1016.4,-51.825,3
1024.8,-52.111,3
1081.5,-51.265,3
1087.1,-51.074,3
1124.2,-50.651,3
1176.7,-50.658,3
1198.4,-52.348,3
1216.6,-50.631,3
1218,-51.924,3
1239,-50.672,3
1257.2,-50.238,3
1278.2,-50.956,3
1292.2,-50.559,3
1297.1,-50.831,3
1305.5,-50.915,3
1365,-51.322,3
1397.2,-50.611,3
1409.8,-50.83,3
1423.1,-50.682,3
1429.4,-50.667,3
1442,-50.673,3
1448.3,-50.757,3
1456,-51.202,3
1479.8,-50.893,3
1546.3,-50.95,3
1566.6,-50.817,3
1568,-50.984,3
1576.4,-51.061,3
1585.5,-51.083,3
1617.7,-51.748,3
1624.7,-51.477,3
1625.4,-50.973,3
1630.3,-50.79,3
1640.1,-51.227,3
1656.9,-50.772,3
1670.9,-50.972,3
1684.9,-50.431,3
1689.1,-50.587,3
1729,-50.695,3
1733.2,-50.92,3
1736,-51.225,3
1745.1,-51.069,3
1793.4,-50.817,3
1808.1,-50.764,3
1810.2,-51.894,3
1817.9,-51.459,3
1831.2,-51.641,3
1831.9,-50.738,3
1834,-50.803,3
1840.3,-50.933,3
1841,-50.941,3
1846.6,-51.261,3
1852.9,-50.878,3
1859.2,-51.328,3
1873.2,-51.43,3
1878.1,-51.513,3
1887.2,-50.932,3
1887.9,-50.937,3
1889.3,-50.616,3
1896.3,-50.822,3
1907.5,-51.049,3
1910.3,-51.269,3
1925,-50.93,3
1935.5,-51.22,3
1948.1,-50.76,3
1964.2,-51.097,3
1974,-50.65,3
1976.8,-51.209,3
1994.3,-50.637,3
2004.8,-50.995,3
2006.9,-50.605,3
2011.1,-51.154,3
2022.3,-51.222,3
2079,-50.893,3
2081.8,-50.737,3
2716,-49.956,3
2774.1,-49.441,3
2786.7,-50.302,3
2811.2,-49.289,3
2856.7,-49.753,3
2860.9,-50.448,3
2865.1,-49.747,3
2866.5,-49.712,3
2883.3,-49.517,3
2886.1,-50.038,3
2890.3,-49.471,3
2891,-49.596,3
2905.7,-50.186,3
2912,-49.283,3
2916.2,-49.616,3
2922.5,-49.077,3
2924.6,-49.493,3
2946.3,-48.963,3
2957.5,-48.841,3
2958.2,-49.404,3
2961.7,-48.916,3
2969.4,-48.983,3
2970.8,-48.874,3
2983.4,-48.756,3
2984.1,-48.85,3
2988.3,-48.527,3
2993.2,-48.71,3
2993.9,-48.953,3
2998.8,-48.941,3
3000.9,-48.629,3
3012.8,-48.871,3
3017.7,-48.76,3
3023.3,-48.34,3
3024,-48.488,3
3027.5,-48.763,3
3056.9,-48.315,3
3065.3,-48.283,3
3068.1,-48.204,3
3070.2,-48.227,3
3098.9,-47.75,3
3100.3,-47.85,3
3109.4,-48.328,3
3114.3,-47.773,3
3123.4,-47.57,3
3127.6,-48.391,3
3138.1,-48.288,3
3150,-47.348,3
3156.3,-47.169,3
3158.4,-47.311,3
3159.1,-47.056,3
3164,-47.08,3
3165.4,-47.594,3
3168.9,-47.412,3
3175.2,-47.598,3
3175.9,-47.283,3
3180.1,-46.709,3
3201.8,-46.958,3
3203.9,-46.768,3
3208.1,-46.351,3
3215.1,-46.536,3
3229.8,-46.419,3
3237.5,-46.834,3
3238.9,-46.382,3
3248,-46.758,3
3248.7,-46.077,3
3250.1,-46.581,3
3252.9,-45.892,3
3253.6,-46.291,3
3271.8,-46.425,3
3272.5,-46.14,3
3282.3,-46.049,3
3294.9,-46.35,3
3295.6,-46.048,3
3322.2,-46.423,3
3325.7,-46.139,3
3333.4,-45.855,3
3336.9,-45.908,3
3341.8,-44.79,3
3346.7,-45.205,3
3362.8,-45.553,3
3366.3,-45.181,3
3369.8,-46.028,3
3441.2,-45.512,3
3457.3,-44.418,3
3468.5,-45.585,3
3476.2,-45.274,3
3490.2,-45.576,3
3490.9,-44.192,3
3511.2,-44.352,3
3513.3,-44.868,3
3517.5,-44.932,3
3530.1,-43.921,3
3536.4,-43.667,3
3537.8,-44.08,3
3538.5,-43.592,3
3540.6,-44.114,3
3547.6,-44.585,3
3564.4,-42.623,3
3568.6,-42.912,3
3572.8,-43.683,3
3575.6,-42.743,3
3577.7,-42.6,3
3579.8,-43.035,3
3581.9,-43.004,3
3586.1,-43.301,3
3593.8,-42.982,3
3598.7,-41.976,3
3604.3,-40.88,3
3634.4,-41.5,3
3645.6,-41.717,3
3651.2,-41.599,3
3654.7,-40.468,3
3656.8,-41.205,3
3658.2,-40.281,3
3661,-41.291,3
3671.5,-40.223,3
3676.4,-40.453,3
3677.1,-39.88,3
3678.5,-41.036,3
3680.6,-40.201,3
3686.2,-39.828,3
3689,-39.999,3
3696,-40.29,3
3699.5,-40.006,3
3712.1,-40.186,3
3713.5,-39.289,3
3732.4,-39.511,3
3810.1,-27.065,4
3812.2,-27.623,4
3812.9,-27.075,4
3814.3,-27.843,4
3817.1,-28.356,4
3817.8,-29.327,4
3819.2,-28.366,4
3821.3,-27.789,4
3823.4,-27.613,4
3826.2,-27.327,4
3829.7,-27.401,4
3830.4,-27.511,4
3833.2,-27.053,4
3834.6,-26.754,4
3836,-26.999,4
3837.4,-27.393,4
3838.8,-26.932,4
3840.9,-27.648,4
3841.6,-26.891,4
3843,-26.651,4
3847.9,-26.635,4
3849.3,-26.27,4
3850,-27.038,4
3852.1,-26.834,4
3855.6,-26.486,4
3858.4,-26.605,4
3859.1,-26.337,4
3861.2,-26.298,4
3861.9,-26.642,4
3862.6,-26.13,4
3863.3,-26.586,4
3864.7,-26.123,4
3866.1,-26.142,4
3868.9,-26.546,4
3873.1,-27.103,4
3873.8,-26.39,4
3875.9,-26.705,4
3877.3,-25.938,4
3878,-26.205,4
3878.7,-25.453,4
3880.1,-25.828,4
3882.2,-26.106,4
3884.3,-25.863,4
3885.7,-27.415,4
3886.4,-26.742,4
3889.2,-25.743,4
3892,-25.79,4
3894.1,-26.545,4
3895.5,-25.814,4
3896.2,-26.99,4
3899,-25.965,4
3900.4,-26.044,4
3904.6,-25.278,4
3905.3,-25.404,4
3906,-25.628,4
3906.7,-25.635,4
3910.9,-25.389,4
3912.3,-24.88,4
3915.1,-24.826,4
3917.2,-24.816,4
3917.9,-24.561,4
3918.6,-24.824,4
3920,-24.93,4
3920.7,-24.892,4
3922.1,-24.67,4
3922.8,-24.507,4
3923.5,-24.472,4
3926.3,-24.716,4
3927.7,-24.815,4
3929.1,-24.8,4
3930.5,-24.809,4
3933.3,-23.851,4
3934,-23.775,4
3934.7,-23.524,4
3936.1,-24.751,4
3938.2,-24.249,4
3940.3,-23.779,4
3941.7,-23.878,4
3943.1,-24.349,4
3943.8,-23.204,4
3944.5,-23.796,4
3947.3,-24.158,4
3948.7,-22.524,4
3949.4,-24.007,4
3950.8,-23.852,4
3951.5,-23.807,4
3952.2,-23.079,4
3955,-23.406,4
3956.4,-23.336,4
3960.6,-22.408,4
3962.7,-22.532,4
3963.4,-21.968,4
3966.2,-21.886,4
3966.9,-22.833,4
3969,-21.636,4
3974.6,-22.134,4
3975.3,-21.986,4
3977.4,-21.634,4
3980.2,-22.017,4
3980.9,-21.195,4
3981.6,-21.861,4
3983,-19.9,4
3983.7,-20.81,4
3985.8,-20.641,4
3987.9,-20.603,4
3989.3,-19.813,4
3990,-21.297,4
3991.4,-19.496,4
3993.5,-19.816,4
3994.9,-19.828,4
3995.6,-19.624,4
3996.3,-19.179,4
3998.4,-18.264,4
4001.2,-18.966,4
4003.3,-18.195,4
4006.1,-19.221,4
4017.3,-17.612,4
4019.4,-17.66,4
4020.1,-17.145,4
4021.5,-16.182,4
4023.6,-16.256,4
4025,-16.195,4
4029.9,-16.152,4
4033.4,-15.109,4
4035.5,-13.639,4
4039,-14.321,4
4041.8,-14.491,4
4042.5,-14.099,4
4045.3,-11.913,4
4050.2,-12.56,4
4052.3,-12.188,4
4053.7,-11.314,4
4055.1,-11.465,4
4056.5,-10.953,4
4057.9,-11.374,4
4061.4,-9.8301,4
4062.8,-10.692,4
4063.5,-9.0308,4
4067,-8.4011,4
4068.4,-8.7938,4
4069.1,-9.1186,4
4071.2,-8.7544,4
4072.6,-8.2761,4
4074,-7.3575,4
4075.4,-8.3099,4
4076.8,-7.8094,4
4078.2,-6.9182,4
4082.4,-6.584,4
4083.1,-5.9757,4
4086.6,-7.1919,4
4090.1,-4.9993,4
4097.8,-3.8445,4
4100.6,-4.2144,4
4103.4,-2.9522,4
4110.4,-1.792,4
4113.9,-0.89167,4
4114.6,-0.058893,4
4119.5,-0.48371,4
4123.7,0.88351,4
4124.4,1.5081,4
4131.4,1.9969,4
4133.5,1.0115,4
4135.6,2.9693,4
4139.1,2.5203,4
4144,1.9485,4
4145.4,3.4554,4
4146.1,3.2929,4
4150.3,5.1171,4
4151,4.6461,4
4153.1,6.0663,4
4157.3,5.76,4
4158.7,7.0657,4
4160.8,6.4312,4
4163.6,6.3567,4
4164.3,5.6291,4
4165.7,8.5098,4
4169.2,6.834,4
4172,8.2293,4
4172.7,8.7293,4
4173.4,8.7117,4
4179,8.1795,4
4185.3,9.8613,4
4189.5,9.7515,4
4190.9,9.7903,4
4193,11.184,4
4193.7,12.592,4
4195.8,13.225,4
4205.6,15.787,4
