0,-43.657,2
3.5,-37.302,1
4.2,-37.196,1
9.0997,-37.565,1
13.3,-37.556,1
14,-37.583,1
16.1,-37.269,1
21.7,-37.479,1
22.4,-37.257,1
23.1,-37.393,1
23.8,-37.58,1
30.8,-37.319,1
31.5,-37.333,1
32.9,-37.302,1
33.6,-37.393,1
37.1,-37.279,1
39.2,-37.165,1
43.4,-37.556,1
45.5,-36.834,1
50.4,-36.601,1
51.1,-36.724,1
52.5,-36.95,1
53.2,-37.004,1
53.2,-53.077,2
61.6,-36.542,1
62.3,-37.906,1
63.7,-36.354,1
67.2,-36.535,1
68.6,-36.334,1
72.8,-36.451,1
73.5,-36.63,1
74.2,-57.363,2
83.3,-36.32,1
84,-36.388,1
85.4,-36.473,1
91.7,-43.754,2
92.4,-36.213,1
93.8,-36.222,1
94.5,-40.896,2
95.2,-36.481,1
96.6,-36.529,1
98,-36.548,1
98.7,-36.62,1
99.4,-36.378,1
102.9,-36.45,1
105.7,-36.56,1
109.2,-36.636,1
112,-36.279,1
114.1,-36.477,1
114.8,-26.796,1
116.2,-37.499,1
118.3,-50.519,2
119.7,-36.313,1
123.2,-36.474,1
125.3,-39.609,2
125.3,-36.098,1
125.3,-70.856,2
127.4,-36.212,1
128.1,-36.141,1
129.5,-36.328,1
130.2,-41.593,2
133.7,-36.29,1
134.4,-42.751,2
138.6,-36.489,1
145.6,-36.522,1
146.3,-45.367,2
149.8,-36.695,1
152.6,-49.759,2
156.1,-36.579,1
158.2,-36.622,1
158.9,-36.565,1
160.3,-74.85,2
161,-36.357,1
162.4,-36.598,1
164.5,-36.409,1
168,-36.366,1
170.8,-36.413,1
171.5,-37.26,1
177.8,-36.671,1
188.3,-46.186,2
203,-37.297,1
205.8,-38.058,1
208.6,-36.78,1
210.7,-36.555,1
211.4,-36.648,1
217,-36.619,1
218.4,-17.024,1
220.5,-36.423,1
221.2,-36.692,1
223.3,-36.77,1
226.1,-36.601,1
230.3,-36.446,1
232.4,-36.537,1
240.1,-36.713,1
240.8,-37.395,1
240.8,-36.847,1
243.6,-36.818,1
245.7,-36.695,1
251.3,-37.83,1
251.3,-36.741,1
254.1,-36.751,1
255.5,-36.731,1
264.6,-37.044,1
265.3,-36.857,1
266.7,-36.862,1
273,-36.906,1
273.7,-36.494,1
275.1,-36.44,1
276.5,-36.65,1
278.6,-36.532,1
284.2,-36.58,1
290.5,-36.581,1
291.9,-36.564,1
301.7,-36.74,1
304.5,-36.695,1
308,-37.075,1
314.3,-36.644,1
316.4,-36.652,1
318.5,-36.539,1
319.2,-41.805,2
325.5,-36.711,1
328.3,-36.201,1
338.1,-36.346,1
345.1,-35.926,1
347.2,-36.559,1
350.7,-35.847,1
355.6,-36.111,1
360.5,-36.177,1
368.2,-36.396,1
371,-36.456,1
382.9,-36.972,1
384.3,-36.895,1
388.5,-37.153,1
401.1,-37.446,1
402.5,-37.732,1
403.2,-37.821,1
403.9,-37.624,1
404.6,-37.357,1
406,-37.37,1
406.7,-37.636,1
408.1,-37.475,1
415.8,-37.846,1
417.2,-37.805,1
417.9,-37.794,1
418.6,-37.695,1
422.1,-37.549,1
423.5,-37.57,1
427,-37.783,1
432.6,-37.477,1
435.4,-37.291,1
436.8,-37.613,1
442.4,-37.182,1
443.8,-37.309,1
447.3,-37.188,1
464.1,-36.952,1
464.8,-36.864,1
466.2,-36.797,1
473.2,-36.726,1
473.9,-54.753,2
480.2,-36.88,1
481.6,-36.567,1
483,-36.32,1
484.4,-36.718,1
487.9,-36.277,1
488.6,-36.738,1
490,-36.869,1
492.1,-36.301,1
493.5,-61.088,2
494.9,-36.606,1
497.7,-51.167,2
498.4,-36.643,1
504,-36.406,1
504.7,-36.557,1
506.1,-36.44,1
516.6,-36.654,1
521.5,-36.349,1
522.2,-36.453,1
525,-36.397,1
526.4,-36.37,1
529.9,-36.408,1
529.9,-37.78,1
531.3,-36.177,1
535.5,-64.777,2
549.5,-61.771,2
556.5,-57.757,2
560,-57.81,2
561.4,-37.13,1
566.3,-37.149,1
568.4,-37.183,1
569.8,-38.361,2
577.5,-36.773,1
578.9,-37.155,1
583.8,-36.729,1
593.6,-36.54,1
593.6,-56.696,2
597.8,-36.723,1
600.6,-36.662,1
602.7,-36.773,1
604.8,-36.748,1
606.9,-36.432,1
608.3,-52.837,2
611.1,-56.389,2
611.8,-36.875,1
612.5,-37.138,1
613.2,-51.88,2
614.6,-36.681,1
615.3,-37.092,1
620.2,-41.152,2
623.7,-36.803,1
626.5,-56.105,2
627.9,-36.866,1
633.5,-36.941,1
634.9,-36.756,1
638.4,-36.696,1
644.7,-37.175,1
645.4,-36.93,1
646.8,-36.978,1
648.2,-40.795,2
648.9,-36.857,1
652.4,-36.947,1
653.8,-36.972,1
654.5,-55.061,2
664.3,-36.751,1
665.7,-36.754,1
666.4,-36.607,1
667.1,-37.043,1
668.5,-55.562,2
669.9,-55.852,2
673.4,-36.636,1
679.7,-36.892,1
679.7,-71.106,2
688.8,-36.548,1
699.3,-36.834,1
700.7,-36.449,1
703.5,-37.503,1
714.7,-36.743,1
717.5,-54.196,2
718.2,-36.709,1
718.9,-37.046,1
719.6,-63.803,2
721.7,-47.631,2
721.7,-53.473,2
724.5,-56.494,2
727.3,-36.988,1
728,-37.305,1
732.9,-36.894,1
732.9,-54.322,2
736.4,-44.331,2
738.5,-36.965,1
744.1,-36.973,1
746.2,-42.522,2
746.2,-53.099,2
746.2,-80.649,2
747.6,-37.156,1
749.7,-37.34,1
751.1,-37.269,1
753.9,-37.263,1
758.1,-36.98,1
760.2,-54.512,2
762.3,-37.151,1
763,-37.424,1
763.7,-57.18,2
764.4,-37.061,1
767.2,-52.977,2
774.2,-37.031,1
775.6,-37.084,1
777.7,-37.026,1
779.1,-37.407,1
779.8,-54.163,2
784,-52.854,2
786.8,-37.275,1
789.6,-36.962,1
791.7,-36.98,1
794.5,-53.231,2
796.6,-37.118,1
798.7,-37.135,1
800.1,-55.825,2
801.5,-37.027,1
802.2,-37.169,1
803.6,-54.177,2
803.6,-52.737,2
806.4,3.2811,1
806.4,-36.961,1
807.8,-36.998,1
810.6,-37.045,1
810.6,-54.114,2
812,-36.879,1
813.4,-53.546,2
814.8,-53.837,2
815.5,-37.187,1
816.9,-36.948,1
819,-52.188,2
819,-36.864,1
828.8,-36.91,1
830.9,-53.401,2
831.6,-53.448,2
831.6,-52.19,2
833.7,-36.827,1
835.1,-36.637,1
840,-36.746,1
843.5,-36.755,1
844.2,-52.278,2
846.3,-36.519,1
849.1,-51.899,2
851.9,-36.782,1
852.6,-66.992,2
853.3,-36.821,1
856.8,-52.215,2
857.5,-36.794,1
858.2,-54.133,2
861,-54.649,2
862.4,-36.937,1
864.5,-36.631,1
865.9,-36.602,1
870.8,-52.033,2
879.9,-37.002,1
880.6,-36.966,1
881.3,-36.788,1
882,-37.048,1
894.6,-37.001,1
898.1,-51.525,2
899.5,-51.739,2
902.3,-36.77,1
903.7,-36.688,1
907.9,-56.362,2
909.3,-51.367,2
909.3,-36.871,1
911.4,-52.043,2
912.1,-36.963,1
914.2,-36.942,1
917,-36.562,1
919.1,-36.596,1
922.6,-51.865,2
926.1,-51.328,2
926.1,-51.964,2
928.9,-36.663,1
929.6,-36.822,1
931,-36.498,1
931.7,-36.728,1
935.9,-36.833,1
936.6,-36.694,1
937.3,-36.99,1
939.4,-36.63,1
940.8,-51.325,2
948.5,-36.912,1
949.2,-52.001,2
952.7,-37.367,1
957.6,-36.652,1
963.2,-36.917,1
970.2,-36.692,1
972.3,-51.582,2
973.7,-36.526,1
975.8,-36.622,1
976.5,-51.216,2
977.2,-53.417,2
977.9,-49.912,2
977.9,-53.909,2
980,-36.623,1
982.1,-36.824,1
982.8,-51.103,2
982.8,-36.665,1
987.7,-36.343,1
989.8,-36.626,1
1005.9,-50.951,2
1008.7,-36.996,1
1010.1,-37.042,1
1010.8,-37.033,1
1012.2,-37.099,1
1013.6,-37.056,1
1015,-37.049,1
1016.4,-51.825,2
1024.8,-52.111,2
1029,-37.121,1
1030.4,-37.235,1
1031.1,-37.128,1
1033.9,-37.04,1
1036.7,-37.277,1
1037.4,-37.438,1
1047.2,-36.583,1
1050,-36.845,1
1050.7,-36.609,1
1052.8,-36.705,1
1053.5,-36.712,1
1054.9,-36.489,1
1055.6,-36.58,1
1057,-36.869,1
1063.3,-36.584,1
1065.4,-36.568,1
1070.3,-36.67,1
1071,-36.435,1
1072.4,-36.628,1
1081.5,-51.265,2
1081.5,-36.894,1
1082.2,-36.947,1
1083.6,-36.788,1
1085.7,-43.238,2
1087.1,-51.074,2
1092,-36.747,1
1096.9,-37.196,1
1098.3,-36.809,1
1099,-36.827,1
1101.8,-36.783,1
1106.7,-36.572,1
1107.4,-50.536,2
1118.6,-36.461,1
1123.5,-36.683,1
1124.2,-50.651,2
1126.3,-36.748,1
1127.7,-36.378,1
1132.6,-36.465,1
1134.7,-37.326,1
1134.7,-36.639,1
1138.2,-36.733,1
1150.8,-37,1
1153.6,-37.376,1
1157.1,-37.363,1
1159.9,-42.779,2
1162,-37.044,1
1169,-37.312,1
1171.8,-37.02,1
1173.2,-37.322,1
1174.6,-42.091,2
1176,-37.144,1
1176.7,-50.658,2
1180.9,-37.129,1
1187.9,-37.41,1
1189.3,-42.302,2
1190,-36.967,1
1192.1,-37.083,1
1194.2,-37.198,1
1194.9,-37.249,1
1197,-36.995,1
1198.4,-52.348,2
1199.8,-71.012,2
1199.8,-54.444,2
1204,-36.632,1
1204.7,-36.936,1
1213.1,-36.515,1
1214.5,-36.533,1
1216.6,-50.631,2
1216.6,-37.036,1
1218,-51.924,2
1219.4,-36.857,1
1220.8,-42.742,2
1220.8,-47.872,2
1227.1,-36.561,1
1229.2,-36.729,1
1229.9,-36.041,1
1236.2,-55.208,2
1237.6,-36.231,1
1238.3,-36.199,1
1239,-50.672,2
1243.9,-36.179,1
1248.1,-36.477,1
1251.6,-36.558,1
1257.2,-50.238,2
1257.2,-54.439,2
1257.9,-36.611,1
1258.6,-36.482,1
1261.4,-36.546,1
1261.4,-64.462,2
1261.4,-61.73,2
1262.8,-36.485,1
1265.6,-36.471,1
1266.3,-36.68,1
1267,-36.654,1
1268.4,-36.771,1
1270.5,-36.66,1
1278.2,-50.956,2
1281.7,-36.666,1
1292.2,-50.559,2
1293.6,-36.409,1
1296.4,-36.334,1
1297.1,-50.831,2
1299.2,-36.614,1
1301.3,-36.656,1
1303.4,-36.508,1
1305.5,-50.915,2
1307.6,-36.955,1
1309.7,-39.561,2
1311.1,-36.945,1
1315.3,-37.2,1
1316,-37.05,1
1317.4,-37.153,1
1318.1,-37.116,1
1320.9,-37.115,1
1323.7,-36.967,1
1324.4,-37.074,1
1325.8,-36.921,1
1326.5,-36.796,1
1327.2,-37.004,1
1332.1,-36.679,1
1332.1,-37.252,1
1335.6,-36.595,1
1344,-36.676,1
1344.7,-36.67,1
1346.1,-36.877,1
1348.2,-40.749,2
1352.4,-36.8,1
1353.8,-36.698,1
1354.5,-36.671,1
1355.9,-36.608,1
1358.7,-36.505,1
1363.6,-51.821,2
1365,-51.322,2
1365.7,-49.302,2
1371.3,-36.819,1
1372.7,-37.067,1
1374.1,-39.058,2
1376.2,-36.965,1
1378.3,-36.994,1
1385.3,-39.077,2
1386,-45.562,2
1386.7,-36.722,1
1390.2,-37.176,1
1391.6,-36.929,1
1397.2,-50.611,2
1405.6,-37.117,1
1409.8,-50.83,2
1409.8,-37.063,1
1410.5,-37.075,1
1411.2,-37.032,1
1417.5,-43.157,2
1420.3,-37.283,1
1421,-37.028,1
1423.1,-50.682,2
1426.6,-49.4,2
1429.4,-50.667,2
1430.8,-37.048,1
1431.5,-36.982,1
1432.9,-36.938,1
1434.3,-37.122,1
1437.8,-37.186,1
1439.2,-37.291,1
1439.9,-37.081,1
1440.6,-36.687,1
1442,-50.673,2
1443.4,-36.659,1
1448.3,-50.757,2
1448.3,-59.325,2
1453.9,-36.701,1
1456,-51.202,2
1459.5,-41.557,2
1463.7,-36.553,1
1464.4,-47.932,2
1465.1,-36.332,1
1468.6,-52.81,2
1470.7,-36.633,1
1472.1,-36.835,1
1474.9,-36.349,1
1479.8,-50.893,2
1484.7,-36.439,1
1487.5,-36.441,1
1488.9,-36.494,1
1490.3,-36.547,1
1494.5,-36.466,1
1495.2,-36.636,1
1496.6,-36.695,1
1498,-37.251,1
1498,-52.766,2
1498.7,-36.671,1
1500.8,-36.801,1
1501.5,-36.67,1
1507.1,-36.564,1
1508.5,-57.722,2
1512.7,-36.828,1
1514.1,-36.917,1
1515.5,-36.656,1
1521.8,-36.651,1
1523.9,-36.828,1
1528.8,-36.685,1
1535.8,-36.39,1
1535.8,-38.195,1
1538.6,-40.421,2
1546.3,-50.95,2
1549.1,-36.3,1
1553.3,-36.566,1
1554,-36.386,1
1559.6,-36.696,1
1562.4,-36.32,1
1563.8,-36.338,1
1566.6,-50.817,2
1568,-50.984,2
1573.6,-36.508,1
1576.4,-51.061,2
1576.4,-52.271,2
1577.8,-36.679,1
1579.9,-36.502,1
1582.7,-36.971,1
1585.5,-51.083,2
1586.9,-40.41,2
1587.6,-40.482,2
1588.3,-37.776,1
1589,-36.68,1
1589.7,-36.654,1
1594.6,-36.615,1
1595.3,-36.685,1
1597.4,-36.653,1
1598.1,-36.59,1
1601.6,-36.473,1
1603,-36.881,1
1605.1,-36.699,1
1605.8,-45.149,2
1605.8,-46.717,2
1607.2,-36.394,1
1609.3,-36.708,1
1612.1,-36.438,1
1614.9,-36.509,1
1615.6,-49.507,2
1616.3,-45.424,2
1617.7,-51.748,2
1623.3,-43.089,2
1624.7,-51.477,2
1625.4,-50.973,2
1630.3,-50.79,2
1630.3,-37.126,1
1631.7,-36.888,1
1633.1,-37.018,1
1635.9,-37.116,1
1638,-36.981,1
1640.1,-51.227,2
1640.1,-37.074,1
1645,-36.925,1
1645.7,-36.882,1
1647.8,-37.02,1
1650.6,-36.785,1
1652,-36.986,1
1652.7,-36.936,1
1653.4,-36.952,1
1656.9,-50.772,2
1660.4,-36.996,1
1661.8,-36.936,1
1663.9,-36.969,1
1666.7,-54.296,2
1668.1,-36.967,1
1670.2,-37.056,1
1670.9,-50.972,2
1673.7,-37.13,1
1675.8,-37.294,1
1677.2,-37.061,1
1677.2,-39.721,2
1677.9,-37.236,1
1678.6,-37.303,1
1679.3,-37.039,1
1683.5,-37.102,1
1684.9,-50.431,2
1689.1,-50.587,2
1690.5,-37.147,1
1691.2,-37.197,1
1694,-37.301,1
1694.7,-37.276,1
1696.1,-37.478,1
1701,-45.035,2
1701,-36.822,1
1701.7,-37.133,1
1703.8,-36.912,1
1706.6,-36.894,1
1707.3,-36.902,1
1710.1,-45.164,2
1710.8,-37.379,1
1712.2,-38.03,1
1715,-36.902,1
1715.7,-37.521,1
1716.4,-36.714,1
1717.8,-37.064,1
1719.2,-36.962,1
1719.9,-55.624,2
1720.6,-37.028,1
1721.3,-37.423,1
1722.7,-37.209,1
1724.1,-36.867,1
1725.5,-37.061,1
1728.3,-36.69,1
1729,-50.695,2
1729,-37.024,1
1730.4,-36.668,1
1733.2,-50.92,2
1735.3,-36.739,1
1736,-36.594,1
1736,-51.225,2
1736.7,-36.689,1
1738.8,-36.912,1
1739.5,-37.321,1
1741.6,-36.816,1
1743.7,-36.95,1
1745.1,-51.069,2
1745.1,-36.534,1
1748.6,-36.74,1
1750.7,-36.849,1
1751.4,-37.074,1
1752.1,-36.361,1
1752.8,-37.936,1
1759.1,-62.292,2
1763.3,-36.273,1
1764.7,-36.52,1
1771,-36.384,1
1773.1,-36.523,1
1775.2,-36.711,1
1777.3,-36.388,1
1784.3,-36.636,1
1786.4,-36.731,1
1787.1,-36.603,1
1790.6,-36.556,1
1791.3,-54.064,2
1793.4,-50.817,2
1793.4,-37.154,1
1796.9,-36.565,1
1797.6,-36.763,1
1803.2,-53.776,2
1804.6,-36.791,1
1808.1,-50.764,2
1810.2,-51.894,2
1814.4,-36.659,1
1816.5,-34.597,1
1817.2,-36.455,1
1817.9,-51.459,2
1818.6,-36.787,1
1820,-36.492,1
1821.4,-36.75,1
1829.8,-36.863,1
1830.5,-36.932,1
1831.2,-51.641,2
1831.9,-50.738,2
1832.6,-37.181,1
1833.3,-54.469,2
1834,-50.803,2
1839.6,-36.94,1
1840.3,-50.933,2
1841,-50.941,2
1841.7,-37.019,1
1844.5,-37.113,1
1845.2,-37.21,1
1846.6,-51.261,2
1847.3,-37.06,1
1848.7,-41.007,2
1850.1,-46.355,2
1850.8,-36.84,1
1852.9,-50.878,2
1853.6,-37.074,1
1854.3,-44.628,2
1855,-36.876,1
1857.1,-55.24,2
1859.2,-51.328,2
1859.2,-50.76,2
1865.5,-36.793,1
1869,-36.654,1
1869.7,-36.787,1
1870.4,-48.345,2
1871.1,-36.856,1
1872.5,-45.637,2
1873.2,-36.693,1
1873.2,-51.43,2
1873.9,-36.82,1
1876.7,-37.017,1
1878.1,-51.513,2
1880.2,-36.941,1
1881.6,-36.786,1
1883,-36.912,1
1886.5,-36.943,1
1887.2,-50.932,2
1887.2,-36.954,1
1887.9,-50.937,2
1888.6,-37.021,1
1889.3,-50.616,2
1895.6,-36.501,1
1896.3,-50.822,2
1899.8,-53.311,2
1900.5,-37.298,1
1903.3,-36.859,1
1905.4,-36.859,1
1907.5,-51.049,2
1908.9,-36.917,1
1909.6,-36.965,1
1910.3,-51.269,2
1911,-37.176,1
1913.1,-36.765,1
1914.5,-36.945,1
1915.9,-36.736,1
1918,-36.966,1
1918.7,-37.098,1
1920.8,-36.833,1
1922.9,-46.754,2
1923.6,-36.975,1
1925,-50.93,2
1926.4,-37.144,1
1928.5,-37.116,1
1934.1,-36.839,1
1934.8,-36.918,1
1935.5,-51.22,2
1936.9,-36.693,1
1939,-64.97,2
1939.7,-37.182,1
1941.8,-37.003,1
1943.9,-36.666,1
1947.4,-36.904,1
1948.1,-50.76,2
1948.1,-36.716,1
1948.8,-36.99,1
1953,-37.017,1
1954.4,-36.797,1
1959.3,-36.564,1
1962.1,-36.879,1
1962.8,-36.673,1
1963.5,-36.828,1
1964.2,-51.097,2
1966.3,-36.838,1
1973.3,-36.949,1
1974,-50.65,2
1976.1,-36.692,1
1976.8,-51.209,2
1977.5,-45.089,2
1978.2,-36.691,1
1979.6,-36.702,1
1983.8,-36.732,1
1985.9,-36.802,1
1989.4,-39.725,2
1989.4,-36.64,1
1992.9,-54.678,2
1994.3,-50.637,2
1997.1,-36.538,1
1997.8,-36.59,1
1999.2,-55.368,2
2001.3,-36.382,1
2003.4,-51.983,2
2004.8,-50.995,2
2006.9,-50.605,2
2009.7,-36.538,1
2010.4,-41.224,2
2011.1,-51.154,2
2011.8,-37.911,1
2013.2,-36.394,1
2014.6,-36.729,1
2022.3,-51.222,2
2026.5,-36.958,1
2027.9,-36.786,1
2029.3,-36.915,1
2032.8,-36.635,1
2035.6,-36.69,1
2037,-36.533,1
2037.7,-36.562,1
2039.8,-36.759,1
2040.5,-36.97,1
2041.9,-36.729,1
2045.4,-51.653,2
2046.8,-36.621,1
2052.4,-36.737,1
2053.8,-36.961,1
2063.6,-36.819,1
2065,-36.727,1
2065.7,-36.829,1
2069.9,-36.748,1
2073.4,-36.726,1
2075.5,-37.115,1
2076.2,-36.886,1
2076.9,-36.855,1
2078.3,-36.934,1
2079,-50.893,2
2079,-49.029,2
2081.8,-50.737,2
2084.6,-36.636,1
2090.9,-36.377,1
2100.7,-39.529,2
2123.1,-37.411,1
2128.7,-37.099,1
2131.5,-40.286,2
2138.5,-36.627,1
2142,-36.903,1
2144.8,-36.984,1
2145.5,-51.676,2
2146.2,-47.334,2
2146.9,-42.585,2
2146.9,-36.587,1
2148.3,-36.7,1
2149,-36.521,1
2149.7,-36.673,1
2152.5,-36.683,1
2156,-36.686,1
2165.8,-48.712,2
2165.8,-36.75,1
2171.4,-36.99,1
2177,-37.003,1
2177,-40.722,2
2179.1,-37.126,1
2182.6,-52.602,2
2186.1,-36.694,1
2239.3,-37.087,1
2240,-36.871,1
2254,-37.27,1
2715.3,-36.925,1
2716,-36.81,1
2716,-49.956,2
2741.2,-49.017,2
2744,-36.978,1
2744.7,-36.914,1
2748.2,-49.053,2
2749.6,-45.736,2
2751,-37.097,1
2751.7,-37.223,1
2754.5,-48.745,2
2755.9,-37.03,1
2757.3,-37.074,1
2758,-36.752,1
2758.7,-37.178,1
2763.6,-36.911,1
2766.4,-36.847,1
2771.3,-36.343,1
2771.3,-40.017,2
2772.7,-36.886,1
2774.1,-49.441,2
2774.8,-36.757,1
2776.9,-36.82,1
2784.6,-36.733,1
2786,-40.967,2
2786.7,-36.586,1
2786.7,-50.302,2
2790.2,-36.993,1
2790.9,-37.148,1
2791.6,-36.865,1
2792.3,-37.012,1
2793,-36.896,1
2793.7,-36.743,1
2797.9,-36.809,1
2807,-36.756,1
2808.4,-36.691,1
2809.8,-36.64,1
2811.2,-49.289,2
2811.2,-36.76,1
2815.4,-36.439,1
2816.8,-36.93,1
2816.8,-53.827,2
2817.5,-36.679,1
2818.2,-36.574,1
2821.7,-36.558,1
2822.4,-36.44,1
2823.1,-36.504,1
2823.8,-36.899,1
2825.2,-48.487,2
2828.7,-37.037,1
2829.4,-36.687,1
2830.1,-36.631,1
2834.3,-46.609,2
2838.5,-36.414,1
2846.2,-36.432,1
2846.9,-36.652,1
2847.6,-36.532,1
2848.3,-36.621,1
2856.7,-49.753,2
2856.7,-36.729,1
2858.8,-36.627,1
2860.9,-36.573,1
2860.9,-50.448,2
2861.6,-36.929,1
2865.1,-49.747,2
2866.5,-49.712,2
2867.2,-36.785,1
2867.9,-36.893,1
2870,-36.868,1
2872.1,-36.801,1
2872.8,-36.917,1
2873.5,-36.923,1
2874.2,-36.604,1
2874.2,-37.292,1
2876.3,-36.882,1
2877,-36.858,1
2879.8,-36.963,1
2882.6,-52.132,2
2883.3,-49.517,2
2883.3,-50.074,2
2883.3,-36.906,1
2886.1,-50.038,2
2886.1,-36.776,1
2890.3,-49.471,2
2891,-49.596,2
2893.8,-37.018,1
2898,-37.054,1
2899.4,-37.125,1
2900.1,-36.99,1
2900.8,-36.89,1
2902.2,-39.164,2
2904.3,-36.869,1
2905,-36.992,1
2905.7,-50.186,2
2906.4,-37.102,1
2907.8,-36.962,1
2908.5,-37.11,1
2909.9,-36.915,1
2910.6,-37.032,1
2912,-49.283,2
2912,-36.975,1
2916.2,-49.616,2
2919,-36.984,1
2922.5,-49.077,2
2922.5,-36.945,1
2924.6,-49.493,2
2926.7,-37.165,1
2933,-36.531,1
2933.7,-36.671,1
2937.2,-37.381,1
2937.9,-36.564,1
2939.3,-36.73,1
2941.4,-36.497,1
2946.3,-48.963,2
2946.3,-41.763,2
2947.7,-36.51,1
2950.5,-59.708,2
2957.5,-48.841,2
2957.5,-37.431,1
2958.2,-49.404,2
2958.9,-36.566,1
2960.3,-36.853,1
2961.7,-48.916,2
2964.5,-36.704,1
2968.7,-36.811,1
2969.4,-48.983,2
2970.1,-39.123,2
2970.8,-48.874,2
2972.2,-36.862,1
2974.3,-36.565,1
2979.2,-36.758,1
2983.4,-48.756,2
2984.1,-48.85,2
2984.1,-39.45,2
2987.6,-37.482,1
2988.3,-48.527,2
2991.1,-37.706,1
2992.5,-36.919,1
2993.2,-48.71,2
2993.2,-37.206,1
2993.9,-48.953,2
2995.3,-36.76,1
2998.8,-37.109,1
2998.8,-48.941,2
3000.9,-48.629,2
3001.6,-37.134,1
3003,-37.898,1
3003,-36.973,1
3005.8,-37.275,1
3007.2,-37.013,1
3007.9,-37.123,1
3008.6,-37.024,1
3010,-37.186,1
3012.8,-48.871,2
3014.2,-36.907,1
3017.7,-48.76,2
3018.4,-37.134,1
3019.8,-36.891,1
3019.8,-58.544,2
3021.2,-37.115,1
3021.9,-37.085,1
3023.3,-48.34,2
3023.3,-37.063,1
3024,-48.488,2
3025.4,-36.805,1
3026.8,-36.871,1
3027.5,-48.763,2
3029.6,-36.825,1
3031,-36.86,1
3031.7,-36.877,1
3034.5,-36.689,1
3040.8,-36.599,1
3043.6,-36.598,1
3046.4,-36.672,1
3052.7,-36.716,1
3054.1,-36.892,1
3056.2,-37.025,1
3056.9,-48.315,2
3057.6,-37.113,1
3060.4,-36.858,1
3061.8,-36.874,1
3062.5,-36.891,1
3063.9,-36.75,1
3065.3,-48.283,2
3067.4,-36.635,1
3068.1,-48.204,2
3068.1,-36.734,1
3068.8,-55.801,2
3070.2,-38.611,2
3070.2,-37.046,1
3070.2,-48.227,2
3071.6,-37.08,1
3075.8,-36.791,1
3075.8,-88.238,2
3076.5,-36.792,1
3082.1,-36.833,1
3083.5,-36.761,1
3087.7,-36.883,1
3090.5,-36.733,1
3094.7,-40.006,2
3094.7,-36.587,1
3098.9,-47.75,2
3100.3,-47.85,2
3100.3,-36.509,1
3101,-36.467,1
3103.8,-36.279,1
3106.6,-36.042,1
3108,-37.079,1
3108.7,-36.077,1
3109.4,-48.328,2
3110.8,-35.974,1
3113.6,-36.184,1
3114.3,-47.773,2
3114.3,-36.033,1
3119.2,-43.778,2
3123.4,-47.57,2
3124.1,-36.227,1
3127.6,-48.391,2
3128.3,-36.213,1
3129,-36.333,1
3130.4,-36.147,1
3132.5,-36.363,1
3137.4,-36.449,1
3138.1,-36.535,1
3138.1,-48.288,2
3141.6,-36.331,1
3142.3,-42.24,2
3143,-36.353,1
3147.9,-36.454,1
3150,-47.348,2
3153.5,-36.488,1
3155.6,-36.241,1
3156.3,-47.169,2
3158.4,-47.311,2
3159.1,-47.056,2
3159.8,-36.447,1
3164,-47.08,2
3165.4,-47.594,2
3165.4,-36.826,1
3166.1,-36.546,1
3168.9,-47.412,2
3169.6,-36.718,1
3172.4,-36.52,1
3173.1,-36.802,1
3175.2,-47.598,2
3175.9,-47.283,2
3178,-36.876,1
3180.1,-36.669,1
3180.1,-46.709,2
3180.8,-36.527,1
3185.7,-36.621,1
3187.1,-36.896,1
3192,-48.868,2
3197.6,-36.822,1
3199,-49.378,2
3199.7,-36.636,1
3201.8,-46.958,2
3202.5,-36.651,1
3203.9,-36.616,1
3203.9,-46.768,2
3204.6,-36.611,1
3207.4,-36.589,1
3208.1,-46.351,2
3211.6,-36.714,1
3212.3,-36.581,1
3215.1,-46.536,2
3215.8,-37.118,1
3215.8,-58.808,2
3217.2,-36.829,1
3217.9,-15.953,1
3219.3,-36.972,1
3222.1,-37.025,1
3224.9,-37.106,1
3226.3,-49.948,2
3227,-36.925,1
3229.8,-46.419,2
3231.2,-36.927,1
3232.6,-37.085,1
3233.3,-36.842,1
3233.3,-42.467,2
3234.7,-36.932,1
3236.8,-36.573,1
3237.5,-38.174,1
3237.5,-46.834,2
3238.9,-46.382,2
3240.3,-36.909,1
3243.8,-36.484,1
3244.5,-37.016,1
3245.2,-50.698,2
3245.2,-36.708,1
3245.9,-36.754,1
3246.6,-36.625,1
3248,-46.758,2
3248.7,-46.077,2
3250.1,-46.581,2
3252.2,-36.603,1
3252.9,-45.892,2
3253.6,-46.291,2
3253.6,-36.411,1
3255,-36.42,1
3257.8,-36.571,1
3258.5,-36.561,1
3260.6,-36.844,1
3263.4,-36.51,1
3266.9,-36.603,1
3270.4,-12.221,1
3271.8,-46.425,2
3272.5,-46.14,2
3272.5,-36.683,1
3273.2,-36.844,1
3273.9,-36.442,1
3274.6,-36.984,1
3277.4,-21.472,1
3277.4,-47.453,2
3279.5,-37.067,1
3282.3,-46.049,2
3283.7,-36.508,1
3285.8,-36.666,1
3288.6,-43.983,2
3289.3,-36.636,1
3290.7,-36.652,1
3292.1,-36.796,1
3294.2,-36.793,1
3294.2,-62.976,2
3294.9,-46.35,2
3295.6,-46.048,2
3295.6,-36.798,1
3296.3,-36.879,1
3299.1,-36.904,1
3300.5,-36.831,1
3306.1,-36.568,1
3308.2,-36.853,1
3311,-36.534,1
3311.7,-36.736,1
3313.1,-36.758,1
3314.5,-37.017,1
3315.2,-36.925,1
3319.4,-36.749,1
3322.2,-46.423,2
3322.9,-36.641,1
3325,-36.668,1
3325.7,-46.139,2
3327.1,-40.227,2
3327.8,-41.373,2
3329.9,-36.906,1
3330.6,-36.97,1
3331.3,-36.735,1
3332,-36.976,1
3333.4,-45.855,2
3333.4,-36.715,1
3334.1,-36.678,1
3335.5,-36.696,1
3336.9,-45.908,2
3336.9,-36.552,1
3341.8,-44.79,2
3342.5,-36.615,1
3343.2,-36.875,1
3344.6,-38.806,2
3346.7,-45.205,2
3348.1,-36.78,1
3351.6,-36.784,1
3355.1,-36.801,1
3355.1,-35.686,1
3356.5,-38.283,2
3357.2,-36.796,1
3358.6,-36.728,1
3360.7,-36.639,1
3362.1,-51.596,2
3362.1,-37.206,1
3362.8,-45.553,2
3363.5,-37.01,1
3365.6,-37.077,1
3365.6,-39.618,2
3366.3,-45.181,2
3367.7,-37.797,2
3369.8,-46.028,2
3369.8,-36.727,1
3372.6,-37.066,1
3378.2,-36.672,1
3382.4,-42.183,2
3383.1,-36.94,1
3383.8,-36.832,1
3384.5,-48.991,2
3388.7,-36.615,1
3390.8,-36.9,1
3392.2,-36.565,1
3393.6,-36.729,1
3394.3,-39.171,2
3395.7,-36.7,1
3401.3,-36.682,1
3402,-36.532,1
3404.1,-36.624,1
3404.8,-36.468,1
3406.2,-36.363,1
3411.1,-36.429,1
3413.2,-36.338,1
3413.9,-36.164,1
3416.7,-36.191,1
3420.9,-36.121,1
3421.6,-35.975,1
3424.4,-36.147,1
3425.8,-36.284,1
3427.2,-36.008,1
3430,-36.461,1
3437.7,-36.608,1
3437.7,-53.968,2
3439.1,-36.549,1
3439.8,-36.519,1
3440.5,-36.56,1
3441.2,-45.512,2
3441.9,-36.582,1
3446.1,-36.746,1
3448.2,-37.063,1
3451,-36.777,1
3451.7,-47.418,2
3451.7,-36.675,1
3453.8,-36.698,1
3454.5,-36.659,1
3455.9,-36.82,1
3457.3,-44.418,2
3457.3,-36.723,1
3466.4,-36.76,1
3467.1,-36.949,1
3468.5,-45.585,2
3468.5,-36.755,1
3476.2,-45.274,2
3479,-36.961,1
3479.7,-36.605,1
3480.4,-36.654,1
3481.1,-36.783,1
3483.9,-36.613,1
3487.4,-36.841,1
3488.1,-36.828,1
3488.8,-36.704,1
3490.2,-45.576,2
3490.9,-44.192,2
3494.4,-36.865,1
3495.1,-42.018,2
3495.1,-36.994,1
3495.8,-36.8,1
3497.2,-37.166,1
3497.9,-37.293,1
3500,-36.781,1
3500.7,-36.735,1
3501.4,-39.761,2
3504.2,-36.989,1
3505.6,-36.886,1
3506.3,-36.743,1
3507,-38.627,2
3508.4,-36.794,1
3511.2,-44.352,2
3511.9,-36.959,1
3512.6,-50.351,2
3513.3,-44.868,2
3514.7,-36.926,1
3515.4,-36.718,1
3517.5,-44.932,2
3518.9,-36.713,1
3519.6,-52.305,2
3520.3,-36.817,1
3526.6,-36.83,1
3528.7,-39.444,2
3528.7,-36.963,1
3529.4,-36.737,1
3530.1,-36.892,1
3530.1,-43.921,2
3531.5,-36.853,1
3535.7,-36.921,1
3536.4,-43.667,2
3537.8,-44.08,2
3538.5,-43.592,2
3539.2,-36.928,1
3539.9,-37.054,1
3540.6,-44.114,2
3540.6,-37.086,1
3547.6,-44.585,2
3548.3,-37.101,1
3549,-36.747,1
3550.4,-44.675,2
3550.4,-36.745,1
3551.1,-50.965,2
3552.5,-41.391,2
3555.3,-44.598,2
3556,-36.676,1
3561.6,-36.977,1
3564.4,-42.623,2
3565.1,-36.849,1
3568.6,-42.912,2
3571.4,-36.657,1
3572.8,-43.683,2
3572.8,-36.947,1
3574.9,-48.411,2
3575.6,-36.633,1
3575.6,-42.743,2
3577.7,-36.884,1
3577.7,-42.6,2
3579.8,-43.035,2
3581.2,-45.162,2
3581.9,-43.004,2
3582.6,-43.416,2
3585.4,-36.821,1
3586.1,-43.301,2
3586.8,-45.843,2
3587.5,-43.586,2
3588.2,-36.839,1
3593.8,-42.982,2
3594.5,-36.85,1
3595.9,-36.845,1
3598.7,-41.976,2
3600.1,-36.647,1
3602.2,-36.722,1
3602.2,-37.356,1
3603.6,-36.816,1
3604.3,-42.622,2
3604.3,-40.88,2
3605.7,-36.739,1
3607.8,-36.743,1
3614.1,-36.821,1
3616.2,-36.701,1
3619,-36.619,1
3619.7,-36.776,1
3620.4,-36.795,1
3621.1,-36.686,1
3621.8,-36.762,1
3623.2,-36.838,1
3626,-36.792,1
3628.1,-36.452,1
3628.1,-37.076,1
3628.8,-37.938,2
3629.5,-36.513,1
3634.4,-41.5,2
3637.2,-37.611,1
3637.9,-36.57,1
3641.4,-40.112,2
3641.4,-37.287,1
3643.5,-36.502,1
3644.2,-42.375,2
3644.2,-36.76,1
3645.6,-41.717,2
3649.1,-36.531,1
3649.1,-43.494,2
3650.5,-36.69,1
3651.2,-41.599,2
3654.7,-40.468,2
3656.8,-41.205,2
3656.8,-38.74,2
3656.8,-53.076,2
3658.2,-36.39,1
3658.2,-40.281,2
3658.2,-36.897,1
3658.9,-42.945,2
3659.6,-36.692,1
3661,-41.291,2
3662.4,-36.805,1
3663.8,-36.757,1
3665.2,-36.124,1
3666.6,-36.332,1
3668,-36.555,1
3668.7,-36.245,1
3669.4,-36.084,1
3671.5,-40.223,2
3671.5,-36.212,1
3676.4,-40.453,2
3677.1,-39.88,2
3678.5,-36.466,1
3678.5,-41.036,2
3680.6,-40.201,2
3680.6,-36.56,1
3681.3,-36.327,1
3682,-36.649,1
3684.8,-36.595,1
3686.2,-39.828,2
3686.2,-36.531,1
3689,-39.999,2
3689,-36.638,1
3689.7,-37.263,1
3691.8,-36.983,1
3693.2,-36.519,1
3694.6,-36.854,1
3696,-40.29,2
3698.8,-36.695,1
3699.5,-40.006,2
3700.2,-36.954,1
3703,-36.715,1
3707.2,-42.37,2
3708.6,-36.732,1
3710,-42.605,2
3710.7,-36.642,1
3711.4,-36.628,1
3712.1,-40.186,2
3712.1,-36.525,1
3713.5,-39.289,2
3713.5,-36.81,1
3715.6,-36.89,1
3716.3,-36.686,1
3722.6,-36.858,1
3724,-36.835,1
3724.7,-36.881,1
3726.1,-36.691,1
3727.5,-37.791,2
3727.5,-36.908,1
3728.2,-36.729,1
3728.9,-36.692,1
3728.9,-38.44,2
3729.6,-36.782,1
3731,-36.755,1
3732.4,-39.511,2
3732.4,-36.793,1
3733.8,-36.77,1
3734.5,-36.858,1
3734.5,-38.453,2
3735.9,-36.862,1
3736.6,-39.881,2
3736.6,-40.748,2
3737.3,-38.723,2
3738,-36.649,1
3739.4,-38.322,2
3740.8,-36.614,1
3740.8,-37.308,1
3742.2,-36.632,1
3743.6,-38.225,2
3743.6,-36.632,1
3744.3,-36.775,1
3745,-41.355,2
3745.7,-39.322,2
3746.4,-36.625,1
3747.1,-36.63,1
3747.8,-36.579,1
3749.2,-36.624,1
3749.2,-38.194,2
3749.9,-37.252,1
3749.9,-36.653,1
3751.3,-36.509,1
3752,-36.84,1
3752,-37.78,2
3752.7,-36.587,1
3754.1,-36.542,1
3754.8,-36.686,1
3755.5,-36.428,1
3756.2,-36.822,1
3757.6,-39.203,2
3759.7,-36.715,1
3761.1,-36.727,1
3761.8,-36.84,1
3762.5,-38.296,2
3762.5,-36.153,1
3763.2,-37.855,2
3763.9,-37.666,2
3763.9,-36.763,1
3764.6,-37.279,1
3766,-36.656,1
3767.4,-36.656,1
3768.1,-36.701,1
3768.8,-37.11,1
3770.2,-37.153,1
3772.3,-36.803,1
3773,-36.782,1
3774.4,-36.675,1
3775.1,-36.724,1
3775.8,-36.762,1
3776.5,-36.723,1
3776.5,-37.424,1
3777.9,-36.644,1
3779.3,-36.849,1
3780,-36.48,1
3780.7,-36.522,1
3782.1,-37.786,2
3783.5,-36.694,1
3784.2,-36.98,1
3784.2,-35.762,1
3784.9,-36.549,1
3785.6,-36.436,1
3786.3,-36.421,1
3787.7,-36.89,1
3788.4,-36.553,1
3788.4,-35.912,1
3788.4,-55.168,2
3789.1,-36.605,1
3789.8,-36.68,1
3791.9,-36.122,1
3791.9,-37.858,2
3794.7,-36.624,1
3796.1,-35.644,1
3796.1,-37.54,1
3798.2,-36.627,1
3800.3,-36.295,1
3802.4,-34.23,1
3803.8,-33.996,1
3805.2,-34.535,1
3805.2,-36.314,1
3805.9,-27.747,1
3807.3,-34.731,1
3808,-32.859,1
3810.1,-27.065,1
3812.2,-27.623,1
3812.9,-27.075,1
3814.3,-27.843,1
3814.3,-33.815,1
3814.3,-32.047,1
3814.3,-35.822,1
3817.1,-28.356,1
3817.8,-29.327,1
3819.2,-28.366,1
3821.3,-27.789,1
3823.4,-27.613,1
3826.2,-27.327,1
3829.7,-27.401,1
3829.7,-52.742,2
3830.4,-26.478,1
3830.4,-27.511,1
3833.2,-27.053,1
3833.2,-27.656,1
3834.6,-26.754,1
3836,-26.999,1
3837.4,-27.393,1
3838.8,-26.932,1
3840.9,-27.648,1
3841.6,-26.891,1
3843,-26.651,1
3847.9,-26.635,1
3849.3,-26.27,1
3850,-27.038,1
3852.1,-26.834,1
3855.6,-26.486,1
3858.4,-26.605,1
3859.1,-26.337,1
3861.2,-26.298,1
3861.9,-26.642,1
3862.6,-26.13,1
3863.3,-26.586,1
3864.7,-26.123,1
3866.1,-26.142,1
3868.9,-26.546,1
3873.1,-27.103,1
3873.8,-26.39,1
3875.2,-24.106,1
3875.9,-26.705,1
3877.3,-24.451,1
3877.3,-25.938,1
3878,-26.205,1
3878.7,-25.453,1
3880.1,-25.828,1
3882.2,-26.736,1
3882.2,-26.106,1
3884.3,-25.863,1
3885,-27.404,1
3885.7,-27.415,1
3886.4,-26.742,1
3886.4,-27.831,1
3889.2,-25.743,1
3889.9,-27.385,1
3891.3,-28.076,1
3892,-25.79,1
3894.1,-26.545,1
3895.5,-25.814,1
3895.5,-26.466,1
3896.2,-26.99,1
3899,-25.965,1
3900.4,-26.044,1
3900.4,-27.345,1
3904.6,-25.278,1
3905.3,-25.404,1
3906,-25.628,1
3906.7,-25.635,1
3910.9,-25.389,1
3912.3,-24.88,1
3915.1,-24.826,1
3917.2,-24.816,1
3917.9,-24.561,1
3918.6,-24.824,1
3920,-24.93,1
3920.7,-24.892,1
3922.1,-24.67,1
3922.8,-24.507,1
3923.5,-24.472,1
3923.5,-23.925,1
3926.3,-24.716,1
3927.7,-24.815,1
3929.1,-24.8,1
3930.5,-24.809,1
3930.5,-25.378,1
3933.3,-23.851,1
3934,-23.775,1
3934.7,-23.524,1
3936.1,-24.751,1
3938.2,-24.249,1
3940.3,-23.779,1
3941.7,-23.878,1
3943.1,-24.349,1
3943.8,-23.93,1
3943.8,-23.204,1
3943.8,-51.841,2
3944.5,-23.796,1
3946.6,-43.826,2
3947.3,-24.158,1
3948.7,-22.524,1
3949.4,-24.007,1
3950.8,-23.852,1
3951.5,-23.807,1
3952.2,-23.079,1
3955,-23.406,1
3956.4,-23.336,1
3960.6,-22.408,1
3962.7,-22.532,1
3963.4,-21.968,1
3966.2,-21.886,1
3966.2,-22.971,1
3966.9,-22.833,1
3966.9,-21.67,1
3969,-21.636,1
3969,-22.356,1
3970.4,-25.522,1
3974.6,-22.134,1
3975.3,-21.986,1
3977.4,-21.634,1
3977.4,-22.198,1
3980.2,-22.017,1
3980.9,-21.195,1
3981.6,-21.861,1
3983,-19.9,1
3983.7,-22.586,1
3983.7,-20.81,1
3985.8,-20.641,1
3987.9,-20.603,1
3989.3,-19.813,1
3990,-21.297,1
3991.4,-19.496,1
3993.5,-19.816,1
3994.9,-19.828,1
3995.6,-19.624,1
3996.3,-19.179,1
3998.4,-18.264,1
3999.1,-19.896,1
4001.2,-18.966,1
4001.9,-19.504,1
4002.6,-20.693,1
4003.3,-18.195,1
4006.1,-19.221,1
4013.8,-17.697,1
4017.3,-17.612,1
4019.4,-17.66,1
4020.1,-17.145,1
4021.5,-18.704,1
4021.5,-16.182,1
4023.6,-16.256,1
4025,-16.195,1
4026.4,-16.45,1
4029.9,-16.152,1
4032.7,-16.341,1
4033.4,-15.109,1
4034.1,-16.73,1
4034.8,-16.717,1
4034.8,-9.6226,1
4035.5,-13.639,1
4035.5,-12.713,1
4039,-14.321,1
4041.8,-14.491,1
4042.5,-14.099,1
4045.3,-11.913,1
4050.2,-12.56,1
4052.3,-12.188,1
4053.7,-11.314,1
4055.1,-11.465,1
4055.8,-10.328,1
4056.5,-10.953,1
4057.9,-11.374,1
4060,-13.007,1
4061.4,-9.8301,1
4062.8,-10.692,1
4062.8,-8.6517,1
4063.5,-9.0308,1
4067,-8.4011,1
4068.4,-8.7938,1
4069.1,-9.1186,1
4071.2,-8.7544,1
4072.6,-9.007,1
4072.6,-8.2761,1
4074,-7.3575,1
4074,-8.2169,1
4075.4,-8.3099,1
4076.8,-7.8094,1
4078.2,-6.9182,1
4082.4,-6.584,1
4083.1,-5.9757,1
4083.8,-7.5571,1
4086.6,-7.1919,1
4087.3,-7.5862,1
4088.7,-6.7582,1
4090.1,-4.9993,1
4090.8,-6.6566,1
4093.6,-1.4366,1
4094.3,-5.3766,1
4096.4,-6.0012,1
4097.1,-5.0539,1
4097.1,-5.6569,1
4097.8,-3.8445,1
4100.6,-4.2144,1
4101.3,-3.5044,1
4103.4,-2.9522,1
4110.4,-1.792,1
4113.9,-0.89167,1
4114.6,-0.058893,1
4116,3.4478,1
4119.5,-0.48371,1
4123.7,0.88351,1
4124.4,1.5081,1
4128.6,2.3855,1
4130.7,3.6142,1
4131.4,1.9969,1
4133.5,1.0115,1
4135.6,2.9693,1
4139.1,2.5203,1
4144,1.9485,1
4145.4,3.4554,1
4146.1,3.2929,1
4150.3,5.1171,1
4151,4.6461,1
4153.1,6.0663,1
4153.1,4.1502,1
4157.3,5.76,1
4158.7,7.0657,1
4160.8,6.4312,1
4163.6,6.3567,1
4164.3,5.6291,1
4165,10.531,1
4165.7,6.5407,1
4165.7,8.5098,1
4165.7,7.2561,1
4169.2,6.834,1
4169.2,8.7719,1
4172,8.2293,1
4172.7,8.7293,1
4173.4,8.7117,1
4175.5,8.2791,1
4176.9,7.5374,1
4179,8.1795,1
4182.5,6.7346,1
4183.9,8.6648,1
4184.6,8.5482,1
4185.3,9.8613,1
4189.5,9.7515,1
4190.9,9.7903,1
4191.6,10.149,1
4192.3,16.321,1
4193,13.001,1
4193,11.184,1
4193.7,12.592,1
4195.8,13.225,1
4196.5,19.123,1
4205.6,15.787,1
4206.3,16.229,1
4207.7,17.004,1
4213.3,20.495,1
4216.8,20.47,1
4217.5,19.494,1
4217.5,21.992,1
4218.2,19.58,1
4224.5,20.388,1
4232.2,20.837,1
