1.4,-19.556,1
2.1001,22.027,1
2.1001,-19.458,1
2.8001,-19.326,1
3.5001,-19.553,1
4.2001,-19.257,1
4.2001,-20.003,1
4.2001,-69.931,2
4.9001,-19.431,1
5.6001,-19.464,1
5.6001,-7.7538,1
6.3001,-19.616,1
6.3001,-43.668,2
7.0001,29.065,1
7.0001,-19.507,1
7.0001,-67.798,2
8.4001,-19.515,1
9.0999,-19.31,1
9.0999,-20.707,2
9.7999,-19.306,1
9.7999,-74.743,2
10.5,-19.263,1
11.2,-23.33,2
11.2,-19.515,1
11.9,-19.331,1
12.6,-26.326,2
13.3,-19.543,1
13.3,-47.464,2
14,-19.427,1
14,-51.004,2
14.7,-19.396,1
14.7,-48.427,2
15.4,-19.431,1
15.4,-35.854,2
16.1,-19.54,1
16.1,-29.723,2
16.8,-19.571,1
17.5,-19.96,1
18.2,6.0914,1
18.2,-19.355,1
18.2,-43.649,2
18.9,-19.466,1
19.6,-19.412,1
20.3,-19.323,1
20.3,-69.231,2
21,-19.348,1
21.7,-19.53,1
22.4,-19.578,1
22.4,-32.97,2
23.1,-19.581,1
23.1,-68.562,2
23.8,-19.39,1
24.5,-1.4277,1
24.5,-19.433,1
25.2,-19.47,1
25.2,-23.906,2
25.9,-19.717,1
25.9,-53.293,2
26.6,-19.361,1
27.3,-19.562,1
27.3,-65.365,2
28,-19.784,1
28,-64.095,2
28.7,-19.391,1
28.7,-16.141,1
29.4,-19.452,1
29.4,-61.811,2
29.4,-63.206,2
30.1,-19.456,1
30.8,3.6865,1
30.8,-19.464,1
31.5,-19.407,1
32.2,-48.606,2
32.9,-74.157,2
33.6,-19.436,1
35,30.827,1
35,-17.045,1
35,-20.015,1
35,-44.957,2
35.7,-77.291,2
36.4,2.099,1
36.4,-19.482,1
37.1,27.832,1
37.1,-19.375,1
37.1,-61.642,2
37.8,-19.572,1
37.8,-25.495,2
38.5,-2.9856,1
38.5,-19.585,1
38.5,-34.715,2
39.2,-7.49,1
39.2,-19.826,1
39.9,-19.695,1
40.6,-19.378,1
42,40.416,1
42,-19.602,1
42.7,-19.612,1
43.4,-19.581,1
43.4,-54.175,2
43.4,-68.54,2
44.1,-19.553,1
44.8,-19.755,1
45.5,-18.535,1
45.5,-41.262,2
46.2,-19.552,1
46.2,-79.385,2
47.6,-19.108,1
47.6,-62.637,2
49,-20.001,1
49,-19.209,1
49,-29.126,2
49.7,17.789,1
49.7,-19.532,1
49.7,-46.007,2
50.4,-19.454,1
51.1,-19.522,1
52.5,-19.607,1
52.5,-68.268,2
53.2,13.202,1
53.9,-19.665,1
55.3,33.644,1
55.3,-21.4,2
56,-19.294,1
56.7,-19.421,1
57.4,-51.922,2
58.1,-19.501,1
58.8,-19.637,1
59.5,-16.891,1
59.5,-19.488,1
60.2,15.023,1
60.2,-19.39,1
60.9,-19.387,1
60.9,-11.474,1
61.6,-19.5,1
62.3,-19.503,1
62.3,-59.114,2
63,-19.575,1
63,-67.221,2
63,-78.547,2
63.7,-15.37,1
63.7,-19.568,1
63.7,-27.165,2
64.4,29.054,1
64.4,-19.504,1
65.1,-19.466,1
65.1,-68.172,2
65.1,-61.908,2
65.8,-19.541,1
66.5,-19.522,1
67.2,-19.652,1
67.9,-19.51,1
68.6,-19.534,1
69.3,24.28,1
69.3,38.646,1
69.3,-19.604,1
70,-19.654,1
70.7,-19.534,1
70.7,-4.3207,1
71.4,24.906,1
71.4,-19.568,1
71.4,-77.035,2
72.1,20.967,1
72.1,-19.437,1
72.1,-21.68,2
72.8,-19.594,1
72.8,-34.182,2
73.5,-19.502,1
74.2,-15.187,1
74.2,-19.549,1
74.2,-57.833,2
74.9,13.868,1
74.9,-19.635,1
74.9,-31.263,2
74.9,-59.416,2
74.9,-69.963,2
75.6,-19.632,1
75.6,-49.739,2
76.3,-19.513,1
77,-19.493,1
77,-53.37,2
77.7,-19.664,1
79.8,-19.731,1
80.5,16.343,1
80.5,-19.732,1
81.2,-19.573,1
81.2,-12.671,1
81.9,29.965,1
81.9,-19.747,1
81.9,-28.657,2
82.6,-20.002,1
83.3,-19.668,1
84,4.1224,1
84,-19.712,1
84,-51.643,2
84,-52.635,2
84.7,29.039,1
84.7,-19.758,1
84.7,-40.96,2
85.4,-19.714,1
86.1,-19.627,1
86.1,-30.538,2
86.8,6.4717,1
86.8,-19.729,1
87.5,-19.658,1
88.2,-19.635,1
88.2,-64.682,2
88.9,24.158,1
88.9,-19.717,1
89.6,-3.9994,1
89.6,-19.764,1
89.6,-53.902,2
90.3,-19.814,1
91,-19.558,1
91,-7.762,1
91.7,-19.865,1
92.4,-20.201,1
92.4,-47.574,2
93.1,-19.767,1
93.1,-16.708,1
93.1,-73.433,2
93.8,-19.973,1
94.5,-19.753,1
95.2,-19.848,1
95.9,9.8731,1
95.9,-19.783,1
95.9,-48.802,2
95.9,-64.166,2
96.6,-19.92,1
96.6,-36.987,2
97.3,-19.759,1
97.3,-15.283,1
98,25.178,1
98,-19.708,1
98.7,-19.861,1
99.4,-19.902,1
100.1,37.904,1
100.1,-19.828,1
100.1,-41.299,2
100.1,-64.065,2
100.8,28.543,1
100.8,-19.872,1
100.8,-20.882,2
100.8,-43.607,2
101.5,27.936,1
101.5,-19.558,1
101.5,-48.569,2
101.5,-50.802,2
102.2,-19.535,1
102.9,-19.536,1
102.9,-60.885,2
103.6,-19.504,1
103.6,-42.199,2
104.3,-19.84,1
104.3,-20.376,2
105,-19.543,1
105,-41.763,2
105,-42.501,2
105.7,-19.478,1
105.7,-15.172,1
106.4,38.37,1
106.4,-22.783,2
106.4,-19.561,1
107.1,40.013,1
107.1,3.0719,1
107.1,-19.546,1
107.8,-19.679,1
108.5,34.135,1
108.5,-19.526,1
109.2,-0.64194,1
109.9,-19.476,1
110.6,-19.397,1
111.3,-2.7299,1
111.3,-19.564,1
111.3,-48.124,2
111.3,-59.295,2
112,-19.71,1
112,-65.287,2
112.7,-19.374,1
112.7,-49.191,2
113.4,-18.949,1
113.4,-19.916,1
114.1,-19.654,1
114.1,-54.209,2
114.8,-19.554,1
115.5,-19.724,1
116.2,27.5,1
116.2,-19.652,1
116.9,-19.574,1
116.9,-27.94,2
117.6,-19.53,1
117.6,-38.685,2
118.3,-19.55,1
118.3,-69.911,2
119,-19.537,1
119.7,6.4192,1
119.7,-19.384,1
119.7,-38.111,2
120.4,-19.643,1
120.4,-69.519,2
121.1,1.8564,1
121.1,-19.527,1
121.8,-19.458,1
122.5,-19.454,1
122.5,-24.969,2
122.5,-20.226,1
123.2,-19.641,1
123.2,-63.623,2
123.9,-19.484,1
124.6,-29.207,2
125.3,-19.454,1
126,-1.4496,1
126,-20.773,2
126,-19.213,1
126,-8.9711,1
126.7,-19.405,1
127.4,-19.404,1
127.4,-44.18,2
128.1,-19.337,1
128.1,-41.991,2
128.8,-19.318,1
129.5,-19.367,1
129.5,-46.701,2
130.2,-19.44,1
130.2,-47.336,2
130.9,-26.327,2
130.9,-19.656,1
131.6,4.883,1
131.6,-19.429,1
132.3,2.7809,1
132.3,1.2771,1
132.3,-10.427,1
133.7,-19.326,1
133.7,-57.507,2
133.7,-66.999,2
134.4,-19.184,1
134.4,-28.653,2
134.4,-53.334,2
135.1,-19.403,1
135.8,-19.548,1
137.9,-19.382,1
137.9,-42.818,2
138.6,-19.497,1
139.3,29.675,1
139.3,-3.4301,1
139.3,-19.394,1
139.3,-20.954,2
140,-19.224,1
140,-61.041,2
140.7,17.628,1
140.7,-19.364,1
140.7,-23.132,2
141.4,24.71,1
141.4,-19.302,1
142.1,-19.411,1
142.8,24.679,1
142.8,-19.436,1
143.5,-19.36,1
144.2,-19.329,1
144.2,-20.068,1
144.9,-19.497,1
144.9,-50.301,2
144.9,-40.128,2
145.6,-19.337,1
146.3,-3.5703,1
147,-19.409,1
147.7,-19.404,1
147.7,-43.017,2
148.4,-19.5,1
149.1,-19.43,1
149.8,-19.475,1
150.5,19.001,1
150.5,17.245,1
150.5,-19.383,1
150.5,-40.934,2
151.2,-19.427,1
151.2,-62.805,2
151.9,-19.535,1
151.9,-20.732,2
152.6,-19.325,1
152.6,-41.133,2
152.6,-78.157,2
153.3,-19.288,1
154,-19.509,1
154,-25.839,2
154,-4.691,1
154,-9.6001,1
154.7,17.552,1
154.7,-19.747,1
154.7,-7.9076,1
154.7,-16.267,1
155.4,-19.585,1
155.4,-70.705,2
156.1,-19.291,1
156.8,28.339,1
156.8,-19.328,1
156.8,-76.564,2
157.5,-20.814,2
157.5,-19.433,1
158.2,-19.386,1
158.9,-19.98,1
158.9,-19.211,1
158.9,-59.407,2
159.6,-19.499,1
159.6,-64.502,2
160.3,21.45,1
160.3,-3.3762,1
160.3,-19.39,1
160.3,-41.593,2
161,-19.428,1
161.7,-21.508,2
161.7,-47.005,2
161.7,-41.312,2
161.7,-40.569,2
162.4,-19.355,1
162.4,-47.962,2
163.1,-19.212,1
163.8,-19.452,1
163.8,-70.658,2
165.2,-19.388,1
165.9,-19.631,1
165.9,-51.269,2
165.9,-40.809,2
166.6,-1.7182,1
166.6,-19.414,1
167.3,-6.0384,1
167.3,-19.417,1
168,-19.303,1
168,-26.012,2
168,-37.519,2
168.7,-19.547,1
168.7,-5.9503,1
168.7,-57.741,2
169.4,19.151,1
169.4,-19.497,1
170.1,7.8437,1
170.1,-19.396,1
170.8,9.3623,1
170.8,-19.598,1
171.5,-19.396,1
171.5,-40.012,2
172.2,4.9526,1
172.2,-19.351,1
172.9,-19.311,1
172.9,-40.99,2
173.6,-19.325,1
173.6,-13.663,1
174.3,-19.377,1
174.3,-42.499,2
175.7,-19.597,1
176.4,-19.376,1
176.4,-45.002,2
177.1,1.616,1
177.1,-20.671,2
177.1,-19.291,1
177.8,17.782,1
177.8,-19.228,1
177.8,-35.437,2
178.5,0.36029,1
178.5,15.564,1
178.5,-23.191,2
178.5,-41.733,2
179.2,-36.96,2
179.9,-19.828,1
180.6,40.338,1
180.6,-19.505,1
181.3,-19.498,1
182,6.7437,1
182,-20.965,2
182,-19.446,1
182.7,-39.973,2
183.4,-19.54,1
184.1,16.992,1
184.1,-19.294,1
184.8,9.5865,1
184.8,-19.5,1
185.5,-19.54,1
186.2,-26.895,2
186.2,-19.612,1
186.2,-71.052,2
186.9,-19.537,1
186.9,-18.016,1
186.9,-20.577,2
187.6,-19.531,1
187.6,-62.917,2
188.3,17.657,1
188.3,-19.56,1
188.3,-38.803,2
189,-19.541,1
189,-44.957,2
190.4,-19.721,1
191.1,-19.49,1
191.8,6.138,1
191.8,-19.616,1
192.5,-47.544,2
193.2,3.0946,1
193.2,-19.616,1
193.2,-47.446,2
193.9,-19.599,1
194.6,-19.67,1
195.3,-19.609,1
196,-19.637,1
196,-45.006,2
196.7,-19.637,1
196.7,-40.325,2
197.4,-19.59,1
198.1,20.123,1
198.1,-19.768,1
198.1,-48.405,2
198.8,-19.651,1
199.5,-19.705,1
200.2,38.543,1
200.2,11.694,1
200.9,-23.077,2
200.9,-19.664,1
201.6,18.006,1
201.6,17.071,1
201.6,-19.697,1
202.3,27.656,1
202.3,-19.697,1
203,-19.532,1
203,-51.61,2
203.7,14.526,1
203.7,-19.802,1
203.7,-38.603,2
204.4,-20.262,1
204.4,-48.99,2
205.1,-19.564,1
205.8,-19.616,1
206.5,22.434,1
206.5,-19.584,1
207.2,-19.519,1
207.9,-19.561,1
208.6,-19.736,1
208.6,-31.069,2
209.3,-0.24934,1
209.3,-19.389,1
210,7.4906,1
210,-19.497,1
210.7,-19.43,1
211.4,-19.477,1
211.4,-77.143,2
212.1,-19.472,1
212.8,-19.605,1
212.8,-53.852,2
213.5,-19.572,1
214.2,31.746,1
214.2,-19.611,1
214.2,-47.153,2
214.9,-19.597,1
214.9,-50.223,2
215.6,-19.439,1
215.6,-20.49,2
215.6,-25.331,2
216.3,-19.635,1
217,22.317,1
217,-19.637,1
217,-49.566,2
217.7,-19.673,1
218.4,12.588,1
218.4,-19.532,1
219.1,-26.945,2
219.1,-19.585,1
219.1,-33.971,2
219.8,13.366,1
219.8,-19.885,1
219.8,-14.342,1
220.5,-19.677,1
221.2,7.7429,1
221.2,-19.528,1
221.9,-25.235,2
221.9,-19.632,1
222.6,-19.513,1
223.3,-65.207,2
224,-19.598,1
224.7,-19.82,1
225.4,-20.97,2
225.4,-19.319,1
225.4,-12.239,1
226.1,-19.656,1
226.8,-19.29,1
227.5,-19.517,1
228.2,30.769,1
228.2,-19.456,1
228.9,-19.816,1
228.9,-19.268,1
229.6,-19.544,1
230.3,-19.557,1
230.3,-62.971,2
231,-19.306,1
231,-57.45,2
231.7,-19.289,1
232.4,3.8718,1
232.4,5.2674,1
232.4,-19.435,1
232.4,-69.015,2
233.1,-19.342,1
233.8,-19.402,1
234.5,-7.0341,1
234.5,-50.846,2
235.2,-19.576,1
235.9,-19.536,1
235.9,-37.25,2
236.6,-19.547,1
237.3,-19.364,1
237.3,-44.344,2
237.3,-60.051,2
238,-19.465,1
238.7,7.9545,1
238.7,-5.4607,1
238.7,-78.864,2
239.4,28.066,1
239.4,-19.686,1
240.1,-19.249,1
240.1,-8.8652,1
240.1,-36.341,2
240.8,13.304,1
240.8,-19.382,1
240.8,-50.671,2
241.5,10.498,1
241.5,-19.537,1
241.5,-28.455,2
242.2,-19.265,1
242.9,-19.515,1
242.9,-21.495,2
243.6,-19.503,1
244.3,-19.377,1
244.3,-25.997,2
245,-3.2361,1
245,-19.282,1
245,-74.326,2
245,-71.833,2
245.7,-19.238,1
245.7,-54.873,2
246.4,-30.383,2
247.1,7.8835,1
247.1,-19.385,1
247.1,-41.814,2
247.1,-30.348,2
247.1,-43.348,2
247.8,-19.385,1
248.5,-19.363,1
248.5,-22.004,2
249.2,-19.468,1
249.2,-20.258,2
249.9,-19.364,1
250.6,-19.522,1
251.3,-19.301,1
252,-19.451,1
252,-37.02,2
252,-77.794,2
252.7,-19.241,1
253.4,-19.482,1
253.4,-33.951,2
254.1,-19.394,1
254.8,-19.444,1
255.5,37.907,1
255.5,-19.519,1
256.2,-19.325,1
256.2,-26.075,2
256.2,-36.52,2
256.9,-19.41,1
257.6,-20.104,1
257.6,-56.268,2
258.3,14.533,1
258.3,-19.389,1
259,-13.593,1
259,-19.486,1
259,-65.457,2
259.7,-19.452,1
259.7,-27.615,2
259.7,-33.42,2
259.7,-60.227,2
260.4,-19.324,1
260.4,-50.206,2
261.1,-19.203,1
261.1,-39.377,2
261.1,-78.582,2
261.8,-19.357,1
262.5,-19.336,1
263.2,-19.425,1
263.2,-33.019,2
263.2,-68.953,2
263.9,-19.31,1
263.9,-36.424,2
263.9,-42.014,2
264.6,-1.4402,1
264.6,-19.204,1
264.6,-36.568,2
265.3,32.93,1
265.3,18.697,1
265.3,-19.404,1
265.3,-36.261,2
266,-19.472,1
266,-43.519,2
266,-34.484,2
266.7,-19.462,1
267.4,-19.414,1
267.4,-33.01,2
267.4,-65.319,2
268.1,-19.35,1
268.8,-19.394,1
268.8,-41.541,2
269.5,-10.43,1
269.5,-19.472,1
269.5,-27.948,2
270.2,-19.479,1
270.9,40.317,1
270.9,-19.281,1
271.6,-19.485,1
271.6,-12.457,1
272.3,13.097,1
272.3,-19.305,1
272.3,-68.552,2
273,-16.249,1
273,-19.48,1
273,-21.782,2
273,-36.254,2
273,-44.537,2
273,-65.09,2
273.7,-19.346,1
273.7,-28.794,2
274.4,-19.503,1
275.1,-19.39,1
275.1,-22.669,2
275.1,-39.984,2
275.8,-19.524,1
276.5,-19.478,1
276.5,-13.493,1
277.2,-19.514,1
277.9,-19.568,1
277.9,-30.558,2
278.6,-19.538,1
278.6,-6.5621,1
278.6,-32.574,2
279.3,-19.644,1
280,-1.7609,1
280,-19.604,1
280,-39.8,2
280.7,-19.534,1
280.7,-18.057,1
281.4,-19.44,1
281.4,-48.871,2
282.1,-20.024,1
282.1,-19.514,1
282.8,17.267,1
282.8,-19.643,1
282.8,-35.46,2
282.8,-40.474,2
283.5,-19.523,1
283.5,-35.398,2
284.2,-19.581,1
284.9,-19.551,1
285.6,-19.7,1
285.6,-46.896,2
285.6,-61.401,2
286.3,-21.098,2
286.3,-19.475,1
286.3,-32.746,2
287,-19.699,1
287,-31.498,2
287.7,19.701,1
287.7,-19.592,1
287.7,-31.55,2
287.7,-65.05,2
288.4,-19.546,1
288.4,-21.299,2
289.1,-19.592,1
289.8,-19.452,1
289.8,-40.017,2
290.5,-19.589,1
291.2,18.171,1
291.2,-19.548,1
291.9,-19.685,1
291.9,-36.313,2
291.9,-43.001,2
291.9,-41.283,2
292.6,-19.323,1
293.3,-19.45,1
294,22.531,1
294,-19.396,1
294,-41.85,2
294.7,-19.615,1
294.7,-43.161,2
295.4,-19.398,1
295.4,-19.937,1
295.4,-63.975,2
296.1,-19.521,1
296.1,-74.716,2
296.8,-19.469,1
296.8,-47.244,2
296.8,-44.573,2
297.5,-19.48,1
297.5,-35.105,2
297.5,-50.326,2
297.5,-46.014,2
298.2,-19.51,1
298.2,-27.287,2
298.2,-36.632,2
298.2,-29.519,2
298.9,-0.83876,1
298.9,-19.469,1
298.9,-74.977,2
299.6,-19.346,1
299.6,-35.18,2
300.3,-19.332,1
300.3,-57.09,2
302.4,-19.283,1
303.1,-19.157,1
303.1,-34.883,2
303.1,-36.728,2
303.8,-19.459,1
303.8,-9.1685,1
303.8,-32.961,2
303.8,-35.026,2
304.5,-19.377,1
305.2,-36.189,2
305.2,-43.477,2
305.9,-19.255,1
305.9,-40.454,2
305.9,-78.877,2
305.9,-77.915,2
306.6,6.4009,1
306.6,-19.026,1
307.3,20.97,1
307.3,-19.316,1
308,-65.947,2
308.7,13.626,1
308.7,-19.707,1
308.7,-44.544,2
309.4,33.431,1
309.4,-19.066,1
310.1,-19.23,1
310.1,-50.911,2
310.8,-19.335,1
311.5,12.592,1
311.5,-19.68,1
312.2,-19.625,1
312.9,25.643,1
312.9,-19.208,1
313.6,-19.539,1
314.3,-19.572,1
315,-19.192,1
315.7,-19.432,1
315.7,-34.753,2
316.4,29.183,1
316.4,-19.434,1
316.4,-37.058,2
317.1,-19.325,1
317.1,-57.945,2
317.8,-21.198,2
317.8,-19.497,1
317.8,-34.678,2
318.5,4.3896,1
318.5,-19.524,1
319.2,-3.3152,1
319.2,-19.346,1
319.2,-17.907,1
319.9,-19.558,1
320.6,-21.909,2
320.6,-19.431,1
320.6,-53.251,2
321.3,19.516,1
321.3,17.703,1
321.3,-19.406,1
322,-19.174,1
322,-48.501,2
322.7,28.414,1
322.7,-19.131,1
322.7,-20.899,2
322.7,-75.533,2
323.4,-19.344,1
323.4,-34.645,2
324.1,-19.353,1
324.8,38.777,1
324.8,-19.305,1
325.5,37.114,1
325.5,-0.92722,1
326.2,-19.364,1
326.2,-22.824,2
326.2,-35.328,2
326.9,-19.169,1
327.6,-1.3978,1
327.6,-26.167,2
327.6,-19.331,1
327.6,-58.191,2
328.3,13.308,1
328.3,11.256,1
328.3,-19.423,1
329,-19.424,1
329,-39.975,2
329.7,-19.346,1
330.4,-19.536,1
330.4,-20.309,2
330.4,-34.745,2
331.1,-19.56,1
331.8,-19.58,1
331.8,-16.166,1
332.5,22.548,1
332.5,31.411,1
332.5,-19.603,1
333.2,-19.514,1
333.9,27.47,1
333.9,-19.42,1
334.6,-19.566,1
335.3,33.673,1
335.3,-19.378,1
335.3,-34.504,2
336,37.487,1
336,3.6059,1
336.7,-19.449,1
337.4,-19.455,1
337.4,-45.858,2
338.1,-19.507,1
338.8,28.072,1
338.8,17.829,1
338.8,-19.541,1
338.8,-18.452,1
339.5,-19.364,1
339.5,-54.984,2
340.2,-19.376,1
340.9,-1.9487,1
340.9,-19.464,1
341.6,-19.472,1
341.6,-34.724,2
342.3,4.2981,1
342.3,-19.49,1
342.3,-8.3014,1
343,-19.532,1
343.7,-29.344,2
344.4,-19.482,1
344.4,-11.334,1
344.4,-32.517,2
344.4,-71.34,2
344.4,-60.213,2
345.1,23.395,1
345.1,-22.296,2
345.1,-19.485,1
345.1,-37.487,2
345.8,-19.456,1
346.5,-19.485,1
346.5,-33.362,2
347.2,-19.51,1
347.2,-24.694,2
347.2,-40.871,2
347.9,21.711,1
347.9,-19.575,1
348.6,-19.534,1
348.6,-41.225,2
349.3,-19.488,1
350,-19.505,1
350,-20.911,2
350,-56.035,2
350,-67.705,2
350.7,-13.559,1
351.4,-1.112,1
351.4,-19.368,1
351.4,-19.98,1
351.4,-34.433,2
351.4,-33.883,2
352.1,-36.778,2
352.8,26.781,1
352.8,-7.4153,1
352.8,-19.385,1
352.8,-35.057,2
352.8,-58.065,2
353.5,-19.643,1
353.5,-9.0388,1
353.5,-34.365,2
354.2,-25.363,2
354.2,-19.289,1
354.9,-19.435,1
355.6,-19.406,1
355.6,-31.891,2
356.3,-7.9925,1
356.3,-19.494,1
356.3,-13.978,1
357.7,-19.374,1
357.7,-12.273,1
358.4,-19.415,1
358.4,-65.502,2
359.1,-19.402,1
359.1,-35.113,2
359.8,38.684,1
359.8,-19.381,1
360.5,12.48,1
360.5,-19.521,1
361.2,13.137,1
361.2,-19.514,1
361.2,-27.505,2
361.2,-7.1501,1
361.2,-33.694,2
361.2,-73.409,2
361.9,-19.305,1
362.6,-19.353,1
362.6,-26.962,2
362.6,-35.134,2
362.6,-62.984,2
363.3,1.6129,1
363.3,-19.49,1
364,25.117,1
364,-19.454,1
364.7,35.141,1
364.7,-19.413,1
364.7,-34.087,2
365.4,-19.369,1
365.4,-46.314,2
366.1,-19.128,1
366.1,-38.38,2
366.8,-19.35,1
367.5,-19.368,1
368.2,-19.361,1
368.9,19.091,1
368.9,-19.169,1
368.9,-33.677,2
369.6,-19.19,1
369.6,-19.939,1
370.3,-1.8346,1
370.3,-19.424,1
370.3,-25.365,2
370.3,-29.584,2
371,32.098,1
371,-19.149,1
371.7,-19.225,1
371.7,-33.543,2
371.7,-47.152,2
372.4,-19.374,1
373.1,-19.709,1
373.8,7.6634,1
373.8,-19.448,1
373.8,-34.036,2
374.5,20.247,1
374.5,-19.403,1
375.2,-19.571,1
375.2,-11.393,1
375.9,28.266,1
375.9,-19.507,1
375.9,-48.785,2
375.9,-52.379,2
376.6,-19.483,1
377.3,-19.418,1
377.3,-26.814,2
378,-19.642,1
378,-33.421,2
378.7,-25.256,2
378.7,-19.612,1
379.4,-19.444,1
379.4,-61.613,2
380.1,-19.616,1
380.1,-4.5517,1
380.1,-29.894,2
380.1,-65.077,2
380.1,-60.267,2
380.8,10.96,1
380.8,-19.659,1
380.8,-23.371,2
381.5,-19.615,1
381.5,-71.399,2
382.2,-19.538,1
382.2,-20.208,2
382.2,-33.083,2
382.9,18.125,1
382.9,-32.882,2
383.6,1.5766,1
383.6,-19.578,1
384.3,22.571,1
384.3,39.863,1
384.3,10.248,1
384.3,-19.892,1
384.3,-71.388,2
385,-19.711,1
385,-76.87,2
385.7,-19.712,1
385.7,-75.343,2
386.4,39.732,1
386.4,-19.698,1
387.8,-19.882,1
388.5,-19.351,1
389.2,-19.606,1
389.2,-33.058,2
389.9,-19.564,1
390.6,40.1,1
390.6,21.742,1
390.6,-19.458,1
391.3,-19.426,1
391.3,-32.768,2
392,-1.01,1
392,-19.455,1
392.7,-19.399,1
393.4,15.915,1
393.4,-19.378,1
394.1,-19.382,1
394.8,10.523,1
394.8,-19.53,1
395.5,-19.553,1
395.5,-32.97,2
396.2,-19.728,1
396.9,-19.515,1
396.9,-50.134,2
396.9,-73.571,2
397.6,-19.486,1
398.3,-19.57,1
399,-19.332,1
399.7,24.556,1
399.7,-19.494,1
399.7,-21.778,2
399.7,-28.499,2
400.4,-19.491,1
401.1,-19.477,1
401.1,-30.74,2
401.1,-60.706,2
401.8,-19.666,1
402.5,29.866,1
402.5,-19.516,1
403.2,-19.497,1
403.2,-10.812,1
403.2,-32.523,2
403.9,5.1992,1
403.9,2.3006,1
403.9,-19.577,1
403.9,-70.838,2
404.6,-19.386,1
404.6,-22.652,2
405.3,-19.546,1
405.3,-17.335,1
405.3,-67.66,2
406,-19.519,1
406.7,-19.4,1
406.7,-21.718,2
406.7,-50.427,2
407.4,-19.368,1
408.1,-19.413,1
408.8,-19.396,1
409.5,39.31,1
409.5,-19.521,1
410.2,-19.498,1
410.9,4.4683,1
410.9,-19.393,1
410.9,-33.096,2
410.9,-56.6,2
411.6,-19.633,1
412.3,-19.435,1
412.3,-23.327,2
413,-19.426,1
413,-47.385,2
413,-36.342,2
413.7,-15.216,1
413.7,-19.395,1
413.7,-19.963,1
414.4,-27.784,2
414.4,-19.325,1
415.1,6.8986,1
415.1,-19.409,1
415.1,-51.553,2
415.8,-19.322,1
415.8,-70.63,2
416.5,-19.558,1
416.5,-26.956,2
416.5,-31.365,2
416.5,-62.714,2
417.2,-19.303,1
417.2,-46.081,2
417.2,-31.525,2
417.2,-55.78,2
417.9,1.7779,1
417.9,-19.388,1
418.6,-20.027,1
418.6,-19.228,1
419.3,-19.504,1
419.3,-30.556,2
420,-19.258,1
420.7,-19.271,1
421.4,-19.305,1
421.4,-35.407,2
422.1,-19.487,1
422.1,-31.255,2
422.8,-19.392,1
422.8,-32.058,2
423.5,5.3502,1
423.5,-19.427,1
423.5,-31.832,2
424.2,16.465,1
424.2,-19.264,1
424.2,-60.386,2
424.9,39.03,1
424.9,-19.518,1
425.6,37.903,1
425.6,-19.781,1
425.6,-47.756,2
425.6,-65.536,2
426.3,12.651,1
426.3,-19.491,1
426.3,-14.761,1
426.3,-35.931,2
426.3,-39.404,2
426.3,-65.382,2
426.3,-56.32,2
427,10.658,1
427,-38.682,2
427.7,-19.479,1
427.7,-32.047,2
428.4,-19.108,1
428.4,-19.889,1
429.1,-19.589,1
429.8,-19.752,1
429.8,-31.427,2
430.5,-19.645,1
431.2,-19.476,1
431.2,-13.468,1
431.9,27.736,1
431.9,-19.621,1
432.6,-19.484,1
432.6,-33.258,2
433.3,14.201,1
433.3,-19.582,1
433.3,-25.074,2
434,-19.658,1
434.7,-19.661,1
434.7,-31.623,2
435.4,32.358,1
435.4,-19.803,1
436.1,-19.637,1
436.1,-31.41,2
436.8,-19.622,1
436.8,-23.244,2
437.5,-19.575,1
437.5,-27.747,2
438.2,-19.695,1
438.2,-31.76,2
438.2,-29.137,2
438.9,-20.034,1
439.6,-19.736,1
439.6,-38.319,2
440.3,-19.607,1
440.3,-31.337,2
441,-19.626,1
441,-13.144,1
441,-31.377,2
441.7,-19.699,1
441.7,-24.594,2
441.7,-31.252,2
441.7,-63.69,2
442.4,-19.586,1
442.4,-21.377,2
443.1,-19.722,1
443.1,-34.454,2
443.8,35.793,1
443.8,-19.753,1
443.8,-31.048,2
444.5,18.416,1
445.2,-19.598,1
445.2,-29.836,2
445.9,34.085,1
445.9,-22.09,2
445.9,-20.078,1
445.9,-69.629,2
446.6,-19.668,1
447.3,-19.641,1
448,20.644,1
448,-19.549,1
448.7,-25.438,2
448.7,-19.762,1
448.7,-31.212,2
448.7,-75.534,2
449.4,-19.648,1
449.4,-60.542,2
450.1,-19.594,1
450.1,-31.591,2
450.8,34.596,1
450.8,-19.534,1
450.8,-32.742,2
451.5,-14.718,1
451.5,-19.595,1
451.5,-65.585,2
452.2,-19.544,1
452.2,-5.9293,1
452.2,-78.411,2
452.9,-19.492,1
453.6,23.767,1
453.6,-19.334,1
453.6,-8.3456,1
453.6,-38.095,2
454.3,-19.588,1
455,-19.419,1
455,-33.514,2
455,-40.384,2
455.7,-7.8532,1
455.7,-19.395,1
456.4,-19.484,1
456.4,-34.402,2
456.4,-31.393,2
456.4,-78.697,2
457.1,-19.712,1
457.1,-63.637,2
457.8,39.076,1
457.8,-19.378,1
457.8,-32.358,2
458.5,-19.509,1
458.5,-69.223,2
458.5,-73.817,2
459.2,-19.347,1
459.2,-12.364,1
459.9,-19.465,1
460.6,-66.461,2
461.3,-26.674,2
461.3,-19.388,1
461.3,-30.798,2
462,-19.486,1
462,-30.734,2
462.7,-19.352,1
463.4,34.263,1
463.4,-1.1088,1
463.4,-19.646,1
464.1,-19.292,1
464.8,-19.306,1
464.8,-30.621,2
465.5,22.226,1
465.5,5.3084,1
465.5,-19.221,1
465.5,-30.606,2
466.9,-19.333,1
467.6,-19.575,1
467.6,-35.271,2
467.6,-76.68,2
468.3,-19.316,1
468.3,-64.035,2
469,-19.38,1
469.7,-19.377,1
470.4,-19.446,1
470.4,-55.335,2
471.1,-19.799,1
471.1,-9.0744,1
471.8,20.072,1
471.8,-0.95521,1
471.8,-19.58,1
472.5,-19.166,1
472.5,-74.505,2
473.2,-19.399,1
473.2,-29.872,2
473.9,-2.9391,1
473.9,-19.673,1
474.6,-19.481,1
474.6,-4.614,1
475.3,-20.383,1
475.3,-19.295,1
476,-19.359,1
476,-20.042,1
476,-69.664,2
476,-67.679,2
476.7,-19.776,1
476.7,-51.876,2
477.4,-19.631,1
478.1,21.138,1
478.1,-29.759,2
478.8,26.693,1
478.8,-19.687,1
479.5,26.743,1
479.5,14.25,1
479.5,-19.663,1
479.5,-38.252,2
480.2,-19.666,1
480.2,-20.528,1
480.2,-45.48,2
480.9,-14.511,1
480.9,-19.686,1
480.9,-75.393,2
481.6,-19.691,1
481.6,-29.224,2
482.3,-19.818,1
483,-19.794,1
483,-57.951,2
483.7,-19.652,1
483.7,-41.463,2
484.4,-19.927,1
485.1,-19.653,1
485.8,-19.686,1
486.5,-20.001,1
486.5,-53.856,2
487.2,-19.528,1
487.9,-19.398,1
487.9,-69.109,2
490,-19.497,1
490,-29.881,2
490.7,-19.5,1
491.4,18.393,1
491.4,-19.521,1
491.4,-32.136,2
492.1,-19.657,1
492.1,-42.328,2
492.8,30.754,1
492.8,-19.596,1
493.5,31.512,1
493.5,-24.058,2
493.5,-20.029,1
494.2,10.756,1
494.2,-19.621,1
494.9,-19.178,1
495.6,-19.159,1
496.3,-19.409,1
496.3,-24.842,2
497,-19.243,1
497.7,-19.321,1
497.7,-29.347,2
497.7,-75.316,2
497.7,-54.085,2
498.4,12.232,1
498.4,-19.334,1
498.4,-71.444,2
499.1,-19.494,1
499.1,-20.101,1
499.1,-61.934,2
499.8,-19.678,1
499.8,-29.184,2
500.5,34.742,1
500.5,-19.247,1
500.5,-29.286,2
501.2,36.618,1
501.2,12.375,1
501.2,-19.35,1
501.2,-29.474,2
501.9,-19.153,1
502.6,-19.394,1
502.6,-22.092,2
502.6,-30.317,2
502.6,-67.953,2
503.3,-19.562,1
504,-19.69,1
504,-28.811,2
504,-53.323,2
504.7,-19.246,1
505.4,-19.241,1
505.4,-29.443,2
506.1,32.042,1
506.1,13.265,1
506.1,-19.238,1
506.8,-19.246,1
507.5,22.648,1
507.5,19.423,1
507.5,-19.288,1
508.2,-7.4423,1
508.9,-19.265,1
508.9,-71.654,2
509.6,-19.241,1
509.6,-73.96,2
510.3,-19.354,1
511,-19.309,1
511,-31.728,2
511.7,-19.423,1
511.7,-54.03,2
512.4,-19.414,1
512.4,-28.77,2
512.4,-70.614,2
512.4,-59.364,2
513.1,35.471,1
513.1,-0.078627,1
513.1,-22.011,2
513.1,-19.436,1
513.8,-17.105,1
513.8,-19.453,1
514.5,-19.45,1
515.2,-19.459,1
515.2,-26.783,2
515.2,-30.823,2
515.9,36.869,1
515.9,-19.334,1
516.6,-19.39,1
517.3,-27.794,2
517.3,-66.575,2
518,-0.891,1
518,-19.561,1
518.7,-19.669,1
518.7,-73.361,2
519.4,-19.6,1
519.4,-74.08,2
520.1,1.0145,1
520.1,-19.652,1
520.1,-30.515,2
520.8,23.15,1
520.8,-19.632,1
520.8,-29.694,2
521.5,-20.608,2
521.5,-19.731,1
521.5,-29.359,2
522.2,-20.07,1
522.2,-29.804,2
522.9,34.57,1
523.6,-19.595,1
523.6,-25.165,2
523.6,-55.896,2
524.3,-19.702,1
524.3,-29.351,2
525,20.587,1
525.7,30.981,1
525.7,-19.629,1
525.7,-43.594,2
526.4,30.663,1
526.4,-19.651,1
527.1,-19.751,1
527.1,-23.311,2
527.1,-29.128,2
527.8,-19.825,1
528.5,-19.7,1
528.5,-65.553,2
529.2,-19.535,1
529.2,-27.296,2
529.9,-19.753,1
530.6,-19.816,1
530.6,-27.824,2
530.6,-29.082,2
531.3,-19.773,1
532.7,21.649,1
532.7,25.332,1
532.7,-19.742,1
533.4,-27.591,2
533.4,-19.696,1
533.4,-74.937,2
533.4,-60.468,2
534.8,-19.552,1
535.5,-19.529,1
536.2,27.892,1
536.2,-19.415,1
536.9,38.841,1
536.9,10.747,1
536.9,-19.584,1
537.6,-19.496,1
537.6,-30.439,2
538.3,-19.451,1
538.3,-24.57,2
539,-0.70211,1
539,-19.701,1
539,-15.464,1
539,-29.589,2
539.7,18.657,1
539.7,-19.529,1
539.7,-30.89,2
540.4,-19.525,1
540.4,-12.224,1
541.1,12.668,1
541.1,10.118,1
541.1,-19.62,1
541.8,-19.507,1
541.8,-76.399,2
542.5,-19.497,1
542.5,-54.462,2
542.5,-71.49,2
543.2,-19.628,1
543.2,-28.448,2
543.2,-33.927,2
543.9,20.019,1
543.9,-19.433,1
544.6,-27.454,2
545.3,-19.456,1
545.3,-44.675,2
545.3,-33.278,2
546,-19.38,1
546,-28.979,2
546,-60.685,2
546.7,-19.52,1
547.4,-19.422,1
547.4,-28.962,2
547.4,-40.901,2
548.1,24.2,1
548.1,19.997,1
548.1,-19.505,1
548.1,-46.183,2
548.8,-19.37,1
549.5,-19.639,1
550.2,3.9173,1
550.2,-19.311,1
550.9,-19.768,1
551.6,-2.1519,1
551.6,-19.214,1
551.6,-19.769,1
552.3,10.302,1
552.3,-19.277,1
553,-19.396,1
553.7,-19.253,1
553.7,-46.833,2
554.4,-8.2115,1
555.1,39.425,1
555.1,-19.213,1
555.8,-77.53,2
556.5,29,1
556.5,-19.346,1
556.5,-27.586,2
556.5,-29.139,2
556.5,-56.285,2
557.2,-19.444,1
557.2,-29.231,2
557.9,-19.413,1
558.6,-19.362,1
558.6,-49.295,2
558.6,-71.706,2
559.3,19.123,1
559.3,-19.344,1
559.3,-22.011,2
559.3,-5.1463,1
560,-19.336,1
560,-28.931,2
560.7,14.988,1
560.7,-19.349,1
561.4,39.092,1
561.4,4.7187,1
561.4,-19.249,1
561.4,-25.905,2
561.4,-35.492,2
561.4,-27.283,2
562.1,35.179,1
562.1,12.581,1
562.1,-19.968,1
562.8,6.177,1
562.8,-19.356,1
562.8,-28.736,2
563.5,-19.205,1
563.5,-30.998,2
563.5,-54.837,2
564.2,-19.354,1
564.2,-28.88,2
564.9,-19.209,1
565.6,-19.424,1
565.6,-28.839,2
566.3,31.79,1
566.3,25.675,1
566.3,-19.656,1
566.3,-28.914,2
566.3,-58.684,2
567,-19.429,1
567,-9.0589,1
567.7,-19.26,1
567.7,-28.718,2
568.4,-19.578,1
568.4,-76.719,2
569.1,-19.487,1
569.1,-24.23,2
569.1,-25.713,2
569.1,-41.715,2
569.8,-19.555,1
569.8,-28.709,2
569.8,-56.747,2
570.5,-19.508,1
570.5,-36.196,2
571.2,34.768,1
571.2,-19.526,1
571.2,-28.199,2
571.9,30.787,1
571.9,-19.656,1
571.9,-35.311,2
571.9,-46.883,2
571.9,-28.338,2
572.6,18.487,1
572.6,-19.479,1
573.3,-19.526,1
573.3,-10.709,1
574,-19.446,1
574,-70.653,2
574.7,-23.082,2
574.7,-19.414,1
575.4,-19.607,1
576.1,-26.34,2
576.1,-19.508,1
576.1,-9.2678,1
576.1,-20.124,1
576.1,-39.698,2
576.8,-19.548,1
576.8,-5.7712,1
576.8,-28.228,2
576.8,-72.254,2
577.5,-19.485,1
577.5,-28.193,2
577.5,-54.743,2
578.2,39.389,1
578.9,36.936,1
578.9,-19.24,1
578.9,-65.249,2
579.6,10.6,1
579.6,-19.471,1
579.6,-11.506,1
579.6,-60.456,2
580.3,-3.2806,1
580.3,-19.429,1
581,-19.498,1
581,-56.979,2
581.7,31.538,1
581.7,-19.706,1
581.7,-22.91,2
581.7,-28.302,2
582.4,-19.543,1
582.4,-20.661,2
583.1,-19.48,1
583.8,-19.575,1
583.8,-27.208,2
583.8,-55.541,2
584.5,11.414,1
584.5,-19.454,1
584.5,-63.736,2
585.2,-27.335,2
585.2,-22.124,2
585.2,-20.783,2
585.9,-19.5,1
585.9,-27.222,2
585.9,-39.546,2
585.9,-64.187,2
586.6,-19.439,1
586.6,-15.687,1
587.3,-19.604,1
587.3,-55.399,2
588,-28.104,2
588,-72.693,2
588.7,-27.394,2
588.7,-19.701,1
588.7,-20.687,2
589.4,18.812,1
589.4,17.499,1
589.4,-19.577,1
589.4,-12.962,1
589.4,-28.145,2
589.4,-61.544,2
589.4,-78.511,2
590.1,-27.664,2
590.1,-26.215,2
590.1,-19.388,1
590.8,-19.424,1
590.8,-28.759,2
591.5,30.235,1
591.5,-26.284,2
591.5,-19.397,1
591.5,-27.599,2
592.2,-19.445,1
592.9,10.468,1
592.9,19.52,1
592.9,-13.416,1
592.9,-19.512,1
592.9,-25.277,2
592.9,-41.599,2
593.6,-19.4,1
594.3,-19.613,1
595,-19.474,1
595.7,-19.526,1
595.7,-16.851,1
595.7,-36.327,2
596.4,-19.332,1
596.4,-25.192,2
597.1,-2.9922,1
597.1,-19.512,1
597.1,-10.597,1
597.1,-47.335,2
597.1,-45.376,2
597.8,-19.613,1
597.8,-21.033,2
598.5,27.703,1
598.5,-19.401,1
598.5,-37.157,2
599.2,-19.576,1
599.9,-19.509,1
600.6,22.69,1
600.6,-19.601,1
601.3,-19.288,1
601.3,-67.936,2
602,-19.697,1
602,-39.366,2
602.7,-19.53,1
603.4,-26.069,2
603.4,-19.553,1
603.4,-41.657,2
604.1,-19.303,1
604.1,-26.11,2
604.8,14.127,1
604.8,-19.536,1
604.8,-26.842,2
604.8,-72.288,2
604.8,-79.184,2
605.5,40.338,1
605.5,-19.498,1
605.5,-6.2421,1
606.2,-19.371,1
606.2,-43.333,2
606.9,-27.305,2
606.9,-19.541,1
606.9,-25.589,2
606.9,-24.684,2
607.6,-1.2863,1
607.6,-26.109,2
607.6,-6.67,1
607.6,-19.457,1
607.6,-11.614,1
607.6,-35.806,2
608.3,-17.964,1
608.3,-19.621,1
609,-19.462,1
609,-25.316,2
609.7,-19.492,1
610.4,-19.286,1
610.4,-33.302,2
610.4,-63.677,2
611.1,-19.678,1
611.8,-19.466,1
611.8,-45.327,2
612.5,-19.504,1
612.5,-46.961,2
613.2,39.842,1
613.2,-26.014,2
613.2,-19.592,1
613.9,-19.364,1
613.9,-15.056,1
613.9,-11.654,1
613.9,-38.032,2
613.9,-57.024,2
613.9,-64.379,2
614.6,18.842,1
614.6,-19.724,1
614.6,-66.853,2
615.3,39.444,1
615.3,19.925,1
615.3,-19.551,1
615.3,-30.266,2
616,-19.469,1
616,-46.831,2
616,-65.976,2
616.7,-19.368,1
617.4,6.4844,1
617.4,-19.259,1
618.1,33.551,1
618.1,37.391,1
618.1,-19.352,1
618.8,-24.411,2
619.5,-25.528,2
620.2,-19.429,1
620.2,-25.464,2
620.2,-28.113,2
620.2,-54.154,2
620.9,-19.823,1
621.6,-19.574,1
622.3,39.522,1
622.3,-19.509,1
622.3,-25.67,2
623,-2.936,1
623,-19.683,1
623,-25.162,2
623,-37.35,2
623.7,34.35,1
623.7,25.942,1
623.7,-24.662,2
623.7,-19.416,1
623.7,-22.351,2
623.7,-30.828,2
624.4,24.238,1
624.4,-24.844,2
624.4,-19.429,1
625.1,-25.112,2
625.1,-19.771,1
625.1,-16.058,1
625.8,23.327,1
625.8,-24.785,2
627.2,-24.918,2
627.2,-19.497,1
627.9,-19.587,1
628.6,-13.799,1
628.6,-57.284,2
629.3,-19.264,1
629.3,-24.835,2
630,-19.579,1
630.7,-19.287,1
630.7,-24.81,2
631.4,-24.981,2
631.4,-19.666,1
632.1,-19.261,1
632.8,4.3834,1
632.8,-19.501,1
633.5,20.1,1
633.5,-1.4098,1
633.5,-19.419,1
633.5,-24.888,2
633.5,-59.756,2
634.2,-19.566,1
634.2,-27.885,2
634.2,-24.647,2
634.2,-60.415,2
634.9,-24.98,2
634.9,-19.446,1
635.6,30.173,1
635.6,-19.345,1
635.6,-13.513,1
635.6,-24.707,2
635.6,-47.712,2
636.3,13.041,1
636.3,-19.254,1
636.3,-25.265,2
637,16.153,1
637,-26.272,2
637.7,-19.347,1
638.4,-19.548,1
638.4,-24.113,2
639.1,-19.355,1
639.1,-53.329,2
639.8,-24.795,2
639.8,-19.408,1
639.8,-63.959,2
640.5,-19.428,1
640.5,-68.574,2
641.2,-19.362,1
641.2,-24.215,2
641.2,-27.904,2
641.2,-6.7853,1
641.2,-29.977,2
641.9,-19.299,1
642.6,-20.032,1
642.6,-19.338,1
643.3,23.61,1
643.3,-19.294,1
643.3,-23.841,2
644,-19.332,1
644,-47.545,2
644,-69.97,2
644.7,28.91,1
644.7,37.39,1
644.7,-23.02,2
644.7,-19.344,1
645.4,16.036,1
645.4,-19.395,1
645.4,-32.559,2
646.1,33.008,1
646.1,-19.423,1
646.8,-19.561,1
647.5,38.027,1
647.5,-19.307,1
647.5,-11.344,1
648.2,36.02,1
648.2,-23.83,2
648.2,-19.486,1
648.2,-29.694,2
648.9,-19.44,1
648.9,-22.91,2
649.6,-19.431,1
649.6,-28.423,2
650.3,-19.457,1
650.3,-51.071,2
651,25.731,1
651,-24.015,2
651,-19.541,1
651.7,-19.372,1
652.4,-19.501,1
652.4,-23.506,2
652.4,-36.244,2
653.1,37.767,1
653.1,-19.621,1
653.1,-22.919,2
653.1,-35.227,2
653.1,-42.63,2
653.8,-19.516,1
653.8,-24.041,2
653.8,-3.5291,1
653.8,-78.076,2
654.5,24.62,1
654.5,16.838,1
654.5,-19.526,1
654.5,-20.523,2
655.2,18.545,1
655.2,-19.525,1
655.2,-22.463,2
655.2,-49.644,2
655.9,-19.499,1
655.9,-22.786,2
656.6,-19.63,1
657.3,-0.65712,1
657.3,-23.77,2
657.3,-19.57,1
658,-19.59,1
658,-22.147,2
658.7,-19.68,1
658.7,-23.492,2
658.7,-25.314,2
659.4,16.912,1
659.4,-23.385,2
659.4,-43.227,2
659.4,-54.164,2
660.1,-19.611,1
660.8,-19.623,1
660.8,-23.34,2
661.5,-19.589,1
662.2,15.487,1
662.2,-19.567,1
662.2,-25.081,2
662.2,-23.481,2
662.9,-0.66002,1
662.9,-19.405,1
663.6,-19.611,1
663.6,-23.456,2
663.6,-37.334,2
664.3,39.588,1
664.3,7.7487,1
664.3,-19.459,1
665,34.213,1
665,-23.958,2
665,-19.566,1
665.7,-23.79,2
666.4,-19.19,1
667.1,-23.369,2
667.1,-19.508,1
667.8,-19.499,1
668.5,-19.519,1
668.5,-22.037,2
668.5,-66.524,2
669.2,-19.484,1
669.9,-19.455,1
669.9,-23.375,2
669.9,-20.059,1
669.9,-34.191,2
670.6,-19.427,1
670.6,-23.182,2
670.6,-21.786,2
670.6,-78.478,2
671.3,-19.549,1
671.3,-43.477,2
672,-23.343,2
672,-19.534,1
673.4,36.294,1
673.4,-23.121,2
673.4,-19.483,1
674.1,-22.751,2
674.1,-19.589,1
674.1,-56.68,2
674.8,-19.443,1
675.5,12.539,1
675.5,-22.67,2
675.5,-19.491,1
676.2,-19.473,1
676.2,-23.112,2
676.9,11.044,1
676.9,-19.363,1
676.9,-22.651,2
676.9,-26.215,2
676.9,-56.523,2
677.6,-22.192,2
677.6,-19.421,1
678.3,1.8,1
678.3,-19.228,1
678.3,-22.836,2
678.3,-9.8549,1
679,40.503,1
679,-22.553,2
679,-19.498,1
679,-52.893,2
679.7,25.498,1
679.7,-19.521,1
679.7,-22.832,2
680.4,-19.475,1
680.4,-22.598,2
680.4,-21.727,2
680.4,-42.086,2
681.1,-9.2469,1
681.1,-21.51,2
681.1,-19.408,1
681.8,10.545,1
681.8,-19.578,1
682.5,-19.576,1
682.5,-44.797,2
682.5,-33.89,2
683.2,-22.449,2
683.2,-19.532,1
683.2,-78.586,2
683.9,-2.8779,1
683.9,-19.456,1
683.9,-23.105,2
684.6,-5.2758,1
684.6,-20.355,2
684.6,-19.812,1
685.3,26.982,1
685.3,-19.58,1
685.3,-22.459,2
686,-9.7473,1
686,-22.255,2
686,-19.932,1
686,-40.165,2
686.7,12.923,1
686.7,15.585,1
686.7,-19.92,1
687.4,-19.543,1
687.4,-21.194,2
687.4,-22.67,2
688.1,-19.702,1
688.1,-22.189,2
688.1,-75.798,2
688.8,-21.981,2
689.5,24.226,1
690.2,-21.874,2
690.2,-19.433,1
690.2,-47.875,2
690.9,-19.305,1
690.9,-22.124,2
690.9,-76.757,2
691.6,-20.194,2
691.6,-22.206,2
691.6,-24.186,2
691.6,-49.502,2
692.3,-19.436,1
693,-20.703,2
693,-19.349,1
693,-22.163,2
693,-11.573,1
693.7,-19.378,1
693.7,-22.135,2
693.7,-58.445,2
694.4,-19.728,1
694.4,-4.932,1
694.4,-50.133,2
695.1,-24.009,2
695.1,-19.4,1
695.1,-21.998,2
695.1,-65.328,2
695.8,-22.268,2
695.8,-19.498,1
696.5,-19.446,1
696.5,-28.433,2
696.5,-22.291,2
697.2,-19.837,1
697.2,-12.456,1
697.2,-21.227,2
697.2,-43.137,2
698.6,-19.574,1
698.6,-21.863,2
698.6,-17.73,1
699.3,-20.382,2
699.3,-19.344,1
699.3,-24.696,2
700,-19.48,1
700,-26.262,2
700,-21.327,2
700.7,-22.009,2
700.7,-19.619,1
701.4,5.6618,1
701.4,-21.699,2
701.4,-19.438,1
702.1,-21.719,2
702.1,-19.585,1
702.1,-23.669,2
702.1,-33.059,2
702.8,-19.418,1
702.8,-25.803,2
702.8,-10.69,1
702.8,-21.356,2
703.5,-19.399,1
703.5,-21.067,2
703.5,-50.487,2
704.2,-19.564,1
704.2,-18.924,1
704.9,13.814,1
704.9,-19.612,1
704.9,-39.632,2
705.6,-21.625,2
705.6,-19.545,1
706.3,-19.59,1
707,16.81,1
707,-19.674,1
707.7,35.739,1
707.7,-21.488,2
707.7,-19.379,1
707.7,-22.009,2
708.4,-19.408,1
708.4,-21.67,2
708.4,-73.092,2
709.1,-19.263,1
709.1,-21.919,2
709.8,21.913,1
709.8,-19.6,1
709.8,-68.089,2
710.5,-19.337,1
710.5,-21.239,2
710.5,-13.574,1
711.2,-19.362,1
711.9,-21.349,2
711.9,-19.228,1
712.6,-19.518,1
712.6,-21.141,2
712.6,-50.295,2
713.3,28.557,1
713.3,15.76,1
713.3,1.9028,1
713.3,-21.319,2
713.3,-19.61,1
714,-22.008,2
714,-19.631,1
714.7,22.107,1
714.7,-21.683,2
714.7,-19.514,1
714.7,-53.137,2
715.4,22.854,1
715.4,-19.587,1
715.4,-21.054,2
715.4,-21.614,2
716.1,-21.056,2
716.1,-19.537,1
716.1,-21.742,2
716.1,-62.872,2
716.8,-19.483,1
716.8,-21.515,2
717.5,23.935,1
717.5,28.463,1
717.5,1.7587,1
717.5,-19.557,1
717.5,-21.774,2
717.5,-40.059,2
717.5,-29.047,2
717.5,-74.353,2
718.2,-8.3385,1
718.2,-19.54,1
718.2,-78.335,2
718.9,-21.522,2
718.9,-9.116,1
718.9,-27.393,2
719.6,-19.566,1
719.6,-21.495,2
719.6,-66.492,2
720.3,6.4411,1
720.3,-19.689,1
721,-19.589,1
721,-21.589,2
721.7,-19.635,1
721.7,-21.273,2
722.4,39.342,1
722.4,-19.586,1
723.1,-19.571,1
723.1,-21.623,2
723.1,-16.027,1
723.8,-19.426,1
723.8,-21.782,2
723.8,-35.786,2
724.5,-21.542,2
724.5,-19.505,1
725.2,-19.503,1
725.2,-21.294,2
725.2,-20.198,2
725.2,-71.492,2
725.2,-54.097,2
725.9,-21.731,2
725.9,-19.644,1
725.9,-3.7454,1
725.9,-72.222,2
726.6,-19.537,1
726.6,-20.443,2
727.3,-20.183,2
727.3,-19.593,1
727.3,-21.429,2
728,21.796,1
728,13.421,1
728,-19.5,1
728,-21.473,2
728,-20.55,2
728.7,-0.65992,1
728.7,-19.566,1
728.7,-20.115,2
728.7,-22.69,2
729.4,24.668,1
729.4,-19.864,1
729.4,-21.506,2
729.4,-34.067,2
729.4,-59.808,2
730.1,-19.478,1
730.1,-48.362,2
730.1,-75.45,2
730.8,-19.475,1
730.8,-21.595,2
730.8,-9.522,1
730.8,-22.175,2
731.5,37.799,1
731.5,-19.489,1
731.5,-21.448,2
731.5,-48.18,2
732.2,-21.29,2
732.2,-19.477,1
732.2,-25.994,2
732.2,-38.076,2
732.9,37.246,1
732.9,-21.782,2
732.9,-19.475,1
732.9,-6.02,1
732.9,-12.887,1
733.6,-24.71,2
733.6,-19.54,1
733.6,-17.315,1
734.3,-21.808,2
734.3,-19.729,1
735,-19.547,1
735,-22.241,2
735.7,-19.405,1
735.7,-21.844,2
736.4,-21.635,2
736.4,-19.411,1
736.4,-51.715,2
736.4,-58.611,2
736.4,-79.014,2
737.1,22.538,1
737.1,7.9661,1
737.1,-17.061,1
737.8,-19.484,1
738.5,-19.497,1
738.5,-21.705,2
738.5,-55.549,2
739.2,17.045,1
739.2,-19.58,1
739.9,-19.466,1
739.9,-24.278,2
739.9,-21.601,2
740.6,18.236,1
740.6,-25.76,2
740.6,-19.529,1
740.6,-61.299,2
741.3,14.693,1
741.3,-21.771,2
741.3,-19.408,1
741.3,-33.052,2
742,-19.344,1
742,-22.225,2
742.7,-19.562,1
742.7,-21.719,2
742.7,-20.122,2
742.7,-65.938,2
743.4,22.349,1
743.4,-19.452,1
743.4,-48.587,2
744.1,-21.731,2
744.1,-6.9094,1
744.1,-19.587,1
744.8,-21.766,2
744.8,-19.426,1
744.8,-20.992,2
744.8,-37.218,2
744.8,-69.703,2
745.5,-37.774,2
746.2,-21.737,2
746.2,-9.4587,1
746.2,-19.201,1
746.2,-22.645,2
746.9,15.579,1
746.9,-8.9528,1
746.9,-25.058,2
746.9,-19.354,1
746.9,-22.6,2
746.9,-21.684,2
746.9,-69.241,2
747.6,-21.997,2
747.6,-19.285,1
747.6,-20.081,1
747.6,-62.188,2
748.3,-22.272,2
748.3,-19.315,1
749,-19.223,1
749.7,-21.671,2
749.7,-19.436,1
750.4,40.13,1
750.4,35.124,1
750.4,-21.762,2
750.4,-19.434,1
750.4,-39.89,2
750.4,-29.231,2
751.1,-19.343,1
751.1,-21.494,2
751.1,-26.284,2
751.8,-6.1046,1
751.8,-22.058,2
751.8,-19.394,1
751.8,-33.981,2
752.5,-21.781,2
752.5,-19.459,1
752.5,-26.949,2
752.5,-40.897,2
753.2,-19.828,1
753.2,-21.54,2
753.9,6.3196,1
753.9,-20.792,2
753.9,-21.661,2
753.9,-20.001,1
753.9,-19.494,1
753.9,-46.662,2
753.9,-52.668,2
753.9,-76.195,2
754.6,2.7377,1
754.6,-20.956,2
754.6,-19.488,1
754.6,-21.581,2
754.6,-63.061,2
755.3,-19.551,1
755.3,-21.473,2
755.3,-38.27,2
756,-19.596,1
756,-43.973,2
756.7,22.421,1
756.7,31.19,1
756.7,-20.804,2
756.7,-19.677,1
756.7,-68.907,2
757.4,-19.505,1
757.4,-22.635,2
758.1,34.589,1
758.1,6.8147,1
758.1,-19.519,1
758.1,-20.608,2
758.1,-50.956,2
758.8,-20.779,2
759.5,-19.513,1
759.5,-20.779,2
759.5,-21.47,2
760.2,-20.746,2
760.9,-19.487,1
760.9,-21.026,2
761.6,-19.39,1
762.3,-20.834,2
763,9.9081,1
763,-19.251,1
763.7,-20.664,2
763.7,-19.451,1
763.7,-37.694,2
764.4,33.219,1
764.4,-20.571,2
764.4,-19.581,1
765.1,-19.408,1
765.1,-25.661,2
765.8,-19.405,1
765.8,-38.587,2
766.5,-19.516,1
766.5,-15.075,1
766.5,-20.94,2
767.2,-19.487,1
767.9,-19.479,1
767.9,-21.634,2
767.9,-77.338,2
767.9,-76.509,2
768.6,-19.413,1
768.6,-21.388,2
769.3,-21.25,2
769.3,-19.54,1
769.3,-20.452,2
769.3,-78.522,2
770,-21.448,2
770,-19.604,1
770,-20.555,2
770,-59.879,2
770.7,-19.508,1
771.4,-21.458,2
771.4,-19.461,1
772.1,-19.546,1
772.8,-19.493,1
773.5,-19.479,1
773.5,-21.62,2
774.2,-19.481,1
774.2,-21.063,2
774.9,19.143,1
774.9,-19.608,1
774.9,-20.786,2
775.6,-22.253,2
775.6,-19.788,1
775.6,-21.367,2
775.6,-36.778,2
775.6,-42.797,2
776.3,-19.602,1
776.3,-21.396,2
777,-21.007,2
777,-19.52,1
777.7,-19.515,1
777.7,-22.25,2
777.7,-21.245,2
777.7,-58.213,2
778.4,-19.656,1
778.4,-20.64,2
779.1,-19.484,1
779.1,-69.451,2
779.8,-20.862,2
779.8,-19.573,1
779.8,-75.118,2
780.5,-19.49,1
781.2,-20.835,2
781.2,-21.407,2
781.2,-42.665,2
781.9,30.75,1
781.9,-2.9166,1
781.9,-21.209,2
781.9,-19.307,1
781.9,-37.581,2
782.6,-20.427,2
782.6,-19.45,1
782.6,-13.632,1
782.6,-43.593,2
783.3,-20.86,2
783.3,-19.371,1
783.3,-38.955,2
783.3,-33.312,2
784,15.752,1
784,-19.341,1
784,-31.959,2
784.7,3.6128,1
784.7,4.3651,1
784.7,-20.738,2
784.7,-19.39,1
784.7,-20.169,2
785.4,-19.536,1
786.1,-19.255,1
786.1,-20.706,2
786.8,17.916,1
786.8,-20.993,2
786.8,-70.572,2
788.2,-19.468,1
788.2,-20.901,2
788.2,-34.41,2
788.9,-19.405,1
788.9,-21.082,2
789.6,-20.965,2
789.6,-19.469,1
790.3,-19.456,1
790.3,-21.017,2
790.3,-70.235,2
790.3,-64.379,2
791,-20.808,2
791,-19.116,1
791,-19.741,1
791,-34.145,2
791.7,-20.716,2
791.7,-19.492,1
791.7,-11.471,1
792.4,-20.568,2
792.4,-19.594,1
793.1,-20.897,2
793.1,-19.515,1
793.1,-46.091,2
793.8,4.2753,1
793.8,-20.972,2
793.8,-19.515,1
794.5,34.578,1
795.2,3.7327,1
795.2,-19.349,1
795.2,-20.915,2
795.9,28.955,1
795.9,-21.15,2
795.9,-19.472,1
796.6,22.716,1
796.6,-20.841,2
796.6,-19.468,1
797.3,-19.436,1
797.3,-21.278,2
797.3,-20.06,1
797.3,-57.93,2
798,-19.427,1
798,-37.513,2
798,-43.94,2
798.7,-19.504,1
798.7,-21.093,2
798.7,-66.588,2
799.4,-19.305,1
799.4,-20.989,2
799.4,-8.0902,1
799.4,-39.214,2
800.1,-19.383,1
800.1,-38.495,2
800.8,-19.473,1
800.8,-20.462,2
801.5,38.014,1
801.5,-21.2,2
801.5,-20.647,2
801.5,-19.447,1
802.2,-20.882,2
802.2,-19.32,1
802.9,-19.46,1
802.9,-20.832,2
802.9,-15.633,1
803.6,-20.648,2
803.6,-42.567,2
803.6,-53.567,2
803.6,-62.252,2
804.3,-22.216,2
804.3,-19.476,1
805,-19.716,1
805,-20.721,2
805.7,-19.562,1
805.7,-35.852,2
806.4,27.721,1
806.4,-20.875,2
806.4,-19.392,1
806.4,-39.587,2
807.1,29.368,1
807.1,-19.414,1
807.1,-20.433,2
807.8,30.96,1
807.8,-21.179,2
807.8,-19.401,1
807.8,-20.338,2
807.8,-53.357,2
808.5,29.828,1
808.5,-19.354,1
808.5,-20.638,2
808.5,-57.532,2
809.2,-21.439,2
809.2,-19.368,1
809.9,15.277,1
809.9,-19.398,1
809.9,-21.524,2
809.9,-20.874,2
810.6,24.255,1
810.6,3.7102,1
810.6,-20.274,2
810.6,-19.427,1
811.3,1.839,1
811.3,-20.882,2
811.3,-19.428,1
811.3,-61.869,2
812,-19.345,1
812.7,32.079,1
812.7,-19.401,1
812.7,-21.333,2
813.4,-20.753,2
813.4,-19.595,1
813.4,-21.538,2
814.1,39.161,1
814.1,-21.087,2
814.1,-19.262,1
814.1,-19.781,1
814.8,-21.44,2
814.8,-14.413,1
814.8,-19.507,1
814.8,-75.413,2
815.5,-19.479,1
816.2,14.907,1
816.2,-19.349,1
816.2,-74.231,2
816.9,-20.734,2
816.9,-23.064,2
816.9,-66.19,2
817.6,-26.407,2
817.6,-20.779,2
817.6,-19.458,1
817.6,-22.902,2
818.3,3.0265,1
818.3,-19.463,1
818.3,-20.291,2
818.3,-21.569,2
819,-19.601,1
819.7,-19.404,1
819.7,-13.528,1
819.7,-46.369,2
820.4,-19.36,1
820.4,-20.526,2
821.1,39.506,1
821.1,-19.505,1
821.1,-21.467,2
821.8,-21.204,2
821.8,-19.521,1
822.5,-19.446,1
823.2,-19.587,1
823.2,-49.601,2
823.9,-3.0336,1
823.9,-21.326,2
823.9,-19.312,1
823.9,-66.239,2
824.6,-19.433,1
824.6,-10.924,1
825.3,-21.302,2
825.3,-16.649,1
826,29.776,1
826,-19.36,1
826,-58.845,2
826.7,10.956,1
826.7,-19.504,1
826.7,-21.396,2
826.7,-8.7616,1
827.4,-19.342,1
828.1,-19.625,1
828.1,-37.409,2
828.8,-21.475,2
828.8,-19.557,1
828.8,-54.086,2
829.5,1.3595,1
829.5,-19.39,1
829.5,-21.243,2
830.2,29.574,1
830.2,-19.436,1
830.2,-21.296,2
830.2,-20.489,2
830.2,-54.895,2
830.9,-19.482,1
830.9,-21.26,2
831.6,-19.521,1
831.6,-12.24,1
832.3,-19.444,1
832.3,-21.438,2
833,-21.303,2
833,-19.493,1
833,-40.583,2
833,-79.127,2
833.7,-19.393,1
834.4,-24.259,2
834.4,-19.464,1
834.4,-21.498,2
835.1,-19.309,1
835.1,-21.371,2
835.8,18.909,1
835.8,-21.362,2
835.8,-20.101,2
835.8,-19.465,1
836.5,-19.454,1
836.5,-21.555,2
836.5,-72.843,2
837.2,-21.428,2
837.2,-19.379,1
837.9,-19.372,1
837.9,-21.187,2
837.9,-44.685,2
837.9,-62.199,2
837.9,-54.138,2
838.6,-19.523,1
838.6,-20.139,2
838.6,-21.407,2
839.3,-19.512,1
839.3,-21.838,2
839.3,-40.594,2
839.3,-53.139,2
839.3,-77.818,2
840,-19.516,1
840,-21.803,2
840,-21.203,2
840.7,-19.464,1
840.7,-21.134,2
840.7,-60.789,2
841.4,-21.35,2
841.4,-19.406,1
842.1,-19.42,1
842.8,7.6066,1
842.8,-19.36,1
842.8,-20.793,2
842.8,-21.634,2
842.8,-77.701,2
843.5,-19.336,1
843.5,-21.403,2
844.2,-21.401,2
844.2,-19.527,1
844.9,-19.412,1
844.9,-13.218,1
844.9,-20.548,2
844.9,-70.25,2
845.6,-19.321,1
845.6,-21.022,2
845.6,-70.398,2
845.6,-55.072,2
846.3,-19.477,1
846.3,-21.291,2
847,8.3231,1
847,-19.327,1
847.7,13.367,1
847.7,-21.637,2
847.7,-19.407,1
847.7,-70.32,2
848.4,-19.249,1
849.1,-19.408,1
849.1,-21.314,2
849.8,19.785,1
849.8,-21.414,2
849.8,-20.699,2
849.8,-19.375,1
850.5,-24.31,2
850.5,-19.789,1
850.5,-16.853,1
850.5,-47.831,2
851.2,13.963,1
851.2,-19.503,1
851.9,-19.242,1
852.6,-21.193,2
852.6,-19.634,1
852.6,-11.721,1
852.6,-30.496,2
853.3,-21.107,2
853.3,-19.379,1
854,-19.253,1
854,-21.347,2
854.7,-21.419,2
854.7,-19.44,1
855.4,-19.435,1
855.4,-21.134,2
856.1,34.908,1
856.1,-19.46,1
856.1,-21.19,2
856.1,-16.951,1
856.1,-20.621,2
856.1,-79.242,2
856.8,-7.571,1
856.8,-21.37,2
856.8,-22.341,2
856.8,-19.277,1
857.5,2.4715,1
857.5,-2.5416,1
857.5,-21.721,2
857.5,-19.694,1
858.2,-21.159,2
858.2,-19.553,1
858.9,-21.15,2
858.9,-19.397,1
859.6,13.94,1
859.6,-21.138,2
859.6,-19.516,1
859.6,-36.724,2
860.3,-19.535,1
860.3,-20.11,2
860.3,-21.115,2
861,-21.158,2
861,-19.504,1
861,-43.042,2
861.7,-19.413,1
861.7,-21.274,2
862.4,-21.129,2
862.4,-19.636,1
863.1,33.846,1
863.1,-21.089,2
863.1,-19.527,1
863.1,-6.715,1
863.8,22.953,1
863.8,-21.204,2
863.8,-19.503,1
863.8,-42.286,2
864.5,-19.422,1
865.2,-21.102,2
865.2,-19.642,1
865.2,-16.883,1
865.9,-21.195,2
865.9,-19.445,1
866.6,29.189,1
866.6,-19.503,1
866.6,-21.134,2
867.3,-19.638,1
867.3,-21.228,2
868,-19.65,1
868,-13.087,1
868,-21.109,2
868,-60.003,2
868.7,-20.994,2
868.7,-19.571,1
868.7,-47.509,2
869.4,-2.4606,1
869.4,-1.6147,1
869.4,-0.23167,1
869.4,-19.475,1
870.1,-20.859,2
870.1,-19.457,1
870.8,-19.359,1
870.8,-9.2996,1
870.8,-30.262,2
871.5,29.515,1
871.5,-19.594,1
871.5,-21.129,2
872.2,-21.278,2
872.2,-20.322,2
872.2,-52.984,2
872.9,16.756,1
872.9,-19.385,1
872.9,-21.052,2
873.6,-19.511,1
873.6,-17.117,1
874.3,-19.704,1
874.3,-21.008,2
875,-21.025,2
875,-20.454,2
875,-19.801,1
875.7,-19.472,1
875.7,-20.998,2
875.7,-57.66,2
876.4,-13.904,1
876.4,-19.531,1
876.4,-20.947,2
877.1,-20.971,2
877.1,-19.643,1
877.8,-3.919,1
877.8,-21.016,2
877.8,-19.444,1
878.5,-19.426,1
878.5,-21.221,2
878.5,-47.745,2
879.2,40.382,1
879.2,-62.363,2
879.9,-19.412,1
879.9,-21.016,2
879.9,-24.079,2
880.6,-21.173,2
880.6,-62.648,2
881.3,-21.333,2
881.3,-19.378,1
882,-19.663,1
882,-21.324,2
882,-39.969,2
882.7,7.9311,1
882.7,-19.555,1
882.7,-21.146,2
883.4,-19.667,1
883.4,-21.08,2
884.1,22.518,1
884.1,-19.597,1
884.1,-20.998,2
884.1,-69.478,2
884.8,-21.012,2
884.8,-19.401,1
885.5,-19.44,1
886.2,-21.056,2
886.2,-19.359,1
886.2,-50.475,2
886.9,-21.026,2
886.9,-19.368,1
886.9,-15.803,1
887.6,5.5006,1
887.6,-22.773,2
887.6,-21.136,2
888.3,-19.449,1
888.3,-64.531,2
889,1.4691,1
889,-19.414,1
889,-21.12,2
889,-20.589,2
889.7,-21.23,2
889.7,-19.308,1
889.7,-20.213,2
890.4,-19.441,1
890.4,-17.912,1
890.4,-10.608,1
890.4,-21.17,2
891.1,-19.389,1
891.1,-20.999,2
891.1,-21.538,2
891.8,6.8874,1
891.8,-19.466,1
891.8,-21.17,2
891.8,-20.377,2
892.5,33.313,1
892.5,34.301,1
892.5,-19.491,1
892.5,-21.186,2
893.2,4.0296,1
893.2,-19.673,1
893.9,-19.384,1
893.9,-21.216,2
893.9,-20.262,2
893.9,-36.687,2
893.9,-29.341,2
894.6,31.949,1
894.6,22.609,1
894.6,-21.184,2
894.6,-19.275,1
895.3,-19.382,1
895.3,-21.309,2
896,32.712,1
896,38.54,1
896,2.3875,1
896,14.171,1
896,-19.312,1
896,-37.478,2
896,-61.069,2
896.7,-19.4,1
896.7,-21.284,2
896.7,-5.8061,1
897.4,12.103,1
897.4,-19.317,1
897.4,-5.2022,1
897.4,-21.18,2
897.4,-37.977,2
898.1,-19.327,1
898.1,-20.5,2
899.5,-19.513,1
899.5,-52.939,2
900.2,-19.385,1
900.2,-21.089,2
900.2,-32.383,2
900.9,-19.671,1
900.9,-20.497,2
900.9,-21.577,2
900.9,-26.618,2
900.9,-35.134,2
900.9,-41.478,2
901.6,9.1016,1
901.6,-19.413,1
902.3,-21.199,2
902.3,-19.476,1
902.3,-37.016,2
902.3,-41.647,2
902.3,-78.624,2
903,-3.3521,1
903,-19.574,1
903.7,-21.27,2
903.7,-19.489,1
904.4,-21.198,2
904.4,-19.469,1
905.1,-19.455,1
905.1,-21.479,2
905.8,22.814,1
905.8,-19.416,1
905.8,-21.365,2
905.8,-13.238,1
905.8,-69.571,2
906.5,-19.445,1
906.5,-21.545,2
906.5,-13.723,1
907.2,-21.304,2
907.2,-19.556,1
907.2,-9.4146,1
907.9,-19.583,1
907.9,-17.721,1
907.9,-26.274,2
908.6,-15.58,1
908.6,-19.452,1
908.6,-44.63,2
908.6,-54.483,2
909.3,11.834,1
909.3,0.88136,1
909.3,-21.391,2
909.3,-19.512,1
909.3,-26.851,2
910,10.885,1
910,-21.162,2
910,-19.671,1
910,-9.8279,1
910.7,-19.483,1
910.7,-21.407,2
911.4,-2.2827,1
911.4,-19.566,1
911.4,-21.311,2
912.1,-19.429,1
912.8,39.733,1
912.8,20.303,1
912.8,-19.407,1
912.8,-21.274,2
912.8,-68.645,2
913.5,-19.61,1
913.5,-21.28,2
913.5,-72.407,2
914.2,-21.261,2
914.2,-19.492,1
914.9,-19.385,1
914.9,-7.8037,1
915.6,-21.172,2
915.6,-20.049,2
915.6,-19.435,1
916.3,-19.456,1
917,-19.373,1
917,-67.339,2
917.7,-19.428,1
917.7,-21.032,2
918.4,32.433,1
918.4,20.486,1
918.4,-21.221,2
918.4,-19.325,1
918.4,-10.829,1
919.1,-19.461,1
919.1,-15.281,1
919.8,38.399,1
919.8,-19.572,1
919.8,-25.639,2
919.8,-21.15,2
920.5,-19.446,1
921.2,-19.516,1
921.2,-21.086,2
921.9,-19.69,1
921.9,-21.367,2
922.6,-19.583,1
922.6,-21.354,2
922.6,-40.536,2
922.6,-70.806,2
923.3,-21.214,2
923.3,-19.435,1
924,19.834,1
924,26.199,1
924,-21.639,2
924,-19.4,1
924,-49.128,2
924.7,-19.39,1
924.7,-20.765,2
924.7,-67.154,2
925.4,-20.332,2
925.4,-19.502,1
926.1,27.761,1
926.1,0.58748,1
926.1,-19.397,1
926.1,-21.172,2
926.1,-41.016,2
926.8,-19.328,1
926.8,-19.979,1
926.8,-21.371,2
927.5,38.876,1
927.5,17.296,1
927.5,-19.365,1
927.5,-41.857,2
928.2,-21.339,2
928.2,-19.581,1
928.2,-42.923,2
928.9,-19.44,1
928.9,-18.217,1
928.9,-9.0737,1
928.9,-4.1814,1
929.6,30.987,1
929.6,27.685,1
929.6,-21.528,2
929.6,-19.377,1
929.6,-20.982,2
930.3,-19.368,1
930.3,-21.21,2
930.3,-22.117,2
931,-21.075,2
931,-14.481,1
931,-19.286,1
931,-56.317,2
931.7,-20.801,2
931.7,-19.403,1
932.4,5.9136,1
932.4,-19.459,1
932.4,-21.058,2
932.4,-20.554,2
933.1,16.612,1
933.1,-20.888,2
933.1,-19.542,1
933.8,6.3564,1
933.8,-19.498,1
933.8,-21.339,2
934.5,-19.539,1
934.5,-21.295,2
935.9,38.428,1
935.9,-19.526,1
935.9,-58.426,2
936.6,11.261,1
936.6,-20.954,2
936.6,-21.513,2
936.6,-19.395,1
936.6,-20.197,2
936.6,-44.746,2
937.3,2.2089,1
937.3,-22.627,2
937.3,-19.625,1
937.3,-59.628,2
938,-23.374,2
938,-21.057,2
938,-19.295,1
938,-68.966,2
938.7,-21.236,2
938.7,-19.468,1
939.4,-19.416,1
939.4,-20.597,2
940.1,40.198,1
940.1,-3.8935,1
940.1,-19.534,1
940.8,-19.561,1
940.8,-64.61,2
941.5,-21.201,2
941.5,-19.434,1
942.2,-21.442,2
942.2,-19.397,1
942.2,-47.129,2
942.9,-19.384,1
942.9,-21.221,2
942.9,-24.372,2
943.6,20.168,1
943.6,-19.517,1
943.6,-21.23,2
944.3,36.066,1
944.3,-21.316,2
944.3,-22,2
944.3,-19.395,1
945,-19.397,1
945,-21.112,2
945,-36.867,2
945.7,-2.1549,1
945.7,-20.461,2
945.7,-19.562,1
945.7,-16.289,1
945.7,-21.056,2
945.7,-76.625,2
946.4,24.201,1
946.4,-19.487,1
946.4,-20.879,2
947.1,-19.422,1
947.1,-20.942,2
947.8,-19.531,1
947.8,-20.621,2
947.8,-21.309,2
948.5,1.2478,1
948.5,14.231,1
948.5,-19.44,1
949.2,-19.606,1
949.2,-21.19,2
949.9,31.144,1
949.9,-19.472,1
949.9,-20.521,2
949.9,-53.95,2
950.6,-19.525,1
950.6,-20.503,2
950.6,-21.385,2
951.3,-21.438,2
951.3,-19.627,1
951.3,-36.12,2
952,-19.788,1
952,-21.399,2
952,-25.537,2
952.7,-21.333,2
952.7,-19.453,1
953.4,38.72,1
953.4,-19.462,1
953.4,-20.614,2
954.1,-2.0682,1
954.1,-21.172,2
954.1,-19.576,1
954.1,-71.123,2
954.8,-19.513,1
954.8,-20.788,2
954.8,-52.029,2
955.5,-19.448,1
955.5,-21.404,2
955.5,-66.352,2
956.2,18.947,1
956.2,-19.571,1
956.9,19.332,1
956.9,-20.94,2
956.9,-19.489,1
956.9,-4.5655,1
957.6,-19.492,1
957.6,-20.731,2
958.3,10.931,1
958.3,-19.506,1
959,20.582,1
959,-20.565,2
959,-19.412,1
959,-21.467,2
959,-69.455,2
959.7,-19.4,1
960.4,-19.554,1
960.4,-20.714,2
961.1,-19.579,1
961.1,-11.741,1
961.1,-20.614,2
961.8,-19.429,1
961.8,-42.819,2
962.5,19.069,1
962.5,-20.8,2
962.5,-12.192,1
962.5,-62.886,2
963.2,-19.352,1
963.2,-23.064,2
963.2,-63.443,2
963.9,-21.283,2
963.9,-20.554,2
964.6,-20.164,2
964.6,-19.492,1
964.6,-21.263,2
965.3,-19.414,1
965.3,-21.78,2
965.3,-46.138,2
965.3,-53.067,2
966,-19.479,1
966,-21.677,2
966.7,-19.627,1
966.7,-21.418,2
968.1,33.155,1
968.1,0.4087,1
968.1,-19.411,1
968.1,-59.093,2
968.8,-21.543,2
968.8,-19.367,1
969.5,-19.448,1
970.2,-20.915,2
970.2,-19.61,1
970.9,30.556,1
970.9,-19.293,1
970.9,-21.37,2
971.6,-19.321,1
971.6,-13.533,1
971.6,-21.392,2
971.6,-41.432,2
972.3,-19.152,1
973,-19.366,1
973,-21.693,2
973,-37.889,2
973.7,-19.422,1
973.7,-21.729,2
973.7,-62.314,2
974.4,-19.544,1
974.4,-21.751,2
974.4,-21.195,2
975.1,-19.433,1
975.1,-20.987,2
975.8,-19.409,1
975.8,-21.671,2
975.8,-20.614,2
976.5,-19.448,1
976.5,-20.229,2
976.5,-22.035,2
977.2,35.331,1
977.2,-20.988,2
977.2,-21.771,2
977.2,-19.432,1
977.2,-52.51,2
977.9,-20.611,2
977.9,-19.286,1
978.6,-21.332,2
978.6,-19.396,1
978.6,-65.808,2
979.3,-25.089,2
979.3,-20.685,2
980,-4.055,1
980.7,-20.745,2
980.7,-34.022,2
981.4,-19.417,1
982.1,-20.545,2
982.1,-19.476,1
982.1,-7.4905,1
982.8,0.31166,1
982.8,-21.947,2
982.8,-19.338,1
983.5,29.799,1
983.5,-21.613,2
983.5,-19.341,1
983.5,-20.379,2
984.2,-19.28,1
984.2,-20.579,2
984.2,-23.049,2
984.2,-21.407,2
984.9,-19.537,1
984.9,-22.518,2
984.9,-21.609,2
985.6,-19.446,1
986.3,-18.5,1
986.3,-19.617,1
986.3,-21.509,2
987,5.0027,1
987,-20.51,2
987,-19.373,1
987,-72.586,2
987.7,27.923,1
987.7,-19.472,1
987.7,-20.92,2
987.7,-60.219,2
987.7,-62.113,2
988.4,-21.531,2
988.4,-60.026,2
989.1,-21.613,2
989.1,-19.431,1
989.8,-20.362,2
989.8,-21.556,2
989.8,-19.294,1
990.5,-19.418,1
991.2,18.284,1
991.2,-19.443,1
991.9,20.585,1
991.9,-19.468,1
991.9,-21.367,2
991.9,-9.5693,1
991.9,-5.4258,1
992.6,-19.494,1
993.3,35.109,1
993.3,-19.399,1
994,36.799,1
994,-19.452,1
994.7,-21.212,2
994.7,-5.9984,1
994.7,-19.316,1
995.4,-19.52,1
996.1,-21.399,2
996.1,-19.4,1
996.1,-55.72,2
996.1,-78.244,2
996.8,12.17,1
996.8,-19.34,1
996.8,-21.669,2
996.8,-26.307,2
996.8,-37.418,2
997.5,11.249,1
997.5,-19.396,1
997.5,-20.479,2
997.5,-21.64,2
997.5,-21.045,2
998.2,28.499,1
998.2,26.137,1
998.2,-19.491,1
998.2,-27.447,2
998.2,-57.099,2
998.9,-19.414,1
998.9,-67.753,2
998.9,-70.486,2
999.6,-21.446,2
999.6,-19.391,1
999.6,-38.588,2
1000.3,-19.482,1
1001,-21.529,2
1001,-19.479,1
1001,-20.325,2
1001,-34.729,2
1001.7,28.131,1
1001.7,-19.435,1
1001.7,-13.313,1
1002.4,-19.494,1
1002.4,-21.188,2
1002.4,-57.925,2
1003.1,-19.522,1
1003.1,-21.484,2
1003.1,-55.371,2
1003.1,-67.67,2
1003.8,-19.317,1
1004.5,-19.449,1
1005.2,-19.454,1
1005.2,-21.352,2
1005.2,-52.065,2
1005.9,-21.549,2
1005.9,-19.575,1
1005.9,-40.777,2
1006.6,-0.65467,1
1006.6,-9.6694,1
1006.6,-19.349,1
1007.3,-19.534,1
1007.3,-75.659,2
1008,-19.374,1
1008.7,-21.627,2
1008.7,-20.709,2
1008.7,-19.403,1
1008.7,-9.0593,1
1009.4,-19.383,1
1009.4,-21.483,2
1009.4,-62.317,2
1010.1,-19.486,1
1010.1,-21.407,2
1010.8,-19.414,1
1010.8,-21.221,2
1011.5,-19.358,1
1011.5,-23.167,2
1011.5,-8.5065,1
1011.5,-21.444,2
1011.5,-32.414,2
1011.5,-77.863,2
1012.2,-21.068,2
1012.2,-19.458,1
1012.2,-9.6265,1
1012.2,-66.604,2
1012.9,-19.522,1
1013.6,-19.38,1
1013.6,-21.036,2
1014.3,6.4621,1
1014.3,-19.448,1
1014.3,-71.928,2
1015,-19.368,1
1015,-21.336,2
1015,-20.716,2
1015.7,1.0714,1
1015.7,-21.487,2
1015.7,-19.456,1
1016.4,-19.502,1
1016.4,-21.368,2
1017.1,-19.401,1
1017.1,-21.641,2
1017.8,-2.299,1
1017.8,-19.409,1
1018.5,2.7064,1
1018.5,-19.435,1
1019.2,-19.466,1
1019.2,-21.379,2
1019.9,-21.58,2
1019.9,-19.314,1
1020.6,-19.358,1
1020.6,-21.581,2
1020.6,-63.159,2
1021.3,-19.474,1
1022,-21.598,2
1022.7,34.871,1
1022.7,-19.45,1
1022.7,-63.822,2
1023.4,29.751,1
1023.4,-21.439,2
1023.4,-19.441,1
1024.1,-20.535,2
1024.8,-21.314,2
1024.8,-19.479,1
1025.5,19.592,1
1025.5,-19.475,1
1025.5,-21.542,2
1026.2,-19.488,1
1026.2,-27.353,2
1026.2,-21.428,2
1026.9,-19.468,1
1026.9,-21.115,2
1027.6,-19.481,1
1027.6,-21.257,2
1027.6,-72.115,2
1028.3,-19.452,1
1028.3,-21.776,2
1029,-0.89937,1
1029,-19.613,1
1029,-74.124,2
1029.7,-19.335,1
1029.7,-21.665,2
1029.7,-20.286,2
1029.7,-60.193,2
1030.4,-19.481,1
1030.4,-21.278,2
1031.1,32.751,1
1031.1,-20.693,2
1031.8,-19.434,1
1031.8,-21.837,2
1031.8,-7.2702,1
1032.5,-20.201,2
1032.5,-19.481,1
1033.2,-19.687,1
1033.2,-14.188,1
1033.9,-21.58,2
1033.9,-19.379,1
1034.6,-19.569,1
1035.3,23.708,1
1035.3,-15.844,1
1035.3,-19.443,1
1035.3,-16.568,1
1035.3,-21.804,2
1035.3,-20.189,2
1036,13.416,1
1036,-21.82,2
1036,-24.091,2
1036,-19.504,1
1036.7,-19.523,1
1036.7,-21.595,2
1036.7,-5.5625,1
1036.7,-29.813,2
1037.4,-19.408,1
1037.4,-21.963,2
1038.1,-20.633,2
1038.1,-19.419,1
1038.8,-21.565,2
1038.8,-19.48,1
1039.5,-21.748,2
1039.5,-19.455,1
1040.2,5.4266,1
1040.2,-19.403,1
1040.2,-20.648,2
1040.2,-23.694,2
1040.9,-20.706,2
1040.9,-19.509,1
1040.9,-61.503,2
1041.6,-19.374,1
1042.3,22.073,1
1042.3,-19.5,1
1042.3,-21.714,2
1042.3,-20.818,2
1042.3,-74.447,2
1043,18.611,1
1043,-20.562,2
1043,-19.321,1
1043,-21.599,2
1043.7,-20.81,2
1043.7,-19.442,1
1043.7,-74.809,2
1043.7,-67.864,2
1044.4,-19.434,1
1044.4,-21.87,2
1044.4,-37.055,2
1045.1,-21.608,2
1045.1,-19.383,1
1045.1,-53.818,2
1045.8,31.331,1
1045.8,-21.711,2
1045.8,-19.328,1
1046.5,18.863,1
1046.5,-19.368,1
1046.5,-5.1348,1
1046.5,-21.017,2
1046.5,-74.307,2
1047.2,-19.446,1
1047.9,8.0383,1
1047.9,-19.326,1
1047.9,-21.796,2
1048.6,-21.618,2
1048.6,-19.435,1
1049.3,-0.66499,1
1049.3,-19.363,1
1049.3,-19.903,1
1049.3,-56.1,2
1049.3,-75.391,2
1050,26.88,1
1050,-19.356,1
1050,-36.417,2
1050,-53.215,2
1050.7,-23.47,2
1050.7,-19.506,1
1050.7,-20.666,2
1051.4,-19.482,1
1051.4,-20.429,2
1051.4,-21.558,2
1052.1,-19.351,1
1052.1,-26.108,2
1052.1,-4.7742,1
1052.8,-21.498,2
1052.8,-19.503,1
1053.5,-19.39,1
1053.5,-21.933,2
1054.2,-19.316,1
1054.2,-61.272,2
1054.9,-19.414,1
1054.9,-20.836,2
1054.9,-22.313,2
1055.6,-21.703,2
1055.6,-19.702,1
1055.6,-27.689,2
1056.3,-19.505,1
1056.3,-21.891,2
1057,-19.457,1
1057,-11.899,1
1057,-10.142,1
1057.7,-19.4,1
1057.7,-21.427,2
1058.4,-20.625,2
1058.4,-22.44,2
1058.4,-19.497,1
1058.4,-20.116,2
1058.4,-33.549,2
1059.1,9.6429,1
1059.1,-19.243,1
1059.1,-7.7833,1
1059.1,-21.828,2
1059.1,-70.064,2
1059.1,-67.853,2
1059.8,-21.693,2
1059.8,-19.443,1
1059.8,-49.73,2
1060.5,-19.416,1
1060.5,-20.656,2
1061.2,-7.4138,1
1061.2,-19.619,1
1061.2,-21.67,2
1061.2,-61.296,2
1061.9,-19.461,1
1061.9,-21.865,2
1062.6,-19.5,1
1062.6,-21.79,2
1062.6,-62.851,2
1063.3,-21.455,2
1063.3,-19.512,1
1064,-20.729,2
1064,-19.397,1
1064.7,-19.476,1
1064.7,-72.919,2
1065.4,-0.73331,1
1066.1,-13.406,1
1066.1,-19.383,1
1066.1,-34.305,2
1066.1,-76.722,2
1066.8,28.053,1
1066.8,16.534,1
1066.8,-19.461,1
1066.8,-27.226,2
1067.5,7.8109,1
1067.5,3.466,1
1067.5,-10.403,1
1067.5,-19.433,1
1067.5,-20.592,2
1067.5,-9.3443,1
1067.5,-38.776,2
1068.2,21.637,1
1068.2,-19.356,1
1068.2,-23.984,2
1068.2,-20.555,2
1068.9,23.322,1
1068.9,30.577,1
1068.9,-21.403,2
1068.9,-19.503,1
1068.9,-21.975,2
1068.9,-20.778,2
1069.6,14.382,1
1069.6,0.81244,1
1069.6,-19.482,1
1069.6,-20.644,2
1070.3,11.487,1
1070.3,-19.272,1
1070.3,-10.773,1
1070.3,-50.563,2
1071,-19.498,1
1071,-20.666,2
1071,-38.467,2
1071,-30.653,2
1071.7,-19.586,1
1071.7,-20.81,2
1071.7,-73.709,2
1072.4,-19.455,1
1072.4,-21.297,2
1073.1,36.076,1
1073.1,-19.467,1
1073.8,30.486,1
1073.8,25.029,1
1073.8,-19.581,1
1073.8,-10.364,1
1073.8,-28.907,2
1073.8,-31.14,2
1074.5,-19.486,1
1074.5,-21.442,2
1075.2,-19.478,1
1075.2,-20.982,2
1075.2,-44.592,2
1075.2,-64.087,2
1075.9,-19.347,1
1075.9,-22.081,2
1075.9,-60.853,2
1076.6,-3.6334,1
1076.6,-19.454,1
1076.6,-21.874,2
1077.3,-19.313,1
1078,7.7826,1
1078,-19.411,1
1078,-20.953,2
1078,-21.587,2
1078.7,-19.387,1
1078.7,-22.036,2
1079.4,-19.445,1
1079.4,-22.219,2
1079.4,-18.654,1
1080.1,-19.403,1
1080.8,24.438,1
1080.8,34.039,1
1080.8,-19.362,1
1080.8,-22.139,2
1080.8,-70.083,2
1081.5,-19.437,1
1081.5,-27.068,2
1081.5,-5.8665,1
1082.2,-19.462,1
1082.2,-22.181,2
1082.2,-26.552,2
1082.9,-19.374,1
1082.9,-20.517,2
1082.9,-22.075,2
1083.6,-19.432,1
1083.6,-22.663,2
1083.6,-22.146,2
1084.3,-23.11,2
1084.3,-21.929,2
1084.3,-19.404,1
1085,7.249,1
1085,-19.392,1
1085,-53.905,2
1085.7,-22.027,2
1085.7,-19.365,1
1086.4,-19.438,1
1086.4,-22.162,2
1086.4,-46.967,2
1086.4,-61.976,2
1087.1,-19.537,1
1087.1,-14.493,1
1087.8,-19.523,1
1087.8,-21.964,2
1088.5,-19.401,1
1088.5,-22.113,2
1088.5,-77.384,2
1089.2,-19.462,1
1089.2,-22.203,2
1089.2,-77.459,2
1089.9,6.3747,1
1089.9,-19.564,1
1089.9,-8.5451,1
1089.9,-29.946,2
1089.9,-53.111,2
1090.6,-19.434,1
1091.3,38.872,1
1091.3,-19.359,1
1091.3,-22.215,2
1092,-19.474,1
1092,-22.452,2
1092.7,-22.907,2
1092.7,-19.32,1
1092.7,-22.211,2
1092.7,-52.328,2
1094.1,18.663,1
1094.1,-19.334,1
1094.1,-22.479,2
1094.8,-22.216,2
1094.8,-19.318,1
1094.8,-30.416,2
1095.5,-22.199,2
1095.5,-19.585,1
1096.2,12.391,1
1096.2,-19.431,1
1096.2,-24.276,2
1096.2,-22.187,2
1096.9,17.888,1
1096.9,-19.373,1
1096.9,-22.097,2
1097.6,-4.5101,1
1097.6,-22.234,2
1097.6,-19.398,1
1097.6,-16.084,1
1098.3,-19.384,1
1099,-22.255,2
1099,-19.607,1
1099,-20.714,2
1099.7,21.708,1
1099.7,37.042,1
1099.7,-19.377,1
1100.4,33.565,1
1100.4,-23.21,2
1100.4,-20.649,2
1100.4,-19.469,1
1100.4,-28.782,2
1101.1,-19.5,1
1101.1,-51.578,2
1101.8,33.556,1
1101.8,-19.475,1
1102.5,-19.383,1
1102.5,-20.56,2
1102.5,-38.054,2
1103.2,-19.427,1
1103.2,-24.824,2
1103.2,-32.85,2
1103.2,-71.595,2
1103.9,21.908,1
1103.9,-24.081,2
1103.9,-19.458,1
1103.9,-21.532,2
1103.9,-36.888,2
1103.9,-32.84,2
1104.6,6.1556,1
1104.6,-19.549,1
1104.6,-23.851,2
1104.6,-21.314,2
1105.3,19.508,1
1105.3,-19.872,1
1105.3,-20.618,2
1105.3,-43.093,2
1106,-22.567,2
1106,-19.417,1
1106,-32.532,2
1106.7,-19.522,1
1106.7,-22.302,2
1106.7,-21.675,2
1106.7,-62.622,2
1107.4,-22.216,2
1107.4,-19.435,1
1108.1,-19.59,1
1108.1,-21.914,2
1108.1,-20.482,2
1108.1,-39.417,2
1108.8,-22.541,2
1108.8,-19.555,1
1108.8,-20.603,2
1108.8,-23.485,2
1109.5,-21.141,2
1109.5,-19.561,1
1109.5,-46.646,2
1110.2,32.801,1
1110.2,26.65,1
1110.2,-21.476,2
1110.2,-19.411,1
1110.2,-20.629,2
1110.2,-33.823,2
1110.2,-58.714,2
1110.9,6.6444,1
1110.9,-19.437,1
1110.9,-22.88,2
1110.9,-20.199,2
1110.9,-58.902,2
1111.6,-20.893,2
1111.6,-19.402,1
1111.6,-22.375,2
1112.3,-19.501,1
1112.3,-22.42,2
1113,-19.395,1
1113,-22.031,2
1113.7,-19.408,1
1114.4,-19.535,1
1114.4,-20.895,2
1114.4,-22.254,2
1114.4,-25.674,2
1114.4,-4.5404,1
1114.4,-22.779,2
1114.4,-77.216,2
1115.1,-19.454,1
1115.1,-25.923,2
1115.1,-22.238,2
1115.1,-21.108,2
1115.8,11.521,1
1115.8,-19.358,1
1115.8,-22.046,2
1116.5,-19.456,1
1116.5,-22.226,2
1116.5,-22.806,2
1117.2,-19.52,1
1117.2,-22.145,2
1117.9,38.559,1
1117.9,18.722,1
1117.9,-19.46,1
1117.9,-25.878,2
1118.6,38.469,1
1118.6,-19.376,1
1119.3,-19.412,1
1119.3,-22.692,2
1120,-22.271,2
1120,-19.339,1
1120,-22.93,2
1120,-33.295,2
1120.7,15.406,1
1120.7,-19.465,1
1121.4,-22.413,2
1121.4,-19.447,1
1122.1,10.087,1
1122.1,-19.52,1
1122.1,-22.126,2
1122.1,-67.122,2
1122.8,-22.288,2
1122.8,-19.422,1
1122.8,-37.437,2
1123.5,-22.214,2
1123.5,-19.349,1
1123.5,-30.148,2
1124.2,37.763,1
1124.2,-19.422,1
1124.2,-22.663,2
1124.9,-19.576,1
1124.9,-47.79,2
1124.9,-36.369,2
1125.6,25.262,1
1125.6,-22.126,2
1125.6,-19.286,1
1126.3,38.624,1
1126.3,-19.422,1
1126.3,-20.895,2
1126.3,-20.083,2
1127,-19.471,1
1127,-56.706,2
1127.7,-22.002,2
1127.7,-19.344,1
1128.4,-19.372,1
1129.1,-19.349,1
1129.1,-22.682,2
1129.8,33.801,1
1129.8,-21.972,2
1129.8,-40.343,2
1130.5,-19.423,1
1130.5,-21.193,2
1130.5,-56.162,2
1131.2,-19.393,1
1131.2,-51.55,2
1131.9,-21.587,2
1131.9,-19.591,1
1131.9,-44.948,2
1132.6,-19.423,1
1133.3,-19.284,1
1133.3,-21.84,2
1134,-20.133,2
1134,-19.396,1
1134.7,-19.411,1
1134.7,-21.649,2
1134.7,-22.158,2
1135.4,-21.85,2
1135.4,-19.404,1
1135.4,-35.817,2
1136.1,-19.525,1
1136.8,-21.885,2
1136.8,-19.793,1
1137.5,-19.567,1
1137.5,-57.16,2
1138.2,34.014,1
1138.2,-19.473,1
1138.2,-51.795,2
1138.9,36.596,1
1138.9,-19.509,1
1138.9,-67.649,2
1139.6,-19.41,1
1139.6,-3.8763,1
1140.3,-21.351,2
1140.3,-19.533,1
1141,-19.481,1
1141,-24.675,2
1141.7,-20.434,2
1141.7,-19.547,1
1141.7,-64.551,2
1142.4,32.168,1
1142.4,26.004,1
1142.4,1.8726,1
1142.4,-19.448,1
1142.4,-21.105,2
1143.1,-19.413,1
1143.1,-41.231,2
1143.8,-19.331,1
1143.8,-35.764,2
1144.5,-20.867,2
1144.5,-19.832,1
1145.2,-0.35114,1
1145.2,-19.419,1
1145.9,-3.6181,1
1145.9,-19.397,1
1145.9,-46.258,2
1146.6,-19.476,1
1147.3,-19.567,1
1148,38.275,1
1148,-19.332,1
1148,-22.485,2
1148.7,-21.807,2
1148.7,-19.411,1
1148.7,-54.581,2
1148.7,-78.816,2
1149.4,28.649,1
1149.4,-20.873,2
1149.4,-19.477,1
1150.1,-19.468,1
1150.8,5.3003,1
1150.8,-19.39,1
1151.5,-19.401,1
1151.5,-21.476,2
1151.5,-23.197,2
1151.5,-20.248,2
1151.5,-58.111,2
1151.5,-78.258,2
1152.2,-22.359,2
1152.2,-21.2,2
1152.2,-19.489,1
1152.2,-47.023,2
1152.9,-19.999,2
1152.9,-77.613,2
1153.6,3.4656,1
1153.6,-20.28,2
1153.6,-19.502,1
1153.6,-21.7,2
1154.3,-19.485,1
1155,-19.522,1
1155.7,10.863,1
1155.7,-10.276,1
1155.7,-19.412,1
1156.4,23.4,1
1156.4,-19.683,1
1156.4,-21.345,2
1157.1,22.627,1
1157.1,-19.424,1
1157.8,-19.405,1
1158.5,0.14082,1
1158.5,3.531,1
1158.5,-19.44,1
1159.2,2.089,1
1159.2,-26.069,2
1159.2,-19.511,1
1159.9,17.573,1
1159.9,-19.507,1
1160.6,38.431,1
1160.6,-19.546,1
1161.3,-19.455,1
1161.3,-79.299,2
1162,37.793,1
1162,-21.916,2
1162,-19.463,1
1162,-20.466,2
1162.7,-19.483,1
1163.4,-19.38,1
1163.4,-5.6516,1
1164.1,15.726,1
1164.1,-19.473,1
1164.8,-19.471,1
1164.8,-21.791,2
1164.8,-73.282,2
1165.5,-19.562,1
1165.5,-20.163,2
1165.5,-21.792,2
1165.5,-28.397,2
1165.5,-61.19,2
1166.2,-18.675,1
1166.2,-19.496,1
1166.9,-19.486,1
1166.9,-21.919,2
1167.6,18.031,1
1167.6,7.0606,1
1167.6,-19.361,1
1167.6,-22.046,2
1167.6,-34.492,2
1167.6,-41.717,2
1167.6,-53.813,2
1168.3,25.757,1
1168.3,-19.505,1
1168.3,-33.412,2
1169,9.1657,1
1169,-19.543,1
1169.7,6.0529,1
1169.7,-19.462,1
1169.7,-38.475,2
1170.4,-19.525,1
1171.1,-19.399,1
1171.1,-21.134,2
1171.1,-22.111,2
1171.1,-76.609,2
1171.8,-2.8018,1
1171.8,8.6558,1
1171.8,-19.393,1
1172.5,7.8245,1
1172.5,-19.477,1
1172.5,-22.042,2
1173.2,39.495,1
1173.2,-19.405,1
1173.2,-22.177,2
1173.2,-71.634,2
1173.9,-19.363,1
1173.9,-21.853,2
1173.9,-26.062,2
1174.6,16.948,1
1174.6,-19.475,1
1175.3,-19.413,1
1176,-19.31,1
1176,-40.908,2
1176.7,-19.375,1
1176.7,-21.123,2
1176.7,-20.563,2
1176.7,-22.108,2
1177.4,36.309,1
1177.4,-19.409,1
1177.4,-69.115,2
1178.1,32.786,1
1178.1,12.016,1
1178.1,16.817,1
1178.1,-19.399,1
1178.1,-28.157,2
1178.1,-32.458,2
1178.8,-19.487,1
1178.8,-64.273,2
1179.5,10.495,1
1179.5,-19.262,1
1179.5,-20.698,2
1179.5,-21.988,2
1179.5,-68.336,2
1180.2,37.156,1
1180.2,31.736,1
1180.2,-20.715,2
1180.2,-22.045,2
1180.2,-19.534,1
1180.9,36.924,1
1180.9,-19.342,1
1180.9,-42.536,2
1181.6,-22.092,2
1181.6,-19.49,1
1181.6,-38.183,2
1181.6,-55.415,2
1182.3,3.1582,1
1182.3,-19.47,1
1183,26.605,1
1183,-19.564,1
1183,-22.299,2
1183,-17.424,1
1183.7,33.525,1
1183.7,25.904,1
1183.7,-19.68,1
1183.7,-20.392,2
1184.4,-19.355,1
1184.4,-54.734,2
1185.1,14.25,1
1185.1,-19.416,1
1185.1,-60.046,2
1185.8,9.8995,1
1185.8,-19.325,1
1185.8,-41.701,2
1186.5,19.78,1
1186.5,-19.466,1
1186.5,-21.953,2
1187.2,-19.432,1
1187.9,-19.424,1
1188.6,-19.323,1
1188.6,-53.302,2
1189.3,-22.134,2
1189.3,-19.452,1
1190,-22.96,2
1190,-19.614,1
1190.7,32.729,1
1190.7,15.942,1
1190.7,-19.394,1
1190.7,-78.427,2
1191.4,-19.46,1
1191.4,-22.087,2
1191.4,-32.038,2
1191.4,-45.075,2
1192.1,-19.378,1
1192.1,-22.505,2
1192.8,-19.459,1
1192.8,-21.974,2
1192.8,-43.345,2
1193.5,4.7134,1
1193.5,-13.467,1
1193.5,-59.157,2
1194.2,-19.363,1
1194.2,-20.553,2
1194.9,15.523,1
1194.9,-19.442,1
1194.9,-21.832,2
1194.9,-13.794,1
1195.6,27.83,1
1195.6,6.0042,1
1195.6,-26.761,2
1195.6,-19.38,1
1196.3,-19.523,1
1196.3,-35.186,2
1196.3,-30.282,2
1197,-21.899,2
1197,-19.535,1
1197,-20.639,2
1197.7,12.287,1
1197.7,-19.583,1
1197.7,-20.607,2
1198.4,-19.322,1
1198.4,-22.163,2
1199.1,-21.906,2
1199.8,27.344,1
1199.8,-19.351,1
1200.5,-19.437,1
1200.5,-21.684,2
1200.5,-51.673,2
1201.2,29.371,1
1201.2,-19.524,1
1201.2,-31.255,2
1201.2,-75.053,2
1201.9,-19.82,1
1201.9,-21.868,2
1201.9,-25.515,2
1201.9,-42.542,2
1202.6,-19.537,1
1202.6,-8.1905,1
1202.6,-56.584,2
1202.6,-74.836,2
1203.3,21.857,1
1203.3,-19.618,1
1203.3,-22.377,2
1203.3,-10.224,1
1204,-20.093,2
1204,-19.443,1
1204,-21.633,2
1204,-53.253,2
1204.7,-19.461,1
1204.7,-21.393,2
1205.4,-20.484,2
1205.4,-19.523,1
1206.1,-20.731,2
1206.8,-4.0426,1
1206.8,17.393,1
1206.8,-19.501,1
1207.5,-20.461,2
1207.5,-19.514,1
1207.5,-68.58,2
1208.2,33.534,1
1208.2,-19.473,1
1208.2,-12.965,1
1208.2,-21.272,2
1208.9,-19.398,1
1209.6,39.438,1
1209.6,-19.345,1
1209.6,-42.442,2
1210.3,-36.464,2
1211,-19.368,1
1211,-4.8697,1
1211.7,-19.382,1
1212.4,-19.553,1
1212.4,-21.506,2
1212.4,-64.039,2
1213.1,36.148,1
1213.1,-1.7617,1
1213.1,-19.846,1
1213.8,28.705,1
1213.8,-20.899,2
1213.8,-19.572,1
1213.8,-24.145,2
1213.8,-54.187,2
1214.5,-22.113,2
1214.5,-19.301,1
1214.5,-20.545,2
1215.2,-19.464,1
1215.2,-56.167,2
1215.9,-19.67,1
1215.9,-69.107,2
1216.6,1.3005,1
1216.6,-19.538,1
1216.6,-21.901,2
1216.6,-71.281,2
1217.3,3.9621,1
1217.3,-19.498,1
1217.3,-21.234,2
1218,14.314,1
1218,-20.749,2
1218,-19.418,1
1218.7,-20.594,2
1218.7,-19.49,1
1218.7,-12.598,1
1219.4,-21.725,2
1219.4,-19.445,1
1220.1,-19.33,1
1220.1,-26.937,2
1220.8,-22.54,2
1220.8,-19.868,1
1221.5,-19.403,1
1221.5,-20.566,2
1222.2,33.774,1
1222.2,-19.331,1
1222.9,36.859,1
1222.9,-19.422,1
1222.9,-51.924,2
1222.9,-34.478,2
1222.9,-66.536,2
1223.6,-19.44,1
1223.6,-22.954,2
1223.6,-20.467,2
1224.3,-19.459,1
1224.3,-21.931,2
1225,-19.503,1
1225,-54.181,2
1225.7,18.301,1
1225.7,-19.491,1
1225.7,-21.35,2
1225.7,-26.062,2
1226.4,-19.328,1
1226.4,-20.489,2
1226.4,-54.436,2
1227.1,13.457,1
1227.1,-19.497,1
1227.8,-20.227,2
1227.8,-19.472,1
1228.5,-19.383,1
1228.5,-21.414,2
1228.5,-33.169,2
1228.5,-62.039,2
1229.2,-19.556,1
1229.2,-38.513,2
1229.9,-20.661,2
1229.9,-19.534,1
1230.6,-19.501,1
1230.6,-22.7,2
1231.3,-19.597,1
1231.3,-21.891,2
1231.3,-20.562,2
1232,14.055,1
1232,-19.423,1
1232,-71.283,2
1232.7,-20.934,2
1232.7,-19.418,1
1233.4,-19.474,1
1233.4,-18.192,1
1234.1,-19.479,1
1234.1,-20.737,2
1234.1,-21.591,2
1234.8,40.108,1
1234.8,-21.508,2
1234.8,-19.336,1
1235.5,7.2383,1
1235.5,12.995,1
1235.5,-20.635,2
1235.5,-19.512,1
1235.5,-21.602,2
1235.5,-49.832,2
1236.2,-19.456,1
1236.2,-12.362,1
1236.2,-20.555,2
1236.9,-19.388,1
1237.6,-19.377,1
1237.6,-20.746,2
1237.6,-73.775,2
1238.3,-19.395,1
1239,-1.0286,1
1239,-19.354,1
1239,-20.424,2
1239.7,-19.433,1
1240.4,30.046,1
1240.4,35.81,1
1240.4,-19.358,1
1240.4,-20.568,2
1240.4,-70.246,2
1241.1,29.868,1
1241.1,-20.628,2
1241.1,-19.459,1
1241.1,-78.576,2
1241.8,-26.34,2
1241.8,-19.336,1
1241.8,-48.819,2
1242.5,-19.473,1
1242.5,-49.376,2
1242.5,-57.457,2
1243.2,1.8081,1
1243.2,-19.582,1
1243.2,-47.312,2
1243.9,-19.477,1
1243.9,-30.399,2
1244.6,-19.461,1
1244.6,-23.618,2
1245.3,37.577,1
1245.3,-21.124,2
1245.3,-22.307,2
1245.3,-19.342,1
1245.3,-24.586,2
1245.3,-61.851,2
1246,35.129,1
1246,-22.382,2
1246,-19.499,1
1246,-26.864,2
1246,-20.427,2
1246.7,3.1894,1
1246.7,-21.812,2
1246.7,-19.415,1
1246.7,-68.789,2
1247.4,-19.335,1
1247.4,-22.074,2
1247.4,-75.315,2
1248.1,-19.462,1
1248.8,-19.509,1
1248.8,-64.357,2
1249.5,22.553,1
1249.5,-22.025,2
1249.5,-19.828,1
1249.5,-19.322,1
1249.5,-57.439,2
1250.2,-19.467,1
1250.2,-22.108,2
1250.2,-31.5,2
1250.2,-37.879,2
1250.9,-19.379,1
1250.9,-21.941,2
1251.6,22.955,1
1251.6,-19.388,1
1251.6,-22.576,2
1251.6,-49.093,2
1252.3,-19.444,1
1253,-19.366,1
1253.7,-20.086,2
1253.7,-26.289,2
1253.7,-19.437,1
1253.7,-21.986,2
1254.4,-19.928,1
1254.4,-22.272,2
1254.4,-19.427,1
1255.1,38.357,1
1255.1,32.163,1
1255.1,12.213,1
1255.1,-19.426,1
1255.1,-22.019,2
1255.1,-40.833,2
1255.8,-19.356,1
1255.8,-27.15,2
1255.8,-22.234,2
1256.5,5.7725,1
1256.5,-19.711,1
1256.5,-22.219,2
1256.5,-29.311,2
1256.5,-64.777,2
1257.2,-19.4,1
1257.2,-22.429,2
1257.2,-63.812,2
1257.9,-21.815,2
1257.9,-19.399,1
1257.9,-29.284,2
1258.6,-22.329,2
1258.6,-19.448,1
1259.3,-22.13,2
1259.3,-19.444,1
1259.3,-37.971,2
1260,-19.398,1
1260,-21.989,2
1260,-40.557,2
1260.7,14.807,1
1260.7,-23.691,2
1260.7,-19.541,1
1261.4,-22.142,2
1261.4,-20.02,2
1261.4,-4.9202,1
1261.4,-19.482,1
1261.4,-54.713,2
1262.1,17.716,1
1262.1,-19.354,1
1262.1,-22.888,2
1262.8,33.533,1
1262.8,-19.582,1
1262.8,-22.071,2
1263.5,5.3339,1
1263.5,0.9045,1
1263.5,-21.997,2
1263.5,-10.659,1
1263.5,-19.601,1
1264.2,-19.365,1
1264.2,-32.386,2
1264.9,-26.534,2
1264.9,-19.437,1
1264.9,-23.399,2
1264.9,-63.911,2
1265.6,10.217,1
1265.6,-19.901,1
1265.6,-22.324,2
1265.6,-68.369,2
1266.3,-19.567,1
1266.3,-24.334,2
1266.3,-25.646,2
1266.3,-64.932,2
1266.3,-65.885,2
1267,-19.367,1
1267,-22.337,2
1267.7,26.102,1
1267.7,-19.559,1
1267.7,-35.893,2
1268.4,-19.524,1
1269.1,-19.363,1
1269.1,-21.571,2
1269.8,-4.4735,1
1269.8,17.465,1
1269.8,-22.421,2
1269.8,-19.508,1
1269.8,-41.479,2
1270.5,-19.335,1
1270.5,-20.797,2
1271.2,-22.114,2
1271.2,-19.429,1
1271.9,-19.606,1
1271.9,-5.0125,1
1272.6,-19.506,1
1272.6,-21.893,2
1273.3,20.329,1
1273.3,24.81,1
1273.3,-19.507,1
1273.3,-22.054,2
1273.3,-47.258,2
1274,-21.159,2
1274,-19.446,1
1274,-43.398,2
1274.7,-19.498,1
1274.7,-11.958,1
1274.7,-22.456,2
1274.7,-33.456,2
1275.4,9.9404,1
1275.4,-19.417,1
1275.4,-22.109,2
1275.4,-23.375,2
1275.4,-32.781,2
1275.4,-34.896,2
1276.1,-19.388,1
1276.1,-33.241,2
1276.1,-57.277,2
1276.8,-19.39,1
1276.8,-21.943,2
1276.8,-27.426,2
1277.5,0.66564,1
1277.5,-22.069,2
1277.5,-19.404,1
1277.5,-34.222,2
1278.2,-19.385,1
1278.2,-22.168,2
1278.2,-25.013,2
1278.2,-28.841,2
1278.9,14.649,1
1278.9,-19.46,1
1278.9,-22.009,2
1279.6,22.59,1
1279.6,-22.188,2
1279.6,-20.292,2
1279.6,-19.644,1
1280.3,17.89,1
1280.3,-19.323,1
1280.3,-20.578,2
1280.3,-22.273,2
1281,-11.41,1
1281,-19.367,1
1281,-21.955,2
1281,-41.635,2
1281,-39.496,2
1281,-75.206,2
1281,-57.488,2
1281.7,-19.372,1
1281.7,-22.127,2
1281.7,-28.032,2
1282.4,33.92,1
1282.4,21.391,1
1282.4,-21.53,2
1282.4,-19.351,1
1282.4,-55.155,2
1283.1,14.008,1
1283.1,-13.663,1
1283.1,-19.399,1
1283.1,-24.012,2
1283.1,-78.056,2
1283.8,-23.173,2
1283.8,-19.385,1
1283.8,-72.646,2
1284.5,-21.064,2
1284.5,-19.387,1
1284.5,-22.319,2
1285.2,-22.088,2
1285.2,-19.292,1
1285.9,-19.616,1
1285.9,-22.428,2
1285.9,-49.923,2
1286.6,-19.515,1
1286.6,-24.568,2
1286.6,-23.283,2
1287.3,-22.082,2
1287.3,-27.353,2
1287.3,-24.816,2
1287.3,-19.457,1
1288,-19.451,1
1288,-27.973,2
1288.7,-19.605,1
1288.7,-22.124,2
1289.4,-19.48,1
1290.1,-19.445,1
1290.1,-7.2973,1
1290.1,-52.502,2
1290.8,-19.398,1
1290.8,-51.004,2
1290.8,-48.747,2
1291.5,2.7657,1
1291.5,-22.289,2
1291.5,-67.42,2
1292.2,-22.181,2
1292.2,-19.478,1
1292.9,-19.615,1
1292.9,-8.9499,1
1293.6,-19.4,1
1293.6,-25.924,2
1293.6,-24.038,2
1293.6,-49.817,2
1294.3,-19.44,1
1294.3,-22.081,2
1294.3,-25.832,2
1295,-19.455,1
1295,-27.552,2
1295,-58.569,2
1295.7,18.654,1
1295.7,-21.941,2
1295.7,-26.085,2
1295.7,-19.396,1
1295.7,-46.774,2
1296.4,29.361,1
1296.4,-19.399,1
1296.4,-44.967,2
1296.4,-31.813,2
1296.4,-55.488,2
1296.4,-58.823,2
1296.4,-68.349,2
1297.1,-22.249,2
1297.1,-71.182,2
1297.8,22.139,1
1297.8,38.792,1
1297.8,-19.423,1
1297.8,-21.997,2
1297.8,-32.629,2
1298.5,35.776,1
1298.5,-19.436,1
1298.5,-6.6607,1
1298.5,-21.952,2
1298.5,-73.637,2
1299.2,-19.398,1
1299.2,-42.751,2
1299.9,8.4049,1
1299.9,-22.155,2
1299.9,-19.342,1
1299.9,-35.852,2
1299.9,-74.625,2
1300.6,32.641,1
1300.6,1.3621,1
1300.6,-20.009,2
1300.6,-19.421,1
1300.6,-35.32,2
1301.3,-22.689,2
1301.3,-19.633,1
1301.3,-59.095,2
1302,0.41203,1
1302,-19.361,1
1302,-21.859,2
1302,-72.63,2
1302.7,7.1586,1
1302.7,-19.689,1
1302.7,-21.964,2
1303.4,-19.418,1
1303.4,-23.318,2
1304.1,-19.418,1
1304.1,-24.186,2
1304.8,-21.916,2
1304.8,-19.424,1
1305.5,-19.587,1
1305.5,-22.138,2
1306.2,-19.491,1
1306.2,-22.052,2
1306.2,-12.561,1
1306.2,-57.932,2
1306.9,34.691,1
1306.9,4.5971,1
1306.9,-19.303,1
1306.9,-22.027,2
1306.9,-26.58,2
1306.9,-34.57,2
1307.6,30.749,1
1307.6,-19.41,1
1307.6,-43.7,2
1308.3,-19.406,1
1309,-19.411,1
1309,-15.75,1
1309,-14.176,1
1309,-76.407,2
1309.7,-19.448,1
1309.7,-21.835,2
1309.7,-23.085,2
1309.7,-18.073,1
1309.7,-68.359,2
1310.4,-22.182,2
1310.4,-19.463,1
1310.4,-23.038,2
1311.1,-26.655,2
1311.1,-19.606,1
1311.1,-33.214,2
1311.8,11.569,1
1311.8,-22.058,2
1311.8,-19.322,1
1311.8,-49.645,2
1311.8,-61.798,2
1312.5,31.183,1
1312.5,23.54,1
1312.5,-19.253,1
1313.2,-19.269,1
1313.2,-21.408,2
1313.2,-62.613,2
1313.9,-19.467,1
1313.9,-22.202,2
1313.9,-39.472,2
1314.6,-17.969,1
1314.6,-19.396,1
1314.6,-22.139,2
1314.6,-21.473,2
1315.3,30.742,1
1315.3,-25.868,2
1315.3,-19.476,1
1315.3,-21.953,2
1315.3,-12.121,1
1315.3,-62.208,2
1316,-19.508,1
1316,-51.623,2
1316.7,34.304,1
1316.7,5.4054,1
1316.7,-19.414,1
1316.7,-21.898,2
1316.7,-72.023,2
1316.7,-73.392,2
1317.4,-21.767,2
1317.4,-19.372,1
1317.4,-27.078,2
1317.4,-48.958,2
1317.4,-51.637,2
1317.4,-77.184,2
1318.1,2.5157,1
1318.1,-19.339,1
1318.8,32.006,1
1318.8,-3.5114,1
1318.8,8.604,1
1318.8,-22.088,2
1318.8,-16.606,1
1319.5,-21.966,2
1319.5,-19.5,1
1319.5,-25.51,2
1319.5,-55.477,2
1320.2,-19.408,1
1320.2,-20.705,2
1320.9,-19.711,1
1320.9,-21.776,2
1321.6,28.136,1
1321.6,-21.686,2
1321.6,-19.321,1
1321.6,-24.197,2
1321.6,-73.778,2
1322.3,-19.396,1
1323,-19.415,1
1323.7,-19.374,1
1323.7,-9.6453,1
1323.7,-21.178,2
1323.7,-57.571,2
1324.4,2.3833,1
1324.4,-19.596,1
1324.4,-21.609,2
1324.4,-23.578,2
1324.4,-16.271,1
1324.4,-26.024,2
1325.1,15.866,1
1325.1,-19.449,1
1325.1,-20.594,2
1325.1,-23.752,2
1325.1,-22.464,2
1325.8,-24.056,2
1325.8,-7.4177,1
1325.8,-21.767,2
1325.8,-19.481,1
1326.5,10.683,1
1326.5,-24.139,2
1326.5,-22.046,2
1326.5,-8.1089,1
1326.5,-19.478,1
1326.5,-22.825,2
1326.5,-44.786,2
1327.2,-19.349,1
1327.2,-60.539,2
1327.9,30.978,1
1327.9,-19.369,1
1327.9,-21.809,2
1327.9,-34.982,2
1327.9,-53.392,2
1328.6,25.358,1
1328.6,14.254,1
1328.6,-20.98,2
1328.6,-19.383,1
1328.6,-21.86,2
1328.6,-5.0207,1
1328.6,-20.153,2
1329.3,-19.307,1
1329.3,-21.914,2
1329.3,-53.451,2
1330,-2.861,1
1330,-19.336,1
1330,-21.703,2
1330,-50.433,2
1330.7,-21.988,2
1330.7,-19.332,1
1330.7,-13.09,1
1330.7,-56.377,2
1330.7,-64.952,2
1331.4,-2.3313,1
1331.4,-19.439,1
1331.4,-20.46,2
1332.1,7.1582,1
1332.1,-19.547,1
1332.1,-42.999,2
1332.1,-45.108,2
1332.8,27.138,1
1332.8,40.532,1
1332.8,-19.38,1
1332.8,-20.475,2
1332.8,-21.078,2
1333.5,-19.485,1
1333.5,-21.763,2
1333.5,-44.015,2
1333.5,-63.423,2
1333.5,-69.281,2
1334.2,-22.588,2
1334.2,-19.369,1
1334.9,-19.351,1
1335.6,-2.0699,1
1335.6,-13.136,1
1335.6,-9.4583,1
1335.6,-16.816,1
1336.3,20.588,1
1336.3,-19.449,1
1336.3,-21.879,2
1337,36.109,1
1337,-19.441,1
1337,-12.777,1
1337,-34.819,2
1337,-63.112,2
1337.7,-19.496,1
1337.7,-21.571,2
1337.7,-25.331,2
1337.7,-7.6629,1
1337.7,-67.422,2
1338.4,-24.466,2
1338.4,-4.536,1
1338.4,-19.443,1
1339.1,28.764,1
1339.1,-19.597,1
1339.1,-21.885,2
1339.1,-7.5662,1
1339.1,-30.919,2
1339.8,-24.392,2
1339.8,-19.386,1
1339.8,-28.314,2
1340.5,-19.449,1
1340.5,-23.053,2
1340.5,-21.569,2
1340.5,-18.404,1
1340.5,-12.858,1
1341.2,16.011,1
1341.2,-19.424,1
1341.2,-36.173,2
1341.9,-21.735,2
1341.9,-20.298,2
1341.9,-19.446,1
1341.9,-41.505,2
1342.6,-19.414,1
1342.6,-62.784,2
1343.3,-19.643,1
1343.3,-73.832,2
1344,38.126,1
1344,-19.532,1
1344,-21.536,2
1344.7,-19.355,1
1345.4,33.729,1
1345.4,-19.594,1
1345.4,-21.723,2
1345.4,-26.007,2
1346.1,22.815,1
1346.1,-19.699,1
1346.1,-35.904,2
1346.8,23.959,1
1346.8,-19.38,1
1346.8,-21.874,2
1346.8,-70.465,2
1347.5,-21.725,2
1347.5,-19.389,1
1348.2,-21.64,2
1348.2,-19.234,1
1348.2,-53.903,2
1348.9,-19.481,1
1348.9,-22.54,2
1348.9,-13.113,1
1348.9,-32.084,2
1348.9,-63.05,2
1349.6,-19.512,1
1349.6,-21.642,2
1349.6,-38.301,2
1349.6,-62.366,2
1350.3,40.196,1
1350.3,1.9554,1
1350.3,-27.294,2
1350.3,-23.073,2
1350.3,-19.444,1
1351,31.6,1
1351,-19.32,1
1351,-21.588,2
1351.7,7.1198,1
1351.7,-19.723,1
1351.7,-60.861,2
1352.4,-2.7571,1
1352.4,-19.327,1
1352.4,-21.905,2
1352.4,-45.735,2
1352.4,-78.588,2
1353.1,-19.356,1
1353.1,-21.454,2
1353.1,-51.108,2
1353.8,27.695,1
1353.8,7.7767,1
1353.8,-19.353,1
1353.8,-21.414,2
1353.8,-54.567,2
1354.5,-19.525,1
1354.5,-21.623,2
1354.5,-30.5,2
1355.2,36.359,1
1355.2,31.663,1
1355.2,-21.71,2
1355.2,-19.49,1
1355.9,-22.094,2
1355.9,-19.311,1
1355.9,-21.45,2
1355.9,-23.444,2
1356.6,-19.563,1
1356.6,-21.52,2
1357.3,-21.524,2
1357.3,-25.195,2
1357.3,-13.099,1
1357.3,-19.483,1
1358,-21.525,2
1358,-19.37,1
1358,-48.883,2
1358.7,39.836,1
1358.7,-3.4923,1
1358.7,18.327,1
1358.7,9.8296,1
1358.7,-21.377,2
1358.7,-19.335,1
1358.7,-20.646,2
1358.7,-30.229,2
1359.4,-19.447,1
1360.1,-19.324,1
1360.1,-21.567,2
1360.1,-49.636,2
1360.8,-27.009,2
1360.8,-19.469,1
1360.8,-8.6304,1
1360.8,-9.1968,1
1361.5,-21.34,2
1361.5,-19.41,1
1362.2,10.197,1
1362.2,-19.493,1
1362.9,-24.945,2
1362.9,-21.515,2
1362.9,-23.428,2
1363.6,20.505,1
1363.6,0.04431,1
1363.6,-21.406,2
1363.6,-19.343,1
1364.3,-3.1931,1
1364.3,-22.336,2
1364.3,-21.718,2
1364.3,-6.8566,1
1364.3,-19.483,1
1365,-21.373,2
1365,-19.539,1
1365.7,-19.329,1
1365.7,-75.98,2
1366.4,-19.344,1
1366.4,-9.6142,1
1366.4,-26.559,2
1366.4,-17.763,1
1366.4,-21.206,2
1367.1,34.516,1
1367.1,36.299,1
1367.1,2.7482,1
1367.1,-19.367,1
1367.1,-21.575,2
1367.8,-2.8761,1
1367.8,-19.356,1
1367.8,-57.262,2
1368.5,28.093,1
1368.5,36.079,1
1368.5,-19.327,1
1368.5,-11.804,1
1369.2,31.287,1
1369.2,-21.183,2
1369.2,-74.149,2
1369.9,-19.466,1
1369.9,-34.611,2
1370.6,-17.554,1
1370.6,-19.321,1
1371.3,24.727,1
1371.3,15.683,1
1371.3,-19.408,1
1372,-19.331,1
1372,-17.925,1
1372,-24.097,2
1372,-25.14,2
1372,-21.751,2
1372,-48.23,2
1372.7,31.816,1
1372.7,40.299,1
1372.7,-21.444,2
1372.7,-19.393,1
1372.7,-22.674,2
1372.7,-20.243,2
1373.4,-6.5396,1
1373.4,-19.391,1
1373.4,-21.811,2
1373.4,-37.485,2
1373.4,-67.857,2
1374.1,-21.407,2
1374.1,-19.344,1
1374.8,-19.391,1
1374.8,-22.292,2
1374.8,-47.982,2
1375.5,-19.423,1
1375.5,-26.768,2
1376.2,-19.349,1
1376.2,-20.733,2
1376.2,-22.009,2
1376.9,-0.3789,1
1376.9,-19.431,1
1376.9,-21.887,2
1376.9,-37.809,2
1377.6,19.395,1
1377.6,-19.284,1
1377.6,-20.953,2
1378.3,-19.405,1
1378.3,-20.911,2
1379,34.462,1
1379,14.422,1
1379,-19.612,1
1379,-21.373,2
1379,-16.057,1
1379.7,-19.348,1
1379.7,-24.977,2
1379.7,-22.821,2
1379.7,-34.305,2
1380.4,16.695,1
1380.4,-20.375,2
1380.4,-19.421,1
1381.1,-20.336,2
1381.1,-20.861,2
1381.1,-56.434,2
1381.1,-61.261,2
1381.8,14.825,1
1381.8,-20.387,2
1381.8,-19.469,1
1382.5,5.9277,1
1382.5,18.29,1
1382.5,-2.2528,1
1382.5,19.04,1
1382.5,-20.178,2
1382.5,-19.365,1
1382.5,-75.106,2
1382.5,-77.912,2
1383.2,-0.85528,1
1383.2,-19.379,1
1383.2,-4.3258,1
1383.9,32.379,1
1383.9,33.751,1
1383.9,-19.37,1
1383.9,-20.396,2
1383.9,-41.829,2
1384.6,-19.597,1
1384.6,-47.953,2
1385.3,-24.458,2
1385.3,-19.312,1
1385.3,-20.485,2
1386,29.334,1
1386,35.567,1
1386,-19.891,1
1386.7,38.728,1
1386.7,-19.569,1
1386.7,-20.846,2
1386.7,-23.882,2
1386.7,-53.693,2
1387.4,26.565,1
1387.4,-19.281,1
1387.4,-62.298,2
1388.1,-19.359,1
1388.1,-19.987,2
1388.1,-33.159,2
1388.8,30.206,1
1388.8,-20.383,2
1388.8,-19.374,1
1389.5,-0.20488,1
1389.5,9.871,1
1389.5,-19.449,1
1389.5,-13.47,1
1389.5,-8.7463,1
1390.2,24.465,1
1390.2,18.312,1
1390.2,-19.521,1
1390.2,-23.755,2
1390.2,-37.011,2
1390.9,29.221,1
1390.9,18.984,1
1390.9,-19.49,1
1390.9,-21.565,2
1391.6,-19.583,1
1391.6,-23.018,2
1391.6,-46.837,2
1391.6,-33.05,2
1392.3,17.441,1
1392.3,-19.39,1
1392.3,-56.545,2
1393,12.257,1
1393,-20.465,2
1393,-19.607,1
1393,-54.755,2
1393,-66.146,2
1393,-52.304,2
1393.7,4.7587,1
1393.7,-19.711,1
1394.4,9.8367,1
1394.4,-19.481,1
1394.4,-21.345,2
1395.1,-19.622,1
1395.8,21.272,1
1395.8,34.2,1
1395.8,-3.4391,1
1395.8,1.8303,1
1395.8,-19.685,1
1396.5,-19.35,1
1397.2,-1.2537,1
1397.2,-19.473,1
1397.9,35.693,1
1397.9,-19.432,1
1398.6,13.386,1
1398.6,-19.544,1
1398.6,-21.147,2
1399.3,-22.006,2
1399.3,-19.541,1
1400,-19.363,1
1400,-28.417,2
1400.7,-19.364,1
1400.7,-45.047,2
1401.4,39.256,1
1401.4,-20.155,2
1401.4,-7.3465,1
1401.4,-19.583,1
1402.1,-19.359,1
1402.1,-20.091,2
1402.8,-19.375,1
1403.5,13.421,1
1403.5,-19.774,1
1403.5,-21.904,2
1404.2,18.843,1
1404.2,-19.515,1
1404.2,-18.52,1
1404.2,-43.287,2
1404.2,-71.772,2
1404.9,-1.7372,1
1404.9,-19.547,1
1405.6,29.221,1
1405.6,-19.477,1
1405.6,-28.053,2
1406.3,-19.457,1
1406.3,-11.584,1
1406.3,-15.04,1
1407,-19.483,1
1407.7,31.048,1
1407.7,-19.482,1
1407.7,-23.63,2
1407.7,-46.503,2
1407.7,-33.215,2
1408.4,-19.483,1
1408.4,-24.068,2
1409.1,-19.548,1
1409.1,-49.087,2
1409.8,-19.521,1
1409.8,-15.07,1
1410.5,18.072,1
1410.5,-19.407,1
1411.2,21.495,1
1411.2,-19.446,1
1411.2,-75.829,2
1411.2,-74.191,2
1411.9,30.965,1
1411.9,22.731,1
1411.9,-19.384,1
1411.9,-10.05,1
1412.6,15.247,1
1412.6,-19.417,1
1412.6,-48.434,2
1412.6,-33.812,2
1412.6,-70.277,2
1413.3,-19.418,1
1413.3,-5.6119,1
1414,24.064,1
1414,6.3443,1
1414,-3.7594,1
1414,-19.357,1
1414.7,36.923,1
1414.7,-19.427,1
1414.7,-41,2
1415.4,-19.314,1
1415.4,-24.743,2
1415.4,-17.706,1
1415.4,-40.357,2
1416.1,-19.499,1
1416.1,-43.927,2
1416.1,-40.59,2
1416.8,32.186,1
1416.8,25.471,1
1416.8,19.828,1
1416.8,-19.385,1
1416.8,-40.205,2
1417.5,25.734,1
1417.5,21.223,1
1417.5,-19.44,1
1417.5,-25.143,2
1417.5,-5.1782,1
1418.2,-19.425,1
1418.9,7.5543,1
1418.9,4.3695,1
1418.9,-19.196,1
1418.9,-72.912,2
1419.6,-19.206,1
1420.3,-19.239,1
1421,-19.314,1
1421.7,9.7991,1
1421.7,-19.96,2
1421.7,-19.04,1
1421.7,-47.333,2
1421.7,-46.636,2
1421.7,-68.16,2
1422.4,-19.224,1
1422.4,-29.631,2
1422.4,-52.945,2
1423.1,34.05,1
1423.1,-19.001,1
