Lon,Lat
54.4489041210987,12.4791046736
54.4489004250572,12.4791367352339
54.448899623263,12.4791434003707
54.4488996093248,12.4791434032604
54.4488951555147,12.4791880217365
54.4488509315489,12.4792157750267
54.4488913114599,12.4792262624058
54.4488906733484,12.4792326344129
54.4488887334326,12.4792517532544
54.4488887297909,12.4792517540095
54.4488836391307,12.4793027140173
54.4488829863347,12.4793090844021
54.4488823578616,12.4793154524824
54.4488817331355,12.4793218186533
54.4488753488606,12.4793854951861
54.4488747138997,12.4793918614961
54.4488734403777,12.4794045944193
54.448873445973,12.4794045942648
54.4488728109284,12.4794109601572
54.4488696275494,12.479442787409
54.4488677155905,12.4794618838988
54.4488639365968,12.4795000659688
54.448861985821,12.479519167059
54.4488195487404,12.4795527662804
54.4488575355609,12.4795637154716
54.4488575615755,12.4795637100765
54.4488569108923,12.479570076127
54.4488556600811,12.4795827995104
54.448855030955,12.4795891600796
54.4488561294787,12.4795889362771
54.4488474063916,12.4796655235485
54.4488468670049,12.4796718684463
54.4488454958253,12.4796846169835
54.4488423457694,12.4797164305896
54.4488410670115,12.4797291607031
54.448837279868,12.4797673426842
54.4488366595039,12.4797737044102
54.4488374439543,12.4797797798707
54.4488277786358,12.4798628185224
54.4487920621792,12.4798763467367
54.4488271500756,12.4798691838194
54.4487933484911,12.479882322042
54.4488258893157,12.479881915634
54.4488206836694,12.4799391212151
54.4488195341227,12.4799455946554
54.4488195512947,12.4799455910931
54.4488182662076,12.4799583322307
54.4488179512917,12.4799646361387
54.4488170150733,12.4799710671304
54.4488157489912,12.4799838059622
54.4488144806044,12.4799965461283
54.4488138504902,12.4800029156938
54.4488131988459,12.4800092899491
54.4488100265908,12.480041144125
54.4488074899675,12.480066633711
54.4488043118488,12.4800985029023
54.4488017382868,12.4801240094551
54.4487998383602,12.4801431359732
54.448798538573,12.4801496473757
54.4487979932646,12.4801622537289
54.4487580074457,12.4801891625867
54.4487969668209,12.4801812070988
54.4487947174949,12.4801941629521
54.448791529284,12.4802260625789
54.4487898221849,12.4802451615109
54.4487895822129,12.4802452102954
54.4487919580016,12.4802447254045
54.4487876666832,12.480264357093
54.4487870202368,12.4802707425743
54.448785749491,12.4802835071136
54.4487854673448,12.4802898180508
54.4487818913874,12.4803218208781
54.4487816896591,12.480328118112
54.4487591572833,12.4803640008719
54.4487773975183,12.4803665339321
54.4487710015964,12.4804302214321
54.4487709548736,12.480436507686
54.448767102452,12.4804686802252
54.4487653832343,12.4804941494246
54.4487612121549,12.4805264039554
54.4487612144495,12.4805264034793
54.4487592502219,12.4805456506287
54.4487585908536,12.4805520679166
54.448759896233,12.4805643679607
54.4487566089737,12.4805713223548
54.4487566407558,12.4805713157603
54.4487553126026,12.4805841550078
54.4487533287002,12.4806034132478
54.4487500361804,12.4806355144258
54.4487474039491,12.4806611977912
54.4487468023569,12.4806676080049
54.4487408169195,12.4807254288473
54.4487315203459,12.4808216935016
54.4487138890447,12.4808441715602
54.4487169114268,12.4809568429565
54.4487142869247,12.4809825608115
54.4487115206156,12.4810083051864
54.448711503725,12.4810083086902
54.4487094941501,12.4810276054213
54.448708829759,12.4810340366084
54.4487034563166,12.4810854990751
54.4487007728457,12.4810986359394
54.4487000810537,12.4811176640479
54.4486994265606,12.4811240933776
54.4486994258377,12.4811240935276
54.448697412426,12.4811433915672
54.4486947062525,12.4811691263736
54.4486906498411,12.4812077266983
54.4486886316032,12.4812270230793
54.4486718078201,12.481268225589
54.4486812113795,12.4812977779898
54.4486805817088,12.4813042004448
54.4486805442516,12.4813042082133
54.448665148893,12.4813199353105
54.4486778364656,12.4813299330614
54.4486757974972,12.4813492301878
54.4486704567754,12.4814006609163
54.4486703824322,12.4814006753281
54.4486676722954,12.481426395405
54.4486663150964,12.4814392549371
54.4486575188743,12.4815228188064
54.448656827717,12.4815292467047
54.4486554709342,12.4815420994262
54.4486554737427,12.4815420988438
54.4486493653283,12.4815999307667
54.4486486583017,12.4816063613456
54.4486472969518,12.4816192109168
54.4486459536893,12.4816320558491
54.4486439090988,12.481651327712
54.4486044292669,12.4816970860186
54.4486385236601,12.4817029216047
54.4486323931324,12.4817605747423
54.4486310300522,12.48177338376
54.4486215143363,12.4818630232773
54.4486187916589,12.4818886279166
54.4486154202851,12.4819206228425
54.4486092825531,12.4819782143288
54.4486072491491,12.4819974060308
54.4486052084208,12.4820165997994
54.448604890991,12.4820229229785
54.4485822615651,12.4820713472476
54.4485984532889,12.4820805566612
54.4485957159745,12.4821061437859
54.4485862892328,12.4821956524604
54.4485863168022,12.4821956467436
54.4485795427922,12.4822595830891
54.4485775747154,12.482278750131
54.4485741781265,12.4823107188242
54.4485695185174,12.4823554546098
54.4485648570035,12.4824001882136
54.4485575632641,12.4824704839557
54.4485549172144,12.4824960459857
54.4485437359111,12.4826046819751
54.4485424163575,12.4826174623725
54.4485384968981,12.4826558061517
54.4484907463881,12.4827719470272
54.4485267650761,12.4827708552887
54.448525484318,12.4827836374114
54.4485248406828,12.4827900288478
54.4485241777565,12.4827964244219
54.4485235104763,12.4828028200312
54.4485222139114,12.4828156058002
54.4485222310824,12.4828156032448
54.4485215838609,12.4828219942557
54.44852027705,12.4828347830021
54.4485202856006,12.4828347812288
54.4484877345788,12.4829103047844
54.4485131951451,12.4829051088484
54.4485119036698,12.4829178983153
54.4485112589662,12.482924293135
54.448510608554,12.482930689229
54.4485073842473,12.4829626663202
54.4485061018999,12.482975455814
54.4485028256598,12.4830072835989
54.4484977487798,12.4830585581821
54.4484952139969,12.4830841981225
54.4484939762213,12.4830970142498
54.4484889170058,12.4831483000176
54.4484889330782,12.4831482966843
54.4484876703487,12.4831611192301
54.4484845271501,12.4831931743723
54.4484695225888,12.4833470390889
54.4484688937688,12.4833534513882
54.4484676440144,12.4833662743545
54.4484614195349,12.4834303834066
54.4484620300465,12.4834365425163
54.4484195961287,12.483457769418
54.448455218933,12.483494481284
54.4484539560587,12.4835073054398
54.4484526978016,12.4835201283541
54.4484514838978,12.4835329417638
54.4484483515777,12.4835649930843
54.4484477625973,12.483571396419
54.4484465308909,12.483584212059
54.4484446312348,12.4836034445872
54.4484450847152,12.4836159157345
54.4484421710122,12.4836290725347
54.4484406849569,12.4836545005761
54.4484390720626,12.4836611096125
54.4484032520384,12.4837123767956
54.4484340928172,12.4837123630686
54.4484334825902,12.4837187668908
54.4484322333787,12.4837315800139
54.4484229320273,12.4838276411773
54.4483959359603,12.4838770782162
54.4484185579957,12.4838724622091
54.4484179428989,12.4838788623557
54.4484032040398,12.4838881444251
54.4483983926988,12.4839079459605
54.4484154492461,12.4839044658133
54.4484142019044,12.4839172663299
54.4484110885328,12.4839492649693
54.4484111821837,12.4839492465578
54.4484098254882,12.4839620664784
54.4484080355189,12.4840000578546
54.4483953109219,12.4841280050734
54.4483887527692,12.4841919802486
54.4483525646957,12.4842244121739
54.448385607756,12.4842239309538
54.4483829335756,12.4842369979487
54.4483366347058,12.484271707752
54.4483786068762,12.4842818772416
54.4483766912877,12.4843010016148
54.4483754922604,12.4843137331551
54.4483683331259,12.4843838528351
54.4483670749034,12.4843965903867
54.4483625449343,12.4844411905504
54.4483227423646,12.4844555516906
54.4483535051325,12.4845303622718
54.4483548827723,12.484530081623
54.4483496397368,12.4845685654501
54.4483470470771,12.4845940369938
54.4483451117847,12.4846131377038
54.4483431660265,12.4846322388792
54.4483411990347,12.4846513456432
54.4483410228172,12.4846638502294
54.4483386690019,12.4846892686417
54.4483366857512,12.4846959071271
54.4483360541786,12.4847022702761
54.4483360267789,12.4847022759586
54.4482927877009,12.4847173359226
54.4483364120562,12.4847084322071
54.4483340734761,12.4847213773763
54.448333451548,12.484727738418
54.4483291759375,12.4847722475753
54.4483256231404,12.4848041437046
54.4483243363318,12.4848293443061
54.44832171779,12.4848423469834
54.4483165054426,12.484893287797
54.4483151875974,12.4849060270156
54.4483152038583,12.4849060236426
54.4483119194921,12.4849378712186
54.4483060736288,12.4849951870723
54.4483054034733,12.4850015607143
54.4483040996226,12.4850143017804
54.448303053374,12.485026989132
54.4483021305721,12.4850334149007
54.4482988678897,12.4850652708138
54.4482975619806,12.4850780135882
54.4482981444178,12.4850841343638
54.4482877366509,12.4851736218816
54.4482864286344,12.4851863727319
54.4482864193782,12.4851863746523
54.4482857646886,12.485192748693
54.4482851404612,12.4851991184993
54.4482850980935,12.4852116126674
54.448283809816,12.4852243621628
54.4482792263904,12.4852565178264
54.4482733589213,12.4853139287576
54.4482756974586,12.4853134515917
54.4482648396132,12.4853969026128
54.4482550663844,12.4854926898055
54.4482537353343,12.4855054728204
54.4482511986453,12.485531016608
54.4482062906839,12.4855776148859
54.4482407212288,12.4856333000605
54.4482393248928,12.4856586810934
54.4482374825046,12.485665331928
54.4482368584725,12.4856717342612
54.4482380404024,12.4856777681726
54.4482349946009,12.4856972173437
54.4482353938928,12.485697135495
54.4482330141214,12.4857227290268
54.4482290958842,12.4857486400836
54.4482284715108,12.4857550460613
54.4482239230751,12.4857999319005
54.4482251142928,12.4857996887489
54.4482212048162,12.4858318915276
54.4482187664854,12.4858512330155
54.4482136099761,12.4859025509043
54.448213623591,12.4859025480794
54.4481784249102,12.4859223037833
54.4482120565699,12.4859217206178
54.4482127795717,12.4859215726153
54.4482146626472,12.4859211879347
54.4482104016237,12.4859346280896
54.4482084825213,12.4859538753951
54.4482071902827,12.4859667095362
54.4482046157553,12.4859923796901
54.4481818928828,12.4860284542392
54.4482007371652,12.4860308929501
54.4482000067563,12.4860499047021
54.4481968921409,12.4860694014281
54.4481962682186,12.4860758169059
54.44819697584,12.4860819622089
54.4481949583079,12.4860886610877
54.4481934767021,12.4861141186405
54.4481859669525,12.4861785445693
54.448184687374,12.4861913843892
54.4481827586995,12.4862106479107
54.4481815018808,12.4862234845171
54.4481820058243,12.4862296720021
54.4481354614207,12.4862706255228
54.4481780690155,12.4862682175623
54.4481744404466,12.4862941165869
54.4481718555696,12.486319806131
54.4481699345666,12.4863390696407
54.4481684828135,12.4863645281006
54.4481654599146,12.4863840158547
54.4481635397111,12.4864032786236
54.4481635364798,12.4864158595023
54.4481609710228,12.4864289625734
54.4481603403817,12.4864353812854
54.4481602223939,12.4864479854183
54.4481601239018,12.4864480058484
54.4481537341066,12.486474468741
54.4481564847697,12.4864739072331
54.4481564767512,12.4864739088964
54.4481552069223,12.4864867471605
54.4481526499249,12.486512423547
54.4481538166378,12.4865121855682
54.4481513583909,12.4865252653412
54.4481512173671,12.4865378731406
54.4481499572351,12.4865507067296
54.4481481791723,12.4865573579307
54.448146882743,12.4865701993601
54.448146004269,12.4865892435545
54.44814495688,12.486589456774
54.4481359993528,12.4866793024399
54.4481352061381,12.4866983220618
54.448134569417,12.4867047356275
54.4481344834191,12.4867047534636
54.4481344825325,12.4867047536474
54.4481315128105,12.4867242147975
54.4481302193752,12.4867370483344
54.4481257447256,12.4867819483909
54.4481225429907,12.4868140161356
54.4481229528087,12.4868202717026
54.4481199558933,12.4868397177861
54.4481184469997,12.4868651357182
54.4481148528766,12.4868909766045
54.4481162775842,12.4868969623689
54.4481135749888,12.4869037887871
54.4481114250446,12.4869356031692
54.4481097304403,12.4869422232069
54.448110274974,12.4869483867119
54.4481077471465,12.4869739983971
54.4481052545474,12.4869870537055
54.4481033105297,12.4870062678792
54.4481020259675,12.487019075398
54.4480985903436,12.4870636745711
54.4480892150786,12.4871470807434
54.4480885699327,12.4871534797628
54.4480879149924,12.4871598805855
54.4480872899328,12.4871662749836
54.4480757013754,12.4872814044742
54.4480494198097,12.4873118179188
54.4480734707443,12.4873131712445
54.4480721954038,12.4873259542378
54.448068591369,12.4873517292169
54.4480672945798,12.4873645140336
54.4480647633224,12.487402586486
54.4480631290597,12.4874154368579
54.448062138236,12.4874156383177
54.4480612352091,12.4874345967234
54.4480595575597,12.4874411959674
54.4480576148423,12.4874603634812
54.4480549989467,12.487485921693
54.448053057635,12.4875050846722
54.4480508596707,12.4875368078885
54.4480475786072,12.4875687450597
54.4480476221512,12.4875687360289
54.4480439786555,12.4875944902216
54.4480433398062,12.487600873138
54.4480433391481,12.4876008732744
54.4480420178464,12.4876136476148
54.4480420375332,12.4876136435318
54.4480413834967,12.4876200291371
54.4480374877557,12.4876583328051
54.4480368273871,12.4876647184564
54.4480361965617,12.4876710978154
54.4480342182009,12.4876902527299
54.448033919464,12.48770281431
54.4480257584893,12.4877732169656
54.4480261368223,12.4877793884684
54.448021869449,12.4878114955204
54.4480172413963,12.4878561680459
54.4480120187726,12.4879072027706
54.4480054417467,12.4879709965244
54.448004488613,12.4879899257918
54.448002145253,12.4880028906125
54.448000179207,12.488022024839
54.4480005190713,12.4880281994325
54.4480000116637,12.4880345466287
54.4479991140069,12.4880409746436
54.4479993871899,12.4880409189801
54.4479962309579,12.4880602949993
54.447994269093,12.4880794258987
54.447994586253,12.4880856056538
54.4479935994411,12.4880858063409
54.4479889880451,12.4881305124552
54.4479870210339,12.4881496274963
54.447972742175,12.4882960115121
54.4479691297837,12.4883217041036
54.4479678034379,12.4883344513972
54.447967137875,12.488340826159
54.4479658123574,12.4883535747115
54.4479644790485,12.4883663252473
54.4479631479323,12.4883790757206
54.4479628270163,12.4883916210308
54.4479201970834,12.4884564850261
54.4479320281998,12.4884727918074
54.447954856853,12.4884681303349
54.4479498346132,12.4885066052266
54.447948509654,12.4885193595349
54.447947835818,12.4885257397255
54.4479451635038,12.4885512574809
54.447900661808,12.4885728329386
54.4479425128773,12.4885767737056
54.4479418571074,12.4885831518174
54.4479128678967,12.4886265425491
54.447932462255,12.4886725091452
54.4479298121424,12.4886980417622
54.4479298106252,12.488698042077
54.447929128982,12.4887044297862
54.4479271345932,12.4887235839161
54.4479264680725,12.4887299694884
54.4479264682627,12.4887299694489
54.4479251188101,12.4887427447692
54.4479244580597,12.4887491299182
54.447923143956,12.4887618994706
54.4479171226422,12.4888193973372
54.447915121354,12.4888385674442
54.4479104623662,12.4888833029861
54.4479097797385,12.4888896998294
54.4479084600432,12.488902483107
54.4479008013779,12.4889854170256
54.4478998192066,12.4889856168451
54.4478991571207,12.4889920135076
54.4478978150401,12.4890048105896
54.4478962591669,12.4890239181049
54.4478954640769,12.4890366078813
54.4478898297472,12.4890816105711
54.4478852085117,12.4891264262195
54.4478838536603,12.4891392399671
54.4478831908404,12.4891456447871
54.4478805322292,12.4891712690006
54.4478758739079,12.4892161257376
54.4478761653132,12.4892223396373
54.4478646078558,12.4893251207842
54.4478599959228,12.4893700241436
54.4478602752784,12.4893760925604
54.4478573466098,12.4893955685086
54.44785600317,12.4894084281915
54.447851398792,12.4894534302355
54.4478178275618,12.4894728790267
54.4478494835551,12.4894727093559
54.4478494365842,12.4894727191036
54.4478461556248,12.489504872424
54.4478343637254,12.4896206845945
54.4478317705945,12.489646424106
54.4478284989236,12.4896786103625
54.4478262547148,12.4897042871988
54.4478239036936,12.4897236787896
54.44781739918,12.4897880664516
54.447814773813,12.4898138288257
54.4478134924152,12.4898267055318
54.4478125168935,12.4898395192061
54.4478108779176,12.4898524678958
54.4478111513448,12.4898587196123
54.4478063277253,12.4898975511496
54.4477998591998,12.4899619500836
54.4477998626308,12.4899619493719
54.4477988973559,12.4899747647494
54.4477978849329,12.4899812788466
54.4477959501623,12.4900005975017
54.4477940163782,12.4900199167524
54.4477933728767,12.490026356227
54.4477914153703,12.4900456800519
54.4477911718547,12.4900583462536
54.4477911552089,12.4900709652073
54.4477900228493,12.4900711960476
54.4477849312814,12.4901100810064
54.4477843068756,12.4901165148089
54.447776544385,12.49019377738
54.4477752581805,12.490206652715
54.4477742916166,12.4902257657312
54.4477733623847,12.4902259554176
54.4477730936319,12.4902386214643
54.4477707780536,12.4902517033318
54.447769894856,12.4902644935686
54.4477702454799,12.4902644218648
54.4477636935563,12.4903224910743
54.4477617806236,12.4903417892378
54.4477313834194,12.4903542948501
54.4477610923079,12.4903482320693
54.4477386433401,12.490403219981
54.4477566355943,12.4904058488524
54.4477540578915,12.490418975904
54.4477534155537,12.4904254065684
54.4477537647949,12.490431634416
54.4477482965871,12.4904768380719
54.4477482987781,12.4904768376177
54.4477444823915,12.4905153964899
54.4477412946236,12.4905475228849
54.4477371248067,12.4905987174818
54.4477374119404,12.4905986589596
54.4477355555278,12.490605329709
54.447734909012,12.4906117533447
54.4477323630867,12.4906374364949
54.4477342711662,12.490637046959
54.4477340843568,12.4906370856871
54.4477310841457,12.4906502774406
54.4477285194042,12.4906760434659
54.4477278977336,12.490682452202
54.4477272601157,12.490688863849
54.4477259965672,12.4907016837423
54.4477240820919,12.4907209151049
54.4477180712543,12.4907911988201
54.4477139201029,12.4908234198709
54.4476872425871,12.4909041339446
54.4477053506116,12.4909192499536
54.4477031147057,12.4909322441409
54.4477005720737,12.4909578367274
54.4477009287142,12.4909640314098
54.4476980539699,12.4909834192303
54.4476961539535,12.491002605231
54.4476942410553,12.4910217902131
54.4476933231883,12.4910407682856
54.4476904660271,12.4910601415647
54.4476887411293,12.491079281416
54.447687293709,12.4910920998412
54.4476711382964,12.491107918755
54.4476835047046,12.4911304365118
54.4476828600087,12.4911368276946
54.4476815980417,12.4911496035321
54.4476809611162,12.4911559913317
54.4476809861567,12.4911559861408
54.4476784225576,12.491181542538
54.4476758737244,12.4912070896683
54.4476752462863,12.4912134739915
54.4476739661472,12.4912262471548
54.4476733227177,12.4912326340068
54.4476727022028,12.4912390139862
54.4476617038742,12.4912787847653
54.4476682345238,12.4912837045677
54.4476682736929,12.4912836964477
54.4476650520444,12.4913156178751
54.4476574281575,12.4913921822922
54.4476567915784,12.4913985615627
54.4476555330826,12.4914113174341
54.4476640568019,12.4914158262324
54.4476538885678,12.4914303978316
54.4476131238026,12.4914512113284
54.447649798437,12.4914687163003
54.4476485175536,12.4914814705087
54.4476478785632,12.4914878474984
54.4476465996498,12.4915006020544
54.4476440427996,12.4915261060436
54.4476406242974,12.4915705182646
54.4476393136217,12.4915832741336
54.4476385371025,12.4915896760267
54.447632573355,12.4916408380982
54.447631311717,12.4916535807143
54.4476301689853,12.4916662973194
54.4476281068807,12.4916854437582
54.4476019203497,12.4916970297333
54.4476261887779,12.4917045603182
54.4476261880516,12.4917045604688
54.4476199245517,12.4917682488929
54.4476197266418,12.4917745293847
54.4476184810638,12.4917810240213
54.4476153037582,12.4918128735566
54.4476140027923,12.4918256191129
54.4476097974387,12.4918763940464
54.4476011550407,12.4919530392362
54.4475982218157,12.4919910675188
54.4475982389362,12.4919910639681
54.4475972807218,12.4919912596741
54.4475972812428,12.491991259566
54.4475966360991,12.4919976285719
54.4475959875411,12.4920039992165
54.4475905900956,12.492061246329
54.4475876006417,12.4920868096389
54.4475875908571,12.4920868116683
54.4475869359707,12.4920931829724
54.447540275429,12.4921214215049
54.4475859269124,12.4921121029312
54.4475825991931,12.4921439764718
54.4475800916206,12.4921694442445
54.4475778628921,12.4921823767897
54.4475772093249,12.492188749564
54.4475759076649,12.4922014951271
54.4475746212598,12.4922142369056
54.447571376162,12.4922460979238
54.4475713620531,12.4922461008503
54.4475700827522,12.4922588423761
54.4475694178839,12.4922652185143
54.4475687403059,12.4922715973881
54.4475683948134,12.4922841490234
54.4475661348247,12.4922970921721
54.4475661423982,12.4922970906011
54.4475625380643,12.4923415129168
54.4475631237496,12.4923413934346
54.4475563581978,12.4923927128439
54.4475563497504,12.4923927145963
54.4475553904866,12.4924116402229
54.4475514641091,12.4924436589907
54.4475471981515,12.4924819958445
54.4475473215266,12.4924882162069
54.4475458741764,12.4924947564819
54.4475458918028,12.4924947528251
54.4475437267691,12.4925264218341
54.4475406555706,12.4925457867424
54.4475393584935,12.4925585452076
54.447539334041,12.4925585502806
54.4475286280587,12.4925669831591
54.4475295317269,12.4925792942094
54.4475367024089,12.4925840772
54.4475331029656,12.4926285509714
54.4475275168523,12.4926734397646
54.4475022615765,12.4927036013665
54.4475248874942,12.4926989814457
54.4475235760539,12.4927117514861
54.447522264162,12.4927245234087
54.4475183104502,12.4927628453513
54.4475176636395,12.4927692319926
54.4475163508003,12.49278200807
54.4475150716119,12.4927947780656
54.4475161321153,12.4927945620518
54.447514373326,12.4928011746489
54.4475124057291,12.4928203421579
54.447512382566,12.4928203469639
54.4475117377388,12.492826734302
54.4475064563355,12.4928778669094
54.4475065834443,12.4928903570895
54.4475011964102,12.4929290100883
54.447499882563,12.4929417971053
54.4474985444975,12.4929545910427
54.4474559771558,12.4929820640437
54.4474926009227,12.4930121577566
54.4474906312689,12.4930313484164
54.4474440742377,12.4930847060479
54.4474859957711,12.4930761453871
54.4474793651186,12.493140163593
54.4474794883867,12.4931401390214
54.4474769958791,12.4931657190409
54.447470486696,12.4932359578168
54.4474668257722,12.4932618096389
54.447462854681,12.4933002847894
54.4474621775442,12.4933067012764
54.4474568807265,12.4933580160449
54.4474541967242,12.4933836858564
54.4474528692264,12.4933965162255
54.4474512015927,12.4934219829484
54.4474498845674,12.4934348162057
54.4474435835672,12.4934863668736
54.4474435990582,12.4934863636596
54.4474419239888,12.493511842961
54.4474420066121,12.4935118268244
54.4474396142098,12.4935248831205
54.447437612587,12.4935441469285
54.4474349930526,12.4935698239746
54.4474333074447,12.4935953125193
54.4474312534726,12.4936083035021
54.4474305963742,12.4936147234583
54.447429749362,12.4936211828756
54.4474290125239,12.4936276205688
54.4474290169214,12.4936276196565
54.4474283488806,12.4936340432022
54.4474237160821,12.493679002338
54.4474230598386,12.4936854243643
54.4474210753223,12.4937046943474
54.4474204104513,12.4937111185759
54.4474171014906,12.4937432370106
54.4474158098454,12.4937560788141
54.4474138190185,12.493775353116
54.4474137373625,12.4937816593247
54.447413844534,12.4937816370922
54.4474118208817,12.493794629618
54.4474098663301,12.4938138977032
54.4474072153416,12.4938395958612
54.4474045895674,12.493865293403
54.4473866421035,12.4938752481573
54.4474048207398,12.4938715365657
54.4474038846235,12.4938780169515
54.4474030029452,12.4938907782642
54.4473971617347,12.4939422949266
54.4473964242606,12.493955026893
54.4473957347882,12.4939614574184
54.4473911406382,12.4940064292912
54.4473902066611,12.4940066200007
54.4473888827949,12.4940194717235
54.4473875847297,12.4940323180711
54.4473849796896,12.494058010603
54.4473830132229,12.4940772838536
54.4473820312416,12.4940963567144
54.4473810639099,12.4940965533263
54.4473764964935,12.4941415173373
54.447375843221,12.4941479408932
54.447373902588,12.4941672072959
54.4473327233772,12.4941819030381
54.4473712889057,12.4941929005212
54.447338368768,12.494205909213
54.447370004987,12.4942057410916
54.4473693528406,12.4942121648004
54.4473687054234,12.4942185865261
54.4473664105181,12.4942505007874
54.4473622338029,12.4942827964408
54.4473609368154,12.4942956386383
54.4473590009939,12.4943148991609
54.4473576037491,12.4943403361117
54.447355129485,12.4943534166616
54.4473532021865,12.4943726727474
54.4473535092838,12.4943788973324
54.4473499882924,12.494404764389
54.4473480701766,12.4944240158703
54.4473467689195,12.4944368542579
54.4473469506665,12.4944368175742
54.4473467817376,12.4944368515998
54.4473461384225,12.4944432690919
54.4473455007346,12.4944496852919
54.4473455001559,12.4944496854119
54.4473448405489,12.4944561060306
54.447340995861,12.4944946008362
54.4473405176434,12.4945073056757
54.4473367304659,12.4945457696599
54.4473345471606,12.4945587768453
54.447333918449,12.4945651861989
54.4473313982703,12.4945908241797
54.4473307651928,12.4945972327624
54.4473295164919,12.4946100477291
54.447325617952,12.4946547995501
54.4473250565679,12.4946549139443
54.447324447579,12.4946613169432
54.4473225422505,12.4946805412555
54.4473200224733,12.4947061643891
54.4473193934952,12.4947125702792
54.4473174411077,12.4947380774158
54.4473162798651,12.4947445908637
54.4472720575726,12.4947598920452
54.4473150663073,12.4947573923714
54.4473124741014,12.4947830246704
54.4473118877955,12.4947894197901
54.4473112040694,12.4947958349478
54.4473099709345,12.4948086369263
54.4473099877632,12.4948086334369
54.4473087071974,12.4948214436655
54.4473093545297,12.4948275860437
54.4473074550591,12.4948342483498
54.4473068538053,12.4948406452688
54.4473055826772,12.4948534528453
54.447304302956,12.4948662615499
54.4473030599556,12.4948790619864
54.4473030580538,12.4948790623807
54.4473005224376,12.4949046697084
54.4473008518195,12.49491087395
54.4472999173457,12.4949110646898
54.4472986369144,12.4949238705956
54.4472970989094,12.494949271379
54.4472942452846,12.4949686674776
54.4472936072203,12.4949750685951
54.4472946073986,12.4949748642333
54.4472929855704,12.4949814661462
54.4472911162487,12.4950006587294
54.4472905159364,12.4950070512058
54.4472885964992,12.4950262523022
54.4472867203834,12.4950454419584
54.4472864284237,12.4950580391025
54.4472854348488,12.4950582420939
54.4472823051744,12.4950902221805
54.4472804256192,12.4951094086862
54.4472798119228,12.4951158012134
54.4472791341204,12.4951222050078
54.447278612408,12.4951285791541
54.4472746100515,12.4951857908098
54.4472690488525,12.4952245161483
54.4472678039674,12.4952372991389
54.4472621108188,12.4952948341979
54.4472621245368,12.4952948313535
54.4472602235064,12.4953140068555
54.4472583383084,12.4953331768675
54.4472564167207,12.495352355034
54.4472564491625,12.4953523483074
54.4472500919835,12.4954162558582
54.4472481926303,12.4954354251257
54.4472475483471,12.4954418156967
54.4472475503463,12.4954418152822
54.4472443646029,12.4954737635153
54.4472449247498,12.4954799085563
54.4472427918029,12.4954991205735
54.4472418577473,12.4954993112314
54.4472386287424,12.495531262053
54.4472386367948,12.4955312603833
54.4472380039029,12.4955376477089
54.4472340532931,12.4955885138196
54.4472316117278,12.4956015261571
54.447220627179,12.4956162813386
54.4472293622362,12.4956332681015
54.4472275140548,12.49565241518
54.4472226160699,12.4956909498823
54.4472205438959,12.495710139872
54.4472200267482,12.495716500366
54.4472204080448,12.4957226784948
54.4472187604695,12.4957292691994
54.4472174504508,12.4957420468419
54.4472161773081,12.4957548164322
54.4472084810376,12.4958314438875
54.4472078297761,12.4958378298018
54.44720817902,12.4958440122017
54.4472074609956,12.4958504098944
54.4472058776019,12.4958569858955
54.4472064024557,12.4958631326227
54.4472054947951,12.4958695703891
54.447193826294,12.4959094661586
54.4471992831362,12.4959208570443
54.4471995807838,12.4959270484097
54.447198922259,12.4959334349963
54.4471973111808,12.4959400160562
54.4471946785216,12.4959655615033
54.4471940249172,12.4959719468203
54.447193664676,12.4959845221936
54.4471920331639,12.4959911061777
54.44719098091,12.4960038246339
54.4471900235841,12.4960165242136
54.4471887115652,12.4960230428723
54.4471474740095,12.4960439630148
54.447187685275,12.49604200711
54.4471860792773,12.4960485865646
54.4471859331664,12.496054868271
54.4471847406502,12.4960613629423
54.4471840072895,12.4960802661371
54.4471817494832,12.4960994832617
54.4471817107375,12.4960994902913
54.4471363446748,12.4961337540255
54.4471747777983,12.4961571673755
54.4471714425724,12.4961891052852
54.447170786362,12.496195488776
54.4471709107443,12.4962017152642
54.447169459792,12.4962082615142
54.4471687282857,12.4962209138274
54.4471674508006,12.4962274260778
54.4471674500771,12.4962274262279
54.4471684581499,12.4962272211791
54.4471667932304,12.4962338127179
54.4471641412075,12.4962593593112
54.4471236032988,12.4962801371206
54.4471637986513,12.4962719333219
54.447160801933,12.4962912993128
54.4471594571113,12.4963040773618
54.4471581312078,12.4963168516084
54.4471547958303,12.4963487911633
54.4471550844513,12.4963549841705
54.4471541289152,12.4963551793386
54.4471544170031,12.4963613724957
54.4471527978071,12.4963679561764
54.4471530592729,12.4963741549375
54.4471460817621,12.4964318472475
54.4471463924268,12.4964380362842
54.4471094030314,12.4964518392378
54.4471432206186,12.4964699483549
54.4471414575732,12.4964765608137
54.4471387535589,12.4965021254835
54.4471367479271,12.4965212950261
54.4471357123352,12.4965402669947
54.4471334091694,12.4965532448228
54.4471327439594,12.4965596344711
54.4471330533325,12.4965658241289
54.4471314214515,12.496572411419
54.4471293821366,12.4965915912672
54.4471293929843,12.4965915890171
54.4471293878008,12.4965915900923
54.4471280633751,12.4966043682148
54.4471267123276,12.4966171531148
54.4470882244255,12.4966437726809
54.4471247233147,12.4966363215032
54.4471240640922,12.4966427109493
54.4471220414918,12.4966618891294
54.4471207155528,12.496680925613
54.4471193791269,12.4966874541421
54.4471189974416,12.496700042329
54.4471167195088,12.496713019129
54.4471147146651,12.4967321976006
54.4471093577972,12.496783343332
54.4471086962813,12.4967897354447
54.4471090071115,12.4967959289791
54.4471066806104,12.4968089188667
54.4471066803351,12.4968089189238
54.4471066140237,12.4968277051056
54.4471040483279,12.4968344859198
54.4471020378558,12.4968536686554
54.4471000172099,12.4968728563603
54.4470967062557,12.4969048263399
54.447096988323,12.4969110278175
54.4470960282933,12.49691122395
54.4470953820469,12.4969176150964
54.447091396176,12.4969559869099
54.4470900530235,12.4969687805403
54.4470853920485,12.4970135570514
54.4470827622073,12.4970391393058
54.4470820856085,12.4970455391475
54.4470814338415,12.4970519339616
54.4470816811915,12.4970581201811
54.4470787332738,12.497077512909
54.4470721728553,12.4971414960118
54.4470724534587,12.4971477027866
54.4470695321065,12.4971670961804
54.447069869028,12.4971732927009
54.4470687954418,12.4971797779971
54.4470675663299,12.4971862936733
54.4470861602927,12.4971887635152
54.4470662573157,12.4971990928826
54.4470623334571,12.4972374927862
54.4470305325107,12.4972502520064
54.4470603772664,12.4972566931865
54.4470527873932,12.497289577534
54.4470573119844,12.4972886540005
54.44705710114,12.4972886967341
54.4470550723539,12.4973204513138
54.4470534924089,12.4973333107616
54.4470499229947,12.4973591150689
54.4470492754412,12.4973655163861
54.4470492572787,12.4973780584861
54.4470460079631,12.4973975308383
54.447045124149,12.4974165205921
54.4470437571348,12.4974293392696
54.4470437727906,12.4974293360219
54.4470417822391,12.4974485539262
54.4470360503262,12.4974559954401
54.4470382249259,12.497474363665
54.4470382283907,12.4974743629463
54.4470378965709,12.497480701754
54.447037927118,12.4974869646329
54.4470363735552,12.4974935530733
54.4470349735848,12.4975063812239
54.4470337007023,12.4975191843572
54.4469921800736,12.4975339325953
54.4470275735613,12.4975894305863
54.4470227223275,12.4976280599809
54.4470214194773,12.497640872069
54.447021409791,12.4976408740783
54.4470201376217,12.4976536810955
54.447016893706,12.4976857133444
54.4470143198565,12.4977113343911
54.4470130208389,12.497724148921
54.4470123789293,12.4977305537616
54.4470104609423,12.4977497708914
54.4470098317602,12.4977561743409
54.4470085285499,12.4977689898371
54.4470063330653,12.4978008158303
54.4470040200669,12.4978138387287
54.4469729401767,12.4978390114176
54.4469988893589,12.497865094236
54.4469976208716,12.4978779058175
54.4469499264428,12.4979378527371
54.4469886331589,12.4979676131274
54.4469873454006,12.4979804304868
54.4469867116669,12.4979868371345
54.446982863482,12.498025287476
54.4469796614177,12.4980573286657
54.4469777682572,12.4980765485738
54.4469771127365,12.4980829604194
54.446976470881,12.4980893684658
54.4469751967326,12.4981021854788
54.446975511316,12.49810839919
54.4469753838571,12.4981084256275
54.4469729424795,12.4981340351579
54.4469694210902,12.4981598651791
54.44696941993,12.4981598654197
54.4469636504069,12.4982175485474
54.4469549200116,12.4983072295228
54.4469343320709,12.4985123504715
54.4469291987398,12.4985636310892
54.4469268598953,12.498589221499
54.4469202141977,12.4986533637394
54.4468694774134,12.4986888315616
54.4468693582473,12.4986888562749
54.4469170333792,12.4986854040605
54.4469144781757,12.4987110366003
54.4469148420718,12.4987172409073
54.4469139048142,12.4987237099654
54.44691293968,12.4987301847452
54.4469125297611,12.498730267744
54.4469112562195,12.4987430838748
54.4469106033413,12.4987494937859
54.4469099730086,12.4987558998941
54.4469074099579,12.4987815323384
54.4469074227115,12.4987815296936
54.4469042040435,12.4988135700321
54.4469068989344,12.498856955943
54.4468960381509,12.4989031049861
54.4468952204573,12.4989032715375
54.4468900933141,12.4989545218833
54.4468384722041,12.4990027056385
54.4468849450284,12.4990057684822
54.4468851992817,12.4990057167635
54.446883020841,12.4990249842123
54.4468335156231,12.4990539090581
54.4468808557162,12.4990567966042
54.446830624134,12.4990733207004
54.4468321748787,12.4990730041539
54.4468765428165,12.4990890430982
54.4468152219055,12.4992019177441
54.4468153450809,12.4992018932076
54.4468104250476,12.4992530645756
54.4468089986128,12.499265897854
54.4468092776565,12.4992658409963
54.446805833842,12.4993229759573
54.4467977299276,12.4993434391286
54.4467969859833,12.499349859774
54.4468035485099,12.4993485210833
54.446785722918,12.4994837923782
54.4467818622859,12.499497115134
54.4467822971343,12.4994970259692
54.4468272079591,12.4995755912072
54.446826539428,12.4995819934594
54.4467708869375,12.499662306662
54.4467714295217,12.4996684567871
54.4467683984215,12.4996815972528
54.4467680308756,12.4996816724618
54.4467697702322,12.4996938384653
54.4467685047984,12.4997003571092
54.4467620718535,12.4997141900885
54.446813476599,12.4997099596098
54.4467579383826,12.4997713720881
54.4467544184286,12.4997846084827
54.4467553168532,12.4997906853819
54.4467565633912,12.4997966890989
54.4467534030229,12.499803593446
54.4467504623918,12.4998229699821
54.4467521366237,12.4998226288371
54.4467463617632,12.4998551018258
54.4467469800873,12.4998612341794
54.4467488068405,12.4998608614038
54.4467366770066,12.4999634682707
54.4467330224109,12.5000017623761
54.4467322701084,12.5000144319875
54.4467265464007,12.5000531473826
54.4467261964243,12.5000594758161
54.4467251714853,12.500072200788
54.4467236957866,12.5000850182231
54.4467299281681,12.5000837458789
54.4467225308232,12.5001102838694
54.4467008146825,12.5001209746824
54.4467197664785,12.5001171068221
54.4467251900438,12.500122257925
54.4467172837034,12.5001363878267
54.4467198081629,12.5001421301154
54.4467165806556,12.5001553040211
54.4467169400257,12.5001552305002
54.4467157734549,12.5001742428811
54.4467178028578,12.5001926026979
54.4467139398265,12.500205907628
54.4467092593678,12.500219379167
54.4467089966756,12.5002256906672
54.4467124283381,12.5002249900563
54.4467080356872,12.5002321450008
54.4467069560594,12.5002448812109
54.4467109070549,12.5002503330559
54.4467051821791,12.5002577613265
54.4467082449138,12.5002759109798
54.4467081172122,12.5002821948611
54.4467030462852,12.5003145208224
54.4466993705756,12.5003465654695
54.4467018924514,12.500346050504
54.4467025299913,12.500358439013
54.4466974958116,12.5003845021026
54.4466952323968,12.500410002401
54.4466933387382,12.5004166475646
54.4466852956717,12.500505929267
54.4466839239088,12.5005187306995
54.4466812878211,12.5005380495232
54.4466823866127,12.5005378246545
54.4466752737204,12.5006206751945
54.4466828351739,12.5006316570025
54.4466847458919,12.5006312667551
54.4466717266987,12.5006464480928
54.4466639935818,12.5006668139996
54.4466590401733,12.5007555095117
54.4466647793471,12.500760602266
54.4466409206686,12.5008970415635
54.4466392715774,12.5009286274885
54.4466341440906,12.5009610400118
54.4466322893974,12.5009865167686
54.4466307959012,12.5009930957892
54.4466253950688,12.5010506697657
54.4466274219127,12.5010565325633
54.4466214933431,12.5010828446231
54.4466225041176,12.5010826390113
54.4466233337547,12.501082468956
54.4466208544745,12.5010892497676
54.4466204892785,12.5010956001679
54.4466239829336,12.5010948876543
54.446620960366,12.5011017802145
54.4466176900951,12.5011212759792
54.4466176065656,12.5011212933031
54.4466157379423,12.5011405021349
54.4466166970154,12.501146583525
54.4466117815911,12.5011664158813
54.4466168919856,12.5011653731025
54.446611675081,12.5011789890613
54.4466016633211,12.5011873078917
54.4466110596589,12.5011853903135
54.4466171715168,12.5012092505715
54.4466078752064,12.5012362549892
54.4466045794822,12.5012557595242
54.4466030146592,12.5012811876498
54.4466035269581,12.5012810834154
54.4466031494288,12.5012874379433
54.4465777611477,12.5013114516064
54.4465993512042,12.5013195992552
54.4465994007234,12.5013258664361
54.4465987266536,12.5013322816337
54.446597299755,12.5013388519012
54.4465954899916,12.5013580526591
54.4465940160532,12.5013771868412
54.4465944217278,12.501389656918
54.4465917869729,12.5013964728257
54.4465909512067,12.501402920685
54.4465922723964,12.5014214843967
54.44658731232,12.5014413296118
54.4465863347989,12.5014666385464
54.4465836593189,12.501486017872
54.4465820127523,12.5015114642186
54.4465793583502,12.5015245604475
54.4465782653262,12.5015310614756
54.4465772801098,12.5015375391184
54.4465780192383,12.5015436652541
54.4465756990982,12.5015566948771
54.4465756148964,12.5015629885861
54.4465735791833,12.5015822353565
54.4465716961578,12.5015951740437
54.4465707896451,12.5016016342077
54.44656909691,12.5016082572355
54.4465705750776,12.5016142327252
54.4465699300543,12.5016269183454
54.446566119505,12.5016590804357
54.4465642106708,12.5016657468967
54.4465624916112,12.5017037564254
54.4465577590694,12.5017423797846
54.446560129121,12.5017418963618
54.446555325267,12.5017491524075
54.4465522619997,12.5017686051509
54.4465459513931,12.5018200949531
54.4465484174082,12.5018321430165
54.4465461325771,12.5018514348007
54.446545107787,12.5018704677329
54.4465453794393,12.5018829626478
54.4465391648698,12.50190305354
54.4465424950666,12.5019023730497
54.4465367091527,12.5019286522925
54.4465334236611,12.5019355964714
54.446532161961,12.5019672227891
54.4465277230769,12.5019994957631
54.4465286587677,12.5019993047591
54.4465173325244,12.5020078891889
54.4465268905821,12.5020247571768
54.4465219349557,12.5020571297969
54.4465204727806,12.5020699725069
54.4465174659743,12.502095673993
54.4465160109429,12.5021085151937
54.4465139970872,12.5021277404323
54.4465159840802,12.5021273344585
54.4465145970575,12.5021401616254
54.4465144471728,12.5021464628951
54.4465114157635,12.5021596245452
54.4465104326197,12.5021660953869
54.4465095900833,12.5021788086839
54.4465140173979,12.5021779057591
54.4465068362234,12.502223379681
54.4465016721433,12.5022432112709
54.4465027462803,12.502249249845
54.4465041343304,12.5022614841846
54.446495191196,12.5023071205359
54.446499795733,12.5023061808694
54.4464936849605,12.5023199448071
54.4464925158343,12.502332701007
54.4464942320409,12.5023511251451
54.4464911168156,12.502358020198
54.4464886968598,12.502371030305
54.4464867193021,12.5023902077583
54.4464878330437,12.5023899798367
54.4464856389114,12.5024029439086
54.4464832142657,12.5024409879142
54.4464854226681,12.5024467950556
54.4464771527894,12.5024985455294
54.4464793727032,12.5024980932561
54.4464747631012,12.502505293104
54.4464743570765,12.502517891687
54.4464725724888,12.5025745824349
54.4464761478268,12.5025738521076
54.4464649368072,12.5026136925079
54.4464666573321,12.5026133417676
54.446464985332,12.5026199424605
54.4464632375752,12.5026265579272
54.4464636347475,12.5026327366564
54.4464632462069,12.5026390754447
54.4464618239537,12.5026456256479
54.4464600214157,12.5026585113043
54.4464611303752,12.5026582853671
54.4464607909283,12.502658354751
54.4464606718429,12.5026583784395
54.4464575240522,12.5026903188536
54.4464561532572,12.502696858072
54.4464537883077,12.5027411641676
54.446451075045,12.5027542395724
54.4464421934754,12.5027810970851
54.4464494687502,12.5027796125514
54.4464309123361,12.5027896607564
54.4464465934988,12.5027927228912
54.446445279014,12.5028117771244
54.4464472415765,12.5028113761813
54.4464465921502,12.5028177709908
54.4464459388847,12.5028304291447
54.4464422193355,12.5028437136441
54.4464433064762,12.5028434922253
54.4464387035436,12.5028757462942
54.44643731739,12.5028822932706
54.4464356494279,12.5028951598132
54.4464378632806,12.5029135002274
54.4464325954149,12.502939635363
54.4464314772427,12.502952393657
54.4464396539971,12.5029569906082
54.4464285050504,12.5029780627561
54.4464274367359,12.5029845473818
54.4464261101888,12.5029973521022
54.4464276580436,12.5029970361475
54.4464247306676,12.5030038997676
54.4464232304279,12.5030167396802
54.446422188395,12.5030232188903
54.4464240076758,12.5030291149753
54.4464224538582,12.5030294321665
54.446420811099,12.5030423029775
54.4464209927036,12.5030422663233
54.4464217211195,12.503042117281
54.4464205277226,12.5030486285936
54.4464221852403,12.5030859028803
54.4464149493128,12.5030999177434
54.4464120689831,12.5031255824267
54.4464117790711,12.5031381832729
54.4464078407186,12.5031640706452
54.4464089277188,12.5031638492554
54.4464149623605,12.5031688893752
54.4464106925642,12.5031760323369
54.4464090440139,12.5031826409721
54.4463911495013,12.5033431499705
54.4463877438404,12.5033626781805
54.4463877937472,12.5033626678317
54.4463878385812,12.5033626585348
54.4463851062594,12.5033883269577
54.4463809890845,12.5034331187728
54.4463807886652,12.503433159326
54.4463836490369,12.5034451353877
54.4463795321472,12.5034522558229
54.4463780550738,12.5034711347352
54.4463764482634,12.5034777600679
54.4463767355314,12.5034777015044
54.4463744828488,12.5034970542437
54.4463711553502,12.5035292252194
54.4463781241435,12.5035341020087
54.4463672443098,12.503567815425
54.4463676014468,12.5035677423783
54.4463693496778,12.5035673859163
54.4463718567053,12.5035668741292
54.4463677070179,12.5035740209642
54.446366349665,12.5035868976019
54.4463625858457,12.5036191659807
54.4463533738871,12.5036399468052
54.4463660461996,12.503637361587
54.4463577964071,12.5036705479169
54.4463568631647,12.5036833408987
54.4463545104538,12.5037090240553
54.4463570428327,12.503721109787
54.4463517390929,12.5037410940009
54.4463501130306,12.5037603267566
54.4463492170713,12.5037731120627
54.4463490027542,12.5037794552819
54.4463842309369,12.503929764852
54.4463835675715,12.5039361984644
54.4463844662109,12.503936015206
54.4463608310862,12.5041674242597
54.4463573932279,12.504193278263
54.4463567352286,12.5041997004156
54.4463335947868,12.5042358547446
54.4463542977506,12.5042316324929
54.4463527645793,12.5042445163467
54.4463508677748,12.50425747313
54.4463502234904,12.5042638880216
54.4463483995569,12.5042893955035
54.4463483944129,12.5042893965696
54.446346293564,12.5043023885151
54.4463112956784,12.5043220898565
54.4463449915409,12.5043152173308
54.4463443171019,12.5043216360124
54.4463436939363,12.5043280436768
54.4463391112067,12.5043729318694
54.446339143906,12.5043729250929
54.4463365004317,12.5043985688922
54.4463319070759,12.504443427314
54.4463321581946,12.5044433762794
54.4463306423234,12.5044562302599
54.4463301990146,12.5044688642438
54.4463286813053,12.504475444636
54.4463286748079,12.5044754459824
54.4462979167654,12.5044942590366
54.4463267341471,12.5044946512277
54.4463195786531,12.5045650474753
54.4463185691741,12.5045777815219
54.4463176203111,12.5045842383502
54.4463185579332,12.5045840470608
54.4463144029248,12.504616202287
54.4463137647692,12.5046225920205
54.4463137351727,12.5046225981539
54.4463130966006,12.5046289884413
54.4463124580038,12.5046353782682
54.4463118014397,12.5046417713528
54.4463111424551,12.5046481644729
54.4463072575103,12.504686499103
54.4462987978086,12.5047697531448
54.4462975062243,12.5047824730815
54.44629621582,12.5047951909719
54.4462957939858,12.5048077301145
54.446294937511,12.504807904596
54.4462910578765,12.5048460418243
54.4462898060475,12.5048587433542
54.4462909610976,12.5048585079878
54.4462891462283,12.5048651014921
54.446288496499,12.5048714562324
54.4462852837294,12.5049032160753
54.446284633513,12.5049095687584
54.4462839957369,12.5049159185235
54.4462833807427,12.5049222632329
54.4462828888782,12.5049348017698
54.4462788973345,12.5049667044075
54.4462782318235,12.5049730571305
54.446278220335,12.5049730595118
54.4462775865487,12.5049794044526
54.4462744202212,12.5050173441951
54.4462698766068,12.505055555003
54.4462698790821,12.5050555544898
54.4462628286119,12.5051253308088
54.4462628350916,12.5051253294654
54.4462622030045,12.5051316700832
54.4462615541551,12.5051380140493
54.4462609196049,12.5051443549301
54.4462541313437,12.5052202700114
54.4462532410032,12.5052204516073
54.4462513129432,12.5052394752697
54.4462493883303,12.5052584970935
54.4462494044233,12.5052584937564
54.4462503368239,12.5052583034289
54.4462487722475,12.5052648330239
54.4462464467056,12.5052963593728
54.446245163626,12.5053090420335
54.4462436395898,12.5053155634211
54.4462430066033,12.5053219030928
54.4462430038375,12.5053219036663
54.4462410838406,12.5053409264789
54.4462391579185,12.5053599530336
54.4462385255125,12.5053662921752
54.4462378855437,12.5053726339074
54.4462372232357,12.5053789803753
54.4462372702792,12.5053789706186
54.4462353208279,12.5053980029239
54.4462346786941,12.5054043456755
54.4462321236453,12.5054297152519
54.4462305980348,12.5054548777799
54.4461975459926,12.5054678358492
54.4462297787091,12.5054612567312
54.4462298167551,12.5054612488397
54.4462289165571,12.5054614325419
54.446228901533,12.5054614356583
54.4462272514662,12.5054866247683
54.446226344837,12.5054868098108
54.4462233671967,12.5055247050207
54.4462227347112,12.505531049425
54.4462193104941,12.5055566110402
54.4462154651081,12.5055946994072
54.4462141869915,12.5056073970048
54.4462135362344,12.5056137486713
54.4462128878107,12.5056201001536
54.4462117599432,12.505632769984
54.4462096777471,12.5056518555686
54.4462096936368,12.5056518522719
54.4462090442462,12.5056582059315
54.4462093043483,12.5056643741596
54.4462077678799,12.5056709094268
54.4462064744843,12.50568361503
54.4462064768349,12.5056836145423
54.4462064690645,12.5056836161545
54.4462058424731,12.5056899666931
54.446204544722,12.5057026780746
54.4462039104586,12.5057090312702
54.4462034631744,12.5057215713752
54.4462026218208,12.5057217429265
54.4461996303674,12.50575970848
54.4461961951872,12.505785320592
54.4461938060298,12.5058169555038
54.4461929766679,12.5058171245831
54.4461919041046,12.5058360374328
54.4461891304396,12.5058553011821
54.4461501765672,12.5058881927118
54.4461832908295,12.5059126075932
54.4461826560283,12.5059189746443
54.4461794814337,12.5059508170244
54.4461787807357,12.5059572005663
54.4461353408799,12.5059785544906
54.4461775021069,12.5059699436035
54.4461755507605,12.5059890686949
54.4461719295599,12.5060332694137
54.4461714373808,12.5060333695513
54.44616977951,12.5060462404809
54.4461687666756,12.50607152011
54.4461615224429,12.5061357096358
54.4461607424835,12.5061358684937
54.4461609104161,12.5061421083457
54.4461593820255,12.5061486955998
54.4461581001942,12.506161507207
54.4461576232307,12.5061741555776
54.4461440813936,12.5061957519572
54.4461541842229,12.5061999660025
54.4461502834037,12.5062384372201
54.4461504638975,12.5062446810878
54.4461491382262,12.5062512328923
54.4461491531687,12.5062575108686
54.4461470286143,12.5062705070804
54.4461190102037,12.506288796001
54.4461450525055,12.5062897597073
54.4461450833862,12.5062897532985
54.4461405010167,12.5063346772373
54.4461374065133,12.506373028501
54.4461367603486,12.5063794480561
54.4461361177181,12.5063795794068
54.446109990047,12.5063912027466
54.4461327197138,12.5064117138404
54.4461328218691,12.5064179827159
54.4461294704547,12.5064438259791
54.4461281106011,12.5064566850433
54.4461282635753,12.5064629451036
54.446127477161,12.5064631052799
54.4461274649752,12.5064631078086
54.4461276270662,12.5064693662056
54.4461254872419,12.5064823859313
54.4461222448052,12.5065145091861
54.4461222280302,12.5065145126671
54.4461230536566,12.506514344359
54.4461210723219,12.5065336271387
54.4461196331331,12.5065402139791
54.4461183786951,12.5065530553488
54.4461183154826,12.5065530684657
54.4461157221351,12.5065787744484
54.4461143970754,12.5065916341701
54.4461137510847,12.5065980608007
54.4461130907173,12.5066044905425
54.4461117945168,12.5066173453006
54.4461099788234,12.5066428970636
54.4461078535406,12.5066559230215
54.4461053953644,12.5066879042167
54.4461039468623,12.5066944957626
54.4461026227878,12.5067073586965
54.4461041030817,12.5067070565906
54.4461013306799,12.5067202151895
54.4461006748367,12.5067266455273
54.4461001367535,12.5067393488783
54.4460993658518,12.5067395058057
54.4460993605576,12.5067395069041
54.4460881402358,12.5067480950143
54.4460994931568,12.5067457767643
54.4460579299567,12.5067605597144
54.4460973871427,12.5067587985217
54.4460960843452,12.5067716557545
54.4460962435591,12.5067779201524
54.4460516154547,12.5067933287598
54.4460934663648,12.5067973765303
54.4460934582378,12.5067973782164
54.4460921613478,12.5068102360165
54.4460915088524,12.506816665722
54.4460888813164,12.5068423878506
54.446082993089,12.5069002536383
54.4460545020748,12.5069186616911
54.4460803791143,12.5069259695977
54.4460803941151,12.5069259664858
54.4460777705883,12.5069516827528
54.4460317730198,12.5070177197299
54.4460718946222,12.507009528733
54.4460706004316,12.5070223800518
54.4460276335141,12.5070374453178
54.4460686503589,12.5070416576555
54.4460687691476,12.5070479267299
54.446068798357,12.5070479206709
54.4460673504271,12.5070545085272
54.4460739732271,12.5070657414281
54.4460647215623,12.5070802132075
54.4460634169494,12.5070930637914
54.4460243251931,12.5071073350166
54.4460627653431,12.5070994882383
54.4460614503165,12.5071123388569
54.4460609335356,12.5071250251567
54.4460581796178,12.5071444573065
54.4460583179841,12.5071507191669
54.446057533901,12.5071508787843
54.4460581849769,12.5071570350806
54.4460557049381,12.5071701204249
54.446055598002,12.5071701415997
54.4460563622948,12.5071699860888
54.4460446804445,12.507184947929
54.4460542956958,12.5071829847435
54.4460503632125,12.507221510848
54.4460503721088,12.5072215090028
54.4460538802121,12.5072207934468
54.4460497111431,12.5072279316996
54.4460444991037,12.5072792796744
54.4460444939096,12.5072792807517
54.4460431908528,12.5072921153335
54.4460392632719,12.5073307631661
54.4460366579945,12.5073563659863
54.4460329901716,12.5073947142933
54.4460327564411,12.5073947617629
54.4459928670209,12.5074279623533
54.4460296296433,12.5074329870672
54.4460283400377,12.5074457778873
54.4460275647455,12.5074459356646
54.4460269136273,12.5074523329166
54.446024308474,12.5074779148345
54.4460217002938,12.507503494101
54.4460204754258,12.5075162657842
54.4460197590691,12.5075226728057
54.4460199487042,12.5075288946943
54.4460178085971,12.5075418512076
54.4460152322394,12.5075674130757
54.4460152401711,12.5075674114307
54.4460153767623,12.5075736426442
54.4460145742239,12.5075738060755
54.4460105706671,12.507618427743
54.4460069453143,12.5076567040581
54.4460055225226,12.5076632496072
54.4460031172098,12.5076950158662
54.4460016375311,12.5077015711069
54.4460009983697,12.5077079557775
54.4460010008749,12.5077079552579
54.445999691043,12.5077207305791
54.4459977639059,12.5077398844074
54.4459932389084,12.5077845765772
54.4459925975102,12.5077909594826
54.4459934009511,12.5077907958534
54.4459893472249,12.5078228807943
54.4459893558651,12.5078228790021
54.445989104074,12.507829180282
54.4459880542804,12.5078356458631
54.4459835302812,12.507880320562
54.4459823330055,12.5078993150248
54.4459783537605,12.5079313727939
54.4459763944522,12.5079505207366
54.4459764057421,12.5079505183947
54.4459764939755,12.5079567497912
54.4459745612128,12.5079758893056
54.4459738963268,12.5079822725666
54.4459725234617,12.5079888016037
54.4459693644618,12.5080269351498
54.4459681040179,12.5080396891812
54.4459673679503,12.5080398388523
54.4459667010335,12.5080462228976
54.4459648526681,12.5080715888774
54.4459648397276,12.5080715915618
54.4459634736753,12.5080781173975
54.4459608680867,12.508103639476
54.4459602392994,12.5081100152341
54.4459590327944,12.5081290043622
54.4459583630775,12.5081353885331
54.445955706819,12.5081546712741
54.4459537473554,12.5081738143002
54.4459544337287,12.5081736739227
54.4459537546867,12.5081738127793
54.4459530891538,12.5081801960478
54.4459485550118,12.508224852512
54.4459472760767,12.508237608487
54.4459052501737,12.5082774266364
54.4459435512029,12.5082820997504
54.4459026876704,12.5083154355
54.4459375320532,12.5083333119709
54.4459370909518,12.5083458987125
54.4459355603204,12.5083524594596
54.4459355733657,12.5083524567531
54.4459355701129,12.508352457428
54.4459571740484,12.5083605433173
54.4459343260768,12.5083714557316
54.4459329714246,12.5083779812739
54.4459316686488,12.5083907457416
54.4459323627032,12.508390603756
54.4459310180528,12.5083971274714
54.4459284152261,12.5084226544408
54.4459284320483,12.5084289001643
54.4459245196664,12.5084609473922
54.4459245286997,12.508460945518
54.4459238596292,12.5084673321523
54.4459219361233,12.5084927237703
54.4459206410232,12.5084992388517
54.4459221238104,12.5084989362288
54.4459061830576,12.5085084409404
54.4459193186641,12.508512009414
54.4459172400429,12.5085186854179
54.4459173738383,12.5085311604842
54.4459147705336,12.5085566970749
54.4459121609473,12.5085821389038
54.4459117353507,12.5085947442523
54.4459101931399,12.5086013184651
54.4459082338355,12.5086267574323
54.4459062804314,12.5086396759055
54.4459049862659,12.5086524611314
54.4459043170079,12.5086588595021
54.4459047015374,12.50865878072
54.4459030178359,12.5086716457303
54.4459010346523,12.5086908347362
54.4459004910785,12.5086972069926
54.4459010831493,12.508697086152
54.4458997460806,12.5087098811054
54.4458977918119,12.5087228045778
54.4458944946898,12.5087547913501
54.4458938772307,12.5087611804312
54.4458941587677,12.5087673852062
54.4458932022852,12.5087675806564
54.4458925514432,12.5087739769619
54.445891888496,12.5087803759277
54.4458912728153,12.5087930289482
54.4458905718855,12.5087994362398
54.4458892974241,12.5088122248313
54.4458866511898,12.5088315592274
54.4458866641324,12.5088315565419
54.4458866313646,12.5088378280856
54.4458860037442,12.5088442211949
54.4458853282708,12.508844359343
54.4458853328398,12.508844358395
54.445884018749,12.5088571572625
54.4458814077666,12.5088827531695
54.4458807515549,12.5088891532261
54.4458807399293,12.5088891556383
54.4458788038276,12.5089083490583
54.4458761571531,12.5089339550829
54.4458728814908,12.5089659613245
54.4458679305561,12.5089983126722
54.4458689545949,12.5090106401776
54.4458682778761,12.5090170472731
54.4458676312989,12.5090171794253
54.4458669848624,12.5090235813048
54.4458663000433,12.5090299894142
54.4458656796226,12.5090363852273
54.4458619881132,12.5090622178119
54.4458637642616,12.5090618552996
54.4458610801677,12.509081212803
54.4458590607981,12.5091067071064
54.44585709137,12.5091196511054
54.4458551260719,12.509138863059
54.4458529898003,12.5091643859825
54.4458518282955,12.5091708946864
54.4458505104909,12.5091837078927
54.4458492011687,12.5091965198018
54.4458472215727,12.5092157417592
54.4458490115281,12.5092153763881
54.4458472150973,12.5092220148054
54.4458465343815,12.5092284267864
54.4458459019933,12.5092285559916
54.4458452473403,12.5092349636092
54.4458426078818,12.5092605948171
54.4458412818093,12.509273412917
54.4458044150639,12.5093060368107
54.4458359763069,12.5093246893712
54.4457942573267,12.5093457577841
54.4458340117841,12.5093439144736
54.4458313439069,12.5093695565237
54.4458306959511,12.5093759640215
54.4458306907558,12.5093759650995
54.4458293736896,12.5093887847532
54.4458157397555,12.509397844708
54.445828067416,12.50940160252
54.4458273989868,12.5094080147061
54.4458234130354,12.5094464836008
54.4458214236521,12.5094719960804
54.4458200921194,12.5094785447248
54.4458181052852,12.5094977796236
54.4458180896946,12.5095040595486
54.4457736674142,12.5095194082504
54.4458163591333,12.5095169681089
54.4458157744075,12.5095233633835
54.4458134790543,12.5095426636954
54.4458128199677,12.5095490756003
54.4458121404262,12.5095554918135
54.4458114933536,12.5095619013534
54.4458107734263,12.5095746006876
54.445810148607,12.5095747283129
54.4458094823704,12.5095811420132
54.4458094996085,12.5095811384367
54.4458081561213,12.5095939683
54.4458081671868,12.5095939660042
54.445807458063,12.5096066674285
54.4458068184549,12.5096067981211
54.4458027334148,12.509651578243
54.4458015103752,12.5096581061048
54.4458008638658,12.5096645164108
54.4457996672243,12.509677318173
54.4457981115726,12.5096964709998
54.4457962068154,12.5097094161609
54.4457700975535,12.5097273046857
54.4457928841033,12.5097414894669
54.4457895617625,12.5097735617184
54.4457894855419,12.5097735775317
54.445788333758,12.5097863684068
54.4457875672327,12.5097928043741
54.4457862330348,12.509805634268
54.4457842321606,12.5098248814577
54.4457839248353,12.5098375024521
54.4457829411059,12.5098377035227
54.4457828468446,12.5098440012976
54.4457815978882,12.5098505355626
54.4457796800896,12.5098697916695
54.445779853712,12.5098697566554
54.4457795638135,12.5098760931151
54.4457777185984,12.509889024584
54.4457762704761,12.5099081531476
54.4457756346482,12.509908283044
54.4457729770638,12.509933935147
54.4457596963982,12.50998059058
54.4457675891211,12.5099852568938
54.4457639465593,12.5100236651587
54.4457629184774,12.5100301520885
54.4457622412297,12.5100365691194
54.4457624026967,12.5100428142461
54.4457575398714,12.5100814728328
54.4457555516644,12.5101007122096
54.4457541906287,12.5101135458507
54.4457379249485,12.5101294221348
54.4457528640611,12.5101263723479
54.4457523621293,12.5101327531319
54.4457508559925,12.5101456158788
54.4457508402853,12.5101456191372
54.4457455089632,12.5101969294344
54.4457448309635,12.5102033457254
54.4457448285822,12.5102033462194
54.4457428346236,12.5102225848969
54.4457185728934,12.5102338159637
54.4457421565991,12.5102290011793
54.4457153878662,12.5102470218685
54.4457408149456,12.5102418307449
54.4457361526255,12.5102867271161
54.4457361421845,12.5102867292819
54.4457341483005,12.5103059686706
54.4457334704991,12.5103123857649
54.4457308104965,12.5103380387641
54.4457469654255,12.5103347409712
54.4457268171326,12.5103765201632
54.4457268222223,12.5103765191075
54.4457261428902,12.5103829354842
54.4457234991391,12.5104085856213
54.4457234965346,12.5104085861616
54.445722181725,12.5104214096969
54.4457208370159,12.5104342365815
54.4457182175534,12.5104598822366
54.4457109537699,12.5105304147937
54.4457121403772,12.5105301726851
54.4457096293788,12.5105432407371
54.4457089675133,12.5105496531497
54.4457083108123,12.5105560635404
54.4457082632601,12.5105623505103
54.4457069936346,12.5105688869275
54.4457030534102,12.5106073543522
54.4457011020043,12.5106265839573
54.4456984548572,12.510652229772
54.4456985257139,12.5106584929361
54.4456977913625,12.5106586422367
54.4456977866431,12.5106586432155
54.4456958248034,12.5106778745596
54.4456951664759,12.5106842858797
54.4456951648444,12.5106842862181
54.4456938668819,12.5106971049255
54.4456930763749,12.5107098203863
54.4456925504307,12.5107099274638
54.4456840601873,12.5107932568521
54.4456834213722,12.5107996637764
54.4456834146909,12.5107996651622
54.4456827088153,12.5108123623739
54.4456821052314,12.510812485552
54.4456755377566,12.5108828638222
54.4456723761477,12.5109086149902
54.4456717041486,12.5109150274887
54.44567105994,12.5109214351368
54.4456704214289,12.510927841582
54.4456678227518,12.5109534764058
54.4456646095042,12.5109855121721
54.4456639635071,12.5109919199549
54.44566331021,12.51099832923
54.4456633050927,12.5109983302913
54.4456626276465,12.511011019367
54.4456618888568,12.5110174463084
54.4456581702637,12.5110495837878
54.4456578796613,12.5110559186502
54.445657536224,12.5110559888731
54.4456568803144,12.5110623984723
54.4456556206539,12.5110752068516
54.4456556049194,12.5110752101149
54.4456549874856,12.5110816097992
54.44565302785,12.5111008356559
54.445653038415,12.5111008334647
54.4456523835623,12.5111072426918
54.4456523907499,12.5111072412011
54.4456519492922,12.5111136080894
54.4456153767432,12.5111461775339
54.4456490431395,12.5111393059073
54.445649019435,12.5111393108235
54.4456477761699,12.5111521147474
54.445647136741,12.5111585203673
54.4456471469887,12.511158518242
54.4456466360582,12.511164898196
54.4456452526116,12.5111777300121
54.4456178628108,12.5112021456859
54.4456432551966,12.5112032378233
54.4456421218178,12.5112097437002
54.4456421100544,12.5112097461399
54.4456424094217,12.5112159598834
54.4456414069028,12.511222439584
54.4456396093003,12.5112353549661
54.4456047561127,12.5112487433666
54.44563896795,12.5112417607742
54.4456376489276,12.5112608553351
54.4456358344246,12.5112737739701
54.4456362740483,12.5112799594245
54.44563458941,12.5112865773623
54.4456068194569,12.5113487145731
54.445628962762,12.5113441947469
54.4456272677702,12.5113633643662
54.4456270982296,12.5113633985208
54.4456264585819,12.5113698025663
54.4456258449624,12.5113762021291
54.4456263253916,12.5113761045062
54.4456245940607,12.5113890070383
54.4456208567299,12.5114274143799
54.4456206944604,12.5114337222509
54.4456194761691,12.5114465191216
54.445618819643,12.511452927355
54.4456177410965,12.5114594201437
54.4456171266461,12.5114658196144
54.445616986141,12.511472123725
54.4456165057769,12.5114722213326
54.4456107913318,12.5115361248918
54.4456107767908,12.5115361279073
54.4456096572222,12.5115426299041
54.445609010453,12.5115490358457
54.4456083073953,12.5115617272354
54.4456077653201,12.5115618376391
54.4456081149514,12.5115680399139
54.4456062154763,12.5115809752905
54.4456039448345,12.5116065329973
54.445602780743,12.5116130440991
54.4455726411852,12.5116254693671
54.4455556366161,12.5116603074006
54.4455978205056,12.5116642453319
54.4455957152278,12.5116897688375
54.4455946974958,12.511696250324
54.4455946800376,12.5116962539444
54.4455681580959,12.511707939856
54.4455919965881,12.5117281666022
54.4455890753526,12.5117538556816
54.4455883082778,12.5117665593263
54.4455878478454,12.5117666527958
54.4455867598267,12.5117856951718
54.4455853306266,12.5117922598147
54.445585748345,12.5117921741975
54.4455834749383,12.5118114581901
54.4455838657245,12.5118113781582
54.4455820215677,12.5118305750178
54.4455809172768,12.5118433462302
54.4455801446676,12.5118497775325
54.445579547752,12.5118561714526
54.4455235241834,12.5118864231159
54.445576594933,12.5118818659139
54.4455764119988,12.5118881768627
54.4455759598425,12.5118945416144
54.4455751793858,12.5119009744313
54.4455740919588,12.5119074688785
54.4455694966275,12.5119585882048
54.4455684498071,12.5119650741072
54.4455671936482,12.5119778762931
54.4455650307053,12.5120034089314
54.4455634084804,12.5120162857945
54.4455615252861,12.5120354884166
54.4455615686654,12.5120354794213
54.4455602719194,12.5120482896631
54.4455600387335,12.512054609675
54.4455599195799,12.5120546343831
54.4455583755307,12.5120674948205
54.4455564829254,12.5120866981389
54.4455507980255,12.5121443116449
54.4455488893407,12.5121635169558
54.4455463464073,12.5121891258312
54.4455457222429,12.5121955256173
54.4455450883531,12.5122019274066
54.4455444455453,12.5122083310315
54.4455438152028,12.5122147311237
54.4455425484266,12.5122275343989
54.4455399985005,12.5122531441801
54.4455380626549,12.5122723562233
54.4455381053233,12.5122723473758
54.4455375261996,12.512278737644
54.4455367904996,12.5122851603654
54.4455326564088,12.5123299093912
54.4455298278651,12.5123555741662
54.4455291153532,12.5123619919077
54.4455261471414,12.5123939562907
54.445525954037,12.5123939953259
54.4455239709983,12.5124132152685
54.4455239249777,12.512419481421
54.4455235410787,12.5124195600182
54.4455225669707,12.512432304617
54.4455189254516,12.5124644115114
54.4455194014497,12.5124643148234
54.4455176196842,12.5124772236549
54.4455172965799,12.5124835623265
54.4454885956957,12.5125019652833
54.4455139220499,12.5125156151917
54.44551199144,12.5125348262003
54.4455118228762,12.5125348611521
54.4455128029899,12.5125346609422
54.4455103402495,12.512547709493
54.4455106062129,12.5125476553512
54.4455103748935,12.5125477023096
54.4455101270525,12.5125540261755
54.4455090380919,12.5125605204042
54.445508028938,12.5125732705495
54.4455063977337,12.5125861485139
54.445505069275,12.5125989627535
54.4455036998347,12.5126117872691
54.4455037077817,12.5126117856214
54.4455023871422,12.5126245999257
54.4455010747683,12.5126374124213
54.4455003893942,12.5126438246848
54.4454997140981,12.5126502348339
54.4454980032633,12.5126693998772
54.4454977290727,12.512669455724
54.4454635151491,12.5126952533265
54.4454660367525,12.5127135553188
54.445493360725,12.5127142522001
54.4454933399638,12.5127142565049
54.4454926554317,12.5127206682796
54.4454910894296,12.5127335315731
54.4454914019153,12.5127334677864
54.4454893448722,12.5127527034833
54.4454890959556,12.5127527540891
54.4454884131449,12.5127591653343
54.4454884240459,12.512759163074
54.4454877681283,12.5127655687133
54.4454850950597,12.51279120121
54.4454839807953,12.5128039712579
54.4454837554357,12.512804016979
54.4454813207648,12.5128295984289
54.4454810910146,12.5128296450603
54.4454804655436,12.5128360440411
54.4454784411571,12.5128552714657
54.4454770721941,12.5128680935965
54.4454757576057,12.5128809043778
54.4454757479919,12.5128809063712
54.445474654788,12.5128936711201
54.4454717326493,12.5129193525235
54.4454712897152,12.5129257141761
54.4454712586783,12.5129257206114
54.4454704119496,12.5129321630048
54.4454677181501,12.5129577962551
54.4454677059004,12.512957798795
54.4454407460894,12.5129883832985
54.4454640876238,12.5129961609488
54.4454623629673,12.5130090541992
54.4454614253867,12.513021785176
54.4454603482392,12.5130282738308
54.4454596776899,12.5130346810152
54.445459251268,12.5130410385475
54.4454590010359,12.5130410894246
54.4454578506777,12.5130538651189
54.4454576812554,12.5130538992409
54.4454556780161,12.5130731184338
54.445454994501,12.5130795280172
54.4454489815976,12.5131371835821
54.4454489728673,12.5131371853922
54.4454476416775,12.5131499962228
54.4454469758108,12.5131564006943
54.4454456247248,12.5131692153841
54.4454443621315,12.5131820115469
54.4454443017519,12.5131820240658
54.4454442999558,12.5131820244382
54.4454436206942,12.5131884323969
54.4454436302541,12.5131884304148
54.4454429494253,12.5131948386531
54.4454430689024,12.5131948148869
54.4454422868774,12.5132012430557
54.4454409479595,12.5132140545897
54.4454409463653,12.5132140549202
54.4454397994699,12.513226827463
54.4454396137184,12.5132268649703
54.4454382757935,12.5132396741295
54.4454376137962,12.5132460771616
54.4454377227636,12.5132460555745
54.4454362686207,12.513258889345
54.4454362781417,12.5132588873709
54.4454362784991,12.5132588872968
54.4454358165505,12.5132652515846
54.4454358758322,12.5132652392934
54.4454350695711,12.5132716729829
54.4454342602397,12.5132781062562
54.4454330397139,12.5132908911901
54.4454315883346,12.5133037247318
54.4454316358206,12.5133037148862
54.4454302554068,12.513316533523
54.4454290306716,12.51332931969
54.4454289217641,12.5133293422704
54.4454289226133,12.5133293420943
54.4454282648381,12.5133357445201
54.4454279114763,12.5133420838539
54.4454271059531,12.51334851775
54.445426255284,12.5133549590186
54.4454255894431,12.5133613629227
54.4454249392338,12.5133677635372
54.4454249199086,12.513367767544
54.4454249171514,12.5133677681157
54.4454235914243,12.5133805735119
54.4454236988059,12.5133805512479
54.4454229686984,12.5133869682815
54.4454229277215,12.5133869767775
54.4454215869151,12.5133997868734
54.4454209442798,12.5134061856236
54.4454210086085,12.513406172286
54.4454209343886,12.5134061876744
54.4454202618873,12.5134125925676
54.4454189291294,12.5134253987987
54.4454189583363,12.5134253927431
54.4454182743157,12.5134317998765
54.4454175921584,12.5134382065742
54.4454169547689,12.5134446039403
54.4453982863553,12.5134609456423
54.4454157894,12.5134573749778
54.4454136282468,12.5134766161644
54.4454123023686,12.5134894208452
54.4454116468875,12.513495822498
54.4454110834843,12.5135022040765
54.4454109369203,12.5135022344644
54.4454103905836,12.5135086124544
54.4454097151039,12.513515016237
54.4454097105934,12.5135150171722
54.4454096533752,12.5135150290356
54.4454090262403,12.5135214236781
54.445407659221,12.5135342361904
54.4454063355421,12.513547039517
54.445405677078,12.5135534404055
54.4453648210197,12.5135680428724
54.4454050436195,12.5135598360595
54.4454037242677,12.5135726380894
54.4454017120827,12.5135918476348
54.4454017183021,12.5135918463453
54.4454017245647,12.5135918450468
54.4454010565193,12.5135982476404
54.4453997292147,12.5136110497875
54.4453990728385,12.5136174497446
54.4453984157276,12.5136238507377
54.445398427771,12.5136238482407
54.4453977537091,12.5136302517652
54.4453978016118,12.5136302418333
54.445397740763,12.5136302544494
54.4453964301644,12.5136430526362
54.4453951267425,12.5136558500703
54.4453944430314,12.513662255348
54.445393787676,12.5136686546972
54.4453925583852,12.5136814345001
54.4453911685853,12.5136942492524
54.4453903204616,12.513700704572
54.445390237165,12.5137007218423
54.4453896471755,12.5137071071904
54.445388995857,12.5137135042715
54.4453883514877,12.5137198998627
54.4453870974837,12.5137326836972
54.4453864317757,12.5137390826341
54.4453863879462,12.5137390917215
54.445387704338,12.5137388228088
54.4453857927712,12.5137454769196
54.4453858095244,12.5137454734461
54.4453809800222,12.5137527224464
54.4453851555235,12.5137518707934
54.4453831913675,12.5137710630002
54.4453833100952,12.5137710383836
54.4453806602542,12.513796633839
54.4453793114937,12.5138094362046
54.4453794411931,12.5138094093131
54.4453774574123,12.5138286043714
54.4453755148795,12.5138477904909
54.4453734551825,12.5138669995937
54.4453721608592,12.51387978974
54.4453709201637,12.5138925667416
54.4453710418368,12.513892541514
54.4453698174774,12.5138990541125
54.4453690179114,12.5139117432939
54.4453682516456,12.5139181618022
54.4453659413051,12.5139374215078
54.445364066214,12.5139565917123
54.4453633913057,12.5139629910963
54.4453621690661,12.5139757651741
54.4453625773492,12.513975681526
54.4453624564309,12.5139757065973
54.4453627144787,12.5139756540992
54.4453596557279,12.5140013272012
54.4453590852165,12.5140077056367
54.4453577459148,12.5140205035236
54.4453387515096,12.5140306415687
54.4453557966527,12.5140396877445
54.4453538754466,12.5140588658787
54.4453513109976,12.5140844369132
54.4453481362231,12.5141163909194
54.4453498685744,12.5141160377604
54.4453474372133,12.5141227954852
54.4453475078543,12.5141227808382
54.4453027078147,12.5141507079185
54.4453181200118,12.5141538241109
54.4453449330402,12.5141483530616
54.4453449742786,12.514148344511
54.445343641004,12.5141611399593
54.4453436270914,12.514161142844
54.445342386137,12.5141739190623
54.4453411416433,12.5141866949973
54.4453398383994,12.5141994848983
54.4453379799534,12.514218648214
54.4453372924667,12.514225049117
54.4453372759099,12.51422505255
54.4453360042439,12.5142378347482
54.4453315511202,12.5142825724095
54.4453302537987,12.5142953596512
54.4453296700304,12.5143017397969
54.4453277472275,12.5143209129907
54.4453277340369,12.5143209157257
54.4453245401934,12.514352874065
54.4453220006491,12.514378435669
54.4453213451161,12.5143848305645
54.4453194304455,12.5144040044425
54.4453188164735,12.5144103906942
54.4453181438849,12.5144167881621
54.4453181616566,12.5144167844771
54.4453175373066,12.5144231738028
54.445316229883,12.514435962752
54.4453162280964,12.5144359631225
54.4453149549933,12.5144487449399
54.4453124290052,12.5144743034169
54.4453086328083,12.5145126440665
54.4453079446081,12.5145190456721
54.4453065092469,12.5145318582428
54.4453060470111,12.5145382140042
54.4453046128171,12.5145510272797
54.4453047143879,12.514551007224
54.4452577793729,12.5145668455933
54.4453040923059,12.5145573951336
54.4453034003411,12.5145637975377
54.4453021444949,12.514576576732
54.445300283313,12.5145957385454
54.4453002402579,12.5145957474733
54.4452982988015,12.5146149269185
54.4452626470766,12.514628462948
54.4452977622655,12.5146212971433
54.4452971209634,12.5146276890998
54.4452964326685,12.5146340908084
54.4452965071353,12.514634075367
54.4452937935856,12.5146596740693
54.4452932627495,12.5146660431717
54.4452932310465,12.5146660497457
54.4452920232604,12.5146788174096
54.4452912232449,12.5146852423602
54.4452893426037,12.5147044105074
54.4452880036892,12.514717205435
54.4452880482647,12.5147171961917
54.4452757283099,12.5147259717972
54.4452874393249,12.5147235815917
54.4452847882589,12.5147491661066
54.4452501323329,12.5147624990296
54.4452835018411,12.5147619512705
54.4452835908563,12.514761932812
54.4452795693243,12.5148003223245
54.4452795991982,12.5148003161297
54.4452789305998,12.5148067131628
54.445278298264,12.5148131036262
54.445277650923,12.5148194972187
54.4452737426563,12.5148578642506
54.4452724090853,12.5148706587752
54.4452698050384,12.5148962369958
54.4452678518089,12.5149154209232
54.445267183086,12.5149218192686
54.4452665495456,12.5149282103405
54.4452652532361,12.5149409976805
54.4452645984654,12.5149473932232
54.4452632782209,12.5149601865982
54.4452626143932,12.5149665822241
54.4452619589267,12.5149729780056
54.4452619215759,12.514972985751
54.4452595266167,12.514998512105
54.4452595204224,12.5149985133895
54.4452581988499,12.5150113089897
54.4452568624614,12.5150241077641
54.4452568342029,12.5150241136241
54.4452555269097,12.5150369055342
54.4452555657119,12.5150368984935
54.4452087933722,12.5150589697982
54.4452527863539,12.5150625177188
54.4452521118393,12.5150689195421
54.4452514253132,12.5150753220162
54.4452501696819,12.5150881045581
54.4452481247206,12.5151073120593
54.4452460804327,12.5151265187221
54.4452461118979,12.5151265121971
54.4452447447599,12.5151393192118
54.4452434339684,12.5151521137132
54.4452427335684,12.5151585203358
54.4452426839368,12.5151585306281
54.4452446416827,12.5151581306783
54.4452420525931,12.5151649220234
54.4452414054669,12.5151838437525
54.4452393884761,12.5151905185036
54.4452379313887,12.5152033437614
54.4452373598718,12.5152097238663
54.4452360030915,12.5152225285503
54.4452353267997,12.5152289304612
54.4452346035683,12.5152353421323
54.4452319313964,12.5152609423658
54.445230578522,12.51527374752
54.4452264689882,12.5153121704306
54.4452244533393,12.5153313745893
54.4452237399614,12.515337784632
54.4452210343415,12.5153633943899
54.4452211085061,12.5153633790099
54.4452204239238,12.515369783209
54.4452203443781,12.5153697997049
54.4452183164482,12.5153890071009
54.4452183656634,12.5153889968948
54.4452172317443,12.5154017550109
54.4452129476442,12.5154402171114
54.4452122620217,12.5154466218281
54.4452102115363,12.5154658348032
54.4452102501324,12.5154658267992
54.4452075359692,12.5154914394004
54.4452068043429,12.5154978538537
54.4452061744034,12.5155042481769
54.4451953840648,12.5155127154478
54.4452046896921,12.5155170806489
54.4452041980488,12.515523445504
54.445204076562,12.5155234706978
54.4452020393132,12.5155426818019
54.4452020058389,12.515542687738
54.4452000113405,12.5155618911958
54.4452000074671,12.5155618909933
54.4451986074693,12.515574707331
54.4451980339109,12.5155810903848
54.4451965613005,12.5155939209147
54.4451945594807,12.5156131235771
54.4451932115491,12.5156259285531
54.4451925233212,12.5156323344994
54.4451918186664,12.5156387438748
54.4451897340641,12.5156579660464
54.4451891717855,12.5156643459852
54.445187087355,12.5156835683868
54.4451864507766,12.5156899638216
54.4451858587342,12.515696351048
54.4451850148634,12.5157027885087
54.4451823936252,12.5157283861734
54.445174899972,12.5157988397671
54.4451715418153,12.5158308534983
54.4451695357887,12.5158500603198
54.4451688311902,12.515856470393
54.4451675993723,12.515869254745
54.4451674269234,12.5158692905076
54.4451654261328,12.5158884965861
54.4451640856624,12.5159013027246
54.4451627676383,12.5159141042816
54.4451594123004,12.5159461210583
54.445156761204,12.5159717278641
54.4451560117733,12.5159781456407
54.4451560436866,12.5159781390224
54.4451554572717,12.5159845259546
54.4451547914345,12.5159909283688
54.4451543065294,12.5159910269175
54.4451539162828,12.5159973741355
54.4451538529227,12.5159973872751
54.4451506429969,12.5160293740148
54.4451480032986,12.5160549774616
54.4451473142517,12.5160613848694
54.445144518374,12.5160870228886
54.4451399418128,12.5161318235632
54.4451379400312,12.5161510328248
54.4451365642853,12.5161638466149
54.4451352595388,12.5161766467437
54.4451345247103,12.5161830639289
54.4451339106986,12.5161894560729
54.4451326268212,12.5162022510518
54.4451307713755,12.5162214323684
54.4451292443934,12.5162342778258
54.4451279947402,12.5162470658953
54.4451278552521,12.5162470948226
54.4451272272911,12.5162534899938
54.4451237975159,12.5162855266633
54.4451225412568,12.5162983159078
54.445121922209,12.5163047101354
54.4451199756004,12.5163239084361
54.4451187132884,12.5163366990842
54.4451186633109,12.5163367094486
54.4451173219603,12.5163495174703
54.4451173807248,12.5163495052836
54.4451161095903,12.5163622997258
54.4451147991842,12.5163751004935
54.4451134631716,12.5163879065472
54.4451096212743,12.5164262935564
54.4451089441035,12.5164326990755
54.4451084168142,12.5164390745295
54.4451058532935,12.5164646647261
54.4451052462829,12.5164710549038
54.4451039223737,12.516483858867
54.4451025356921,12.5164966768324
54.4451020161718,12.5165030497851
54.4450991302761,12.5165287082304
54.4450987678939,12.5165350496584
54.445062365501,12.5165487464466
54.4450969168673,12.5165542294076
54.4450962213769,12.516560638022
54.4450962626104,12.5165606294709
54.4450955080903,12.5165670512717
54.4450930130178,12.516592631059
54.4450923350136,12.5165990361144
54.4450904097885,12.5166182315879
54.4450840512027,12.5166822040786
54.4450840477857,12.5166822047872
54.4450808567259,12.5167141915587
54.4450801736179,12.5167205988168
54.4450786820587,12.5167334383543
54.4450393198505,12.5167728098833
54.4450758236745,12.5167653603835
54.445028417299,12.5167875710603
54.445071982047,12.5168037513268
54.4450713150806,12.5168101553921
54.4450675120624,12.5168485369332
54.4450655578295,12.5168677397176
54.4450650452017,12.5168741118871
54.4450632433651,12.5168932842071
54.4450612414727,12.5169124933029
54.4450581596284,12.516944462224
54.4450538435996,12.5169892194892
54.4450524966431,12.5170020309828
54.4450518858566,12.5170084237459
54.4450066298407,12.5170427326722
54.4450480304037,12.5170468192492
54.4450474408917,12.5170532076814
54.445045478696,12.5170724132087
54.4450456097286,12.5170723860353
54.4450417696092,12.5171107799315
54.4450404372269,12.5171235859732
54.4450386155389,12.5171427618194
54.4449989645658,12.5171696609119
54.4450361333443,12.5171683430104
54.4450355611322,12.5171747290868
54.4450346042364,12.5171811920052
54.4450342551511,12.5171875308287
54.4450341204889,12.5171875587546
54.4450342062271,12.5171875409744
54.4450311247909,12.5172195124026
54.4450309922642,12.5172195398857
54.4450285402576,12.5172451144727
54.4450278836505,12.5172515171935
54.445027262371,12.5172579126008
54.4450254242147,12.5172770926389
54.4450242292761,12.5172898746261
54.4450223165411,12.5173090703216
54.445019299027,12.5173410277628
54.4450179197845,12.5173538472957
54.4450173039975,12.5173602417704
54.4450165904314,12.5173666556016
54.4450128525995,12.5174050318157
54.4450116006202,12.5174178252239
54.4450109512755,12.5174242267916
54.4450099043298,12.517430709748
54.4450095062103,12.5174370602507
54.4450096304456,12.5174370344873
54.4450089090752,12.5174434500985
54.4450069894336,12.517462649119
54.4450059604616,12.5174691285023
54.4449829833935,12.5175427823908
54.4449981195795,12.5175522286651
54.4449974560364,12.5175586331372
54.4449961359696,12.5175714407383
54.4449908228968,12.5176226772553
54.4449876480655,12.5176546700292
54.4449870788692,12.517661057119
54.4449869081104,12.517661091524
54.4449864372168,12.5176674553711
54.444980651223,12.5177250601447
54.4449533232034,12.5177619844858
54.4449735991165,12.5177954610547
54.4449708305919,12.5178211052467
54.4449701528207,12.5178275123571
54.4449700687916,12.5178275297823
54.4449694008725,12.5178339358739
54.4449694451675,12.5178339266884
54.4449681903204,12.5178467221325
54.4449663068897,12.5178659147466
54.4449650267934,12.5178787165499
54.4449650741421,12.5178787077369
54.4449585064967,12.5179427460389
54.4449563017927,12.5179620060801
54.4449558723829,12.5179683641254
54.4449552334649,12.5179747646306
54.4449523833667,12.5180004241009
54.4449521697098,12.5180067375277
54.4449512012236,12.5180132054912
54.4449504333949,12.5180196328709
54.444948777157,12.5180387819207
54.4449479893839,12.518045212513
54.4449472801838,12.5180516278383
54.4449446179614,12.5180772531458
54.4449446423156,12.5180772480955
54.4449425915194,12.5180964785205
54.4449061863759,12.5181352595799
54.4449359887642,12.5181605310705
54.4449358918216,12.5181605511731
54.4449343811033,12.5181734007406
54.4449043661949,12.5181857969248
54.4449323759218,12.5181926226593
54.4449304783134,12.5182118196605
54.4449277906632,12.5182374532923
54.4449271771125,12.5182438494179
54.4449224982599,12.5182887006489
54.4449195134786,12.5183206661394
54.4449168006717,12.5183463045618
54.4449156024073,12.518359092508
54.444915110007,12.5183654649191
54.4449137284356,12.5183782900671
54.4449119281746,12.5183974705883
54.4449111351905,12.5184039044473
54.4449084434857,12.5184295376326
54.4449078339723,12.5184359326148
54.4449070415758,12.5184423664741
54.4449058005383,12.5184551639064
54.4449007194246,12.5185001033195
54.4449005431772,12.5185064106193
54.4448968147956,12.5185385317514
54.4448930341688,12.5185769342187
54.4448883276327,12.518621800357
54.4448877641345,12.5186281873029
54.4448738246418,12.518643574874
54.4448816855696,12.518685876611
54.4448810950479,12.5186922703345
54.4448802242701,12.5186987201745
54.4448783472078,12.5187179194117
54.4448749346971,12.5187499789084
54.4448737034548,12.5187627750752
54.44487234736,12.5187755971878
54.4448716676222,12.5187820086157
54.4448669655982,12.5188268773944
54.44486008803,12.5188345529271
54.4448628137073,12.518865358808
54.444862151352,12.5188717667423
54.4448601143037,12.5188909999702
54.4448565293421,12.5189293673727
54.4448520805507,12.5189679131531
54.4448514565208,12.5189743132979
54.4448515136321,12.5189743014562
54.4448492701142,12.5189935779462
54.4448431965072,12.5190512746551
54.4448425980272,12.5190576695897
54.4448445208983,12.5190572769312
54.4448326695428,12.5190722389233
54.4447988717617,12.5190979535964
54.4448386319375,12.5190961142893
54.4448380404014,12.5191025078147
54.4448366918278,12.5191153291905
54.4447998469029,12.5191291198461
54.4448359150037,12.5191217601373
54.4448351036861,12.5191281992441
54.4447868899351,12.5192321316552
54.4447806415753,12.5192961341252
54.4447623210325,12.5194566958173
54.444753438892,12.5195400488366
54.444753867373,12.5195462354703
54.4447517406886,12.5195592132864
54.4447514696377,12.5195655418906
54.4447511393709,12.5195718817483
54.4447504996197,12.5195720123749
54.4447489036726,12.5195786095956
54.444745865904,12.5196168641755
54.444745412961,12.5196232293091
54.4447434801788,12.5196424405591
54.4447411048516,12.5196680134947
54.4447383463387,12.5196811213671
54.4447391187523,12.5196809642438
54.4447367098696,12.5197190854689
54.444733198608,12.5197386169004
54.4447336784581,12.5197385194277
54.4447322199422,12.519745087618
54.4447312627327,12.5197515547934
54.4447336447185,12.5197510689991
54.4447280461509,12.519783570886
54.4447281203759,12.5197898270639
54.4447242642263,12.5198219718273
54.4447239053712,12.5198283165987
54.444726136631,12.5198278610516
54.4447226311244,12.5198348481002
54.44472365998,12.5198346378141
54.4447225945848,12.5198411269891
54.4447214107498,12.5198476396801
54.444720485927,12.5198603708574
54.4447174627573,12.5198860721414
54.4447199265025,12.5198918413766
54.4447169991315,12.5199049812549
54.4447171805121,12.5199174855451
54.4447163407837,12.5199176566197
54.4446884200211,12.5199296244604
54.4447154795389,12.5199241030103
54.4447118550212,12.5199561952131
54.4447071038111,12.5199885178572
54.4447099955958,12.5199879283959
54.4447079087919,12.5199946244092
